mc	mn	onset	duration	gracenote	nominal_duration	scalar	tied	tpc	midi	staff	voice	volta
1	0	15/32	1/32		1/32	1		3	69	1	1	
2	1	0	1/8		1/8	1		2	74	1	1	
2	1	1/8	3/32		1/16	3/2		2	62	2	2	
2	1	1/8	3/32		1/16	3/2		6	66	2	1	
2	1	1/8	3/32		1/16	3/2	1	2	74	1	1	
2	1	7/32	1/32		1/32	1		4	64	2	2	
2	1	7/32	1/32		1/32	1		1	67	2	1	
2	1	7/32	1/32		1/32	1	0	2	74	1	1	
2	1	1/4	0	appoggiatura	1/8	1		1	67	2	1	
2	1	1/4	0	appoggiatura	1/8	1		4	64	2	2	
2	1	1/4	1/8		1/8	1		6	66	2	2	
2	1	1/4	1/8		1/8	1		3	69	2	1	
2	1	1/4	1/8		1/8	1	-1	2	74	1	1	
2	1	3/8	1/32		1/32	1		3	81	1	1	
2	1	13/32	1/32		1/32	1		1	79	1	1	
2	1	7/16	1/32		1/32	1		6	78	1	1	
2	1	15/32	1/32		1/32	1		4	76	1	1	
3	2	0	1/8		1/8	1		2	74	1	1	
3	2	1/8	3/32		1/16	3/2		1	67	2	2	
3	2	1/8	3/32		1/16	3/2		5	71	2	1	
3	2	1/8	3/32		1/16	3/2	1	2	74	1	1	
3	2	7/32	1/32		1/32	1		4	64	2	2	
3	2	7/32	1/32		1/32	1		1	67	2	1	
3	2	7/32	1/32		1/32	1	0	2	74	1	1	
3	2	1/4	1/8		1/8	1		6	66	2	2	
3	2	1/4	1/8		1/8	1		3	69	2	1	
3	2	1/4	3/32		1/16	3/2	-1	2	74	1	1	
3	2	11/32	1/32		1/32	1		9	75	1	1	
3	2	3/8	1/32		1/32	1		4	76	1	1	
3	2	13/32	1/32		1/32	1		6	78	1	1	
3	2	7/16	1/32		1/32	1		1	79	1	1	
3	2	15/32	1/32		1/32	1		3	81	1	1	
4	3	0	3/32		1/16	3/2		5	83	1	1	
4	3	3/32	1/32		1/32	1		1	79	1	1	
4	3	1/8	1/8		1/8	1		1	67	2	2	
4	3	1/8	3/32		1/16	3/2		5	71	2	1	
4	3	1/8	1/4		1/4	1		6	78	1	1	
4	3	7/32	1/32		1/32	1		4	76	2	1	
4	3	1/4	1/8		1/8	1		3	69	2	2	
4	3	1/4	1/8		1/8	1		2	74	2	1	
4	3	3/8	1/8		1/8	1		10	70	2	2	
4	3	3/8	1/8		1/8	1		7	73	2	1	
4	3	3/8	1/8		1/8	1		4	76	1	1	
5	4	0	1/4		1/4	1		4	76	1	1	
5	4	1/8	1/8		1/8	1		10	70	2	2	
5	4	1/8	1/8		1/8	1		7	73	2	1	
5	4	1/4	3/32		1/16	3/2		5	59	2	2	
5	4	1/4	1/8		1/8	1		5	71	2	1	
5	4	1/4	1/8		1/8	1		2	74	1	1	
5	4	11/32	1/32		1/32	1		5	71	2	2	
5	4	3/8	3/32		1/16	3/2		3	69	2	2	
5	4	3/8	1/8		1/8	1	1	9	75	1	1	
5	4	15/32	1/32		1/32	1		1	67	2	2	
5	4	15/32	1/32		1/32	1		5	71	2	1	
6	5	0	1/8		1/8	1		6	66	2	2	
6	5	0	1/8		1/8	1		3	69	2	1	
6	5	0	1/16		1/16	1	-1	9	75	1	1	
6	5	1/16	1/8		1/8	1		9	75	1	1	
6	5	1/8	1/8		1/8	1		6	66	2	2	
6	5	1/8	1/8		1/8	1		0	72	2	1	
6	5	3/16	1/16		1/16	1		9	75	1	1	
6	5	1/4	3/16		1/8	3/2		1	67	2	2	
6	5	1/4	1/16		1/16	1		5	71	2	1	
6	5	1/4	1/32		1/32	1		4	76	1	1	
6	5	9/32	1/32		1/32	1		6	78	1	1	
6	5	5/16	1/8		1/8	1		4	76	2	1	
6	5	5/16	1/32		1/32	1		1	79	1	1	
6	5	11/32	1/32		1/32	1		3	81	1	1	
6	5	3/8	1/32		1/32	1		5	83	1	1	
6	5	13/32	1/32		1/32	1		1	79	1	1	
6	5	7/16	1/16		1/16	1		3	69	2	2	
6	5	7/16	1/32		1/32	1		2	74	2	1	
6	5	7/16	1/32		1/32	1		6	78	1	1	
6	5	15/32	1/32		1/32	1		7	73	2	1	
6	5	15/32	1/32		1/32	1		4	76	1	1	
7	6	0	0	grace32	1/32	1		1	79	1	1	
7	6	0	1/8		1/8	1		2	62	2	2	
7	6	0	1/8		1/8	1		2	74	2	1	
7	6	0	1/16		1/16	1		6	78	1	1	
7	6	1/16	1/32		1/32	1		5	83	1	1	
7	6	3/32	1/32		1/32	1		3	81	1	1	
7	6	1/8	1/8		1/8	1		6	54	2	2	
7	6	1/8	1/8		1/8	1		2	62	2	1	
7	6	1/8	1/32		1/32	1		3	69	1	1	
7	6	5/32	1/32		1/32	1		3	69	1	1	
7	6	3/16	1/32		1/32	1		5	71	1	1	
7	6	7/32	1/32		1/32	1		0	72	1	1	
7	6	1/4	1/8		1/8	1		1	55	2	2	
7	6	1/4	1/4		1/4	1	1	2	62	2	1	
7	6	1/4	3/32		1/16	3/2		5	71	1	1	
7	6	11/32	1/32		1/32	1		7	73	1	1	
7	6	3/8	0	grace16	1/16	1		4	76	1	1	
7	6	3/8	1/8		1/8	1		6	54	2	2	
7	6	3/8	1/16		1/16	1		2	74	1	1	
7	6	7/16	1/32		1/32	1		7	73	1	1	
7	6	15/32	1/32		1/32	1		5	71	1	1	
8	7	0	0	grace4	1/4	1		3	69	1	1	
8	7	0	1/4		1/4	1		4	52	2	2	
8	7	0	1/8		1/8	1	-1	2	62	2	1	
8	7	0	1/2		1/2	1		1	67	1	1	
8	7	1/8	1/4		1/4	1		2	62	2	1	
8	7	1/4	1/4		1/4	1		3	57	2	2	
8	7	3/8	1/8		1/8	1		7	61	2	1	
9	8	0	3/32		1/16	3/2		2	50	2	1	
9	8	0	3/32		1/16	3/2		2	62	1	2	
9	8	0	3/32		1/16	3/2		6	66	1	1	
9	8	3/32	1/32		1/32	1		2	62	2	1	
9	8	3/32	1/32		1/32	1		6	66	1	2	
9	8	3/32	1/32		1/32	1		3	69	1	1	
9	8	1/8	1/8		1/8	1		2	62	2	1	
9	8	1/8	1/24		1/16	2/3		1	67	1	1	
9	8	1/8	1/24		1/16	2/3		5	71	1	1	
9	8	1/6	1/24		1/16	2/3		1	79	1	1	
9	8	5/24	1/24		1/16	2/3		4	64	1	1	
9	8	5/24	1/24		1/16	2/3		7	73	1	1	
9	8	1/4	0	grace16	1/16	1		7	73	1	1	
9	8	1/4	3/32		1/16	3/2		2	62	2	2	
9	8	1/4	3/32		1/16	3/2		6	66	1	1	
9	8	1/4	3/32		1/16	3/2		2	74	1	1	
9	8	11/32	1/32		1/32	1		2	50	2	2	
9	8	11/32	1/32		1/32	1		6	54	1	1	
9	8	11/32	1/32		1/32	1		3	57	1	1	
9	8	3/8	1/8		1/8	1	1	2	50	2	2	
9	8	3/8	1/24		1/16	2/3		1	55	1	1	
9	8	3/8	1/24		1/16	2/3		5	59	1	1	
9	8	5/12	1/24		1/16	2/3		1	67	1	1	
9	8	11/24	1/24		1/16	2/3		4	52	1	1	
9	8	11/24	1/24		1/16	2/3		7	61	1	1	
10	9	0	1/8		1/8	1	-1	2	50	2	2	
10	9	0	1/8		1/8	1		6	54	2	1	
10	9	0	1/8		1/8	1		2	62	1	1	
10	9	1/8	1/8		1/8	1		6	78	1	1	
10	9	1/4	0	grace16	1/16	1		4	76	1	1	
10	9	1/4	1/8		1/8	1		2	74	1	1	
10	9	3/8	0	grace16	1/16	1		7	73	1	1	
10	9	3/8	1/8		1/8	1		5	71	1	1	
11	10	0	0	grace16	1/16	1		6	78	1	1	
11	10	0	1/4		1/4	1		3	69	1	1	
11	10	1/8	1/8		1/8	1		6	66	2	1	
11	10	1/4	0	grace16	1/16	1		4	64	2	1	
11	10	1/4	1/8		1/8	1		2	62	2	1	
11	10	1/4	3/16		1/8	3/2		8	68	1	1	
11	10	3/8	0	grace16	1/16	1		7	61	2	1	
11	10	3/8	1/8		1/8	1		5	59	2	1	
11	10	7/16	1/16		1/16	1		3	69	1	1	
12	11	0	0	grace16	1/16	1		6	66	2	1	
12	11	0	1/8		1/8	1		3	57	2	1	
12	11	0	1/32		1/32	1		5	71	1	1	
12	11	1/32	1/32		1/32	1		5	71	1	1	
12	11	1/16	1/32		1/32	1		7	73	1	1	
12	11	3/32	1/32		1/32	1		2	74	1	1	
12	11	1/8	3/32		1/16	3/2		8	56	2	1	
12	11	1/8	1/32		1/32	1		4	64	1	1	
12	11	5/32	1/32		1/32	1		4	76	1	1	
12	11	3/16	1/32		1/32	1		7	73	1	1	
12	11	7/32	1/32		1/32	1		3	57	2	1	
12	11	7/32	1/32		1/32	1		3	69	1	1	
12	11	1/4	1/32		1/32	1		5	59	2	1	
12	11	1/4	1/8		1/8	1		3	69	1	1	
12	11	9/32	1/32		1/32	1		5	59	2	1	
12	11	5/16	1/32		1/32	1		7	61	2	1	
12	11	11/32	1/32		1/32	1		2	62	2	1	
12	11	3/8	1/32		1/32	1		4	52	2	1	
12	11	3/8	3/32		1/16	3/2		8	68	1	1	
12	11	13/32	1/32		1/32	1		4	64	2	1	
12	11	7/16	1/32		1/32	1		7	61	2	1	
12	11	15/32	1/32		1/32	1		3	57	2	1	
12	11	15/32	1/32		1/32	1		3	69	1	1	
13	12	0	1/8		1/8	1		8	56	2	1	
13	12	0	1/32		1/32	1		5	71	1	1	
13	12	1/32	1/32		1/32	1		5	71	1	1	
13	12	1/16	1/32		1/32	1		7	73	1	1	
13	12	3/32	1/32		1/32	1		2	74	1	1	
13	12	1/8	1/8		1/8	1		3	57	2	1	
13	12	1/8	1/8		1/8	1		4	64	1	2	
13	12	5/32	1/32		1/32	1		7	73	1	1	
13	12	3/16	1/32		1/32	1		4	76	1	1	
13	12	7/32	1/32		1/32	1		1	79	1	1	
13	12	1/4	1/4		1/4	1	1	11	77	1	1	
13	12	3/8	1/8		1/8	1		7	61	2	1	
13	12	3/8	1/8		1/8	1	1	3	69	1	2	
14	13	0	1/8		1/8	1		2	62	2	1	
14	13	0	1/16		1/16	1	-1	3	69	1	2	
14	13	0	1/8		1/8	1	-1	11	77	1	1	
14	13	1/16	1/8		1/8	1		10	70	1	2	
14	13	1/8	0	grace32	1/32	1		1	79	1	1	
14	13	1/8	1/4		1/4	1		2	62	2	1	
14	13	1/8	1/16		1/16	1		6	78	1	1	
14	13	3/16	1/16		1/16	1		5	71	1	2	
14	13	3/16	1/32		1/32	1		4	76	1	1	
14	13	7/32	1/32		1/32	1		2	74	1	1	
14	13	1/4	1/8		1/8	1		3	69	1	2	
14	13	1/4	1/8		1/8	1		7	73	1	1	
14	13	3/8	1/8		1/8	1		9	63	2	1	
14	13	3/8	3/32		1/16	3/2		8	68	1	2	
14	13	3/8	3/32		1/16	3/2		5	71	1	1	
14	13	15/32	1/32		1/32	1		6	66	1	2	
14	13	15/32	1/32		1/32	1		3	69	1	1	
15	14	0	3/32		1/16	3/2		4	64	1	2	
15	14	0	1/4		1/4	1		4	64	2	1	
15	14	0	3/32		1/16	3/2		8	68	1	1	
15	14	3/32	1/32		1/32	1		8	68	1	2	
15	14	3/32	1/32		1/32	1		4	76	1	1	
15	14	1/8	3/32		1/16	3/2		7	73	1	2	
15	14	1/8	3/32		1/16	3/2		3	81	1	1	
15	14	7/32	1/32		1/32	1		6	66	1	2	
15	14	7/32	1/32		1/32	1		9	75	1	1	
15	14	1/4	0	appoggiatura	1/8	1		-3	75	1	1	
15	14	1/4	0	appoggiatura	1/8	1		6	66	1	2	
15	14	1/4	1/4		1/4	1		8	68	1	2	
15	14	1/4	1/4		1/4	1		4	76	1	1	
15	14	15/32	1/32		1/32	1		4	52	2	1	
16	15	0	1/8		1/8	1		3	57	2	1	
16	15	3/32	1/32		1/32	1		7	73	1	2	
16	15	3/32	1/32		1/32	1		4	76	1	1	
16	15	1/8	1/4		1/4	1		3	57	2	1	
16	15	1/8	3/32		1/16	3/2		2	74	1	2	
16	15	1/8	3/32		1/16	3/2		6	78	1	1	
16	15	7/32	1/32		1/32	1		5	71	1	2	
16	15	7/32	1/32		1/32	1		8	80	1	1	
16	15	1/4	0	appoggiatura	1/8	1		8	80	1	1	
16	15	1/4	0	appoggiatura	1/8	1		5	71	1	2	
16	15	1/4	1/4		1/4	1		7	73	1	2	
16	15	1/4	1/4		1/4	1		3	81	1	1	
16	15	3/8	1/32		1/32	1		4	64	2	1	
16	15	13/32	1/32		1/32	1		2	62	2	1	
16	15	7/16	1/32		1/32	1		7	61	2	1	
16	15	15/32	1/32		1/32	1		5	59	2	1	
17	16	0	1/8		1/8	1		3	57	2	1	
17	16	3/32	1/32		1/32	1		4	64	1	2	
17	16	3/32	1/32		1/32	1		7	73	1	1	
17	16	1/8	1/8		1/8	1	1	3	57	2	1	
17	16	1/8	3/32		1/16	3/2		6	66	1	2	
17	16	1/8	3/32		1/16	3/2		2	74	1	1	
17	16	7/32	1/32		1/32	1		2	62	1	2	
17	16	7/32	1/32		1/32	1		8	68	1	1	
17	16	7/32	1/32		1/32	1		5	71	1	1	
17	16	1/4	3/32		1/16	3/2	-1	3	57	2	1	
17	16	1/4	1/8		1/8	1		4	64	1	2	
17	16	1/4	1/8		1/8	1		3	69	1	1	
17	16	1/4	1/8		1/8	1		7	73	1	1	
17	16	11/32	1/32		1/32	1		10	58	2	1	
17	16	3/8	1/32		1/32	1		5	59	2	1	
17	16	13/32	1/32		1/32	1		7	61	2	1	
17	16	7/16	1/32		1/32	1		2	62	2	1	
17	16	15/32	1/32		1/32	1		4	64	2	1	
18	17	0	3/32		1/16	3/2		6	66	1	2	
18	17	3/32	1/32		1/32	1		2	62	1	2	
18	17	1/8	1/4		1/4	1		7	61	2	1	
18	17	1/8	1/4		1/4	1		3	69	1	2	
18	17	1/8	3/32		1/16	3/2		3	81	1	1	
18	17	7/32	1/32		1/32	1		6	78	1	1	
18	17	1/4	0	appoggiatura	1/8	1		4	76	1	1	
18	17	1/4	1/4		1/4	1		2	74	1	1	
18	17	3/8	1/8		1/8	1		5	59	2	1	
18	17	3/8	1/8		1/8	1		8	68	1	2	
19	18	0	1/4		1/4	1		5	59	2	1	
19	18	1/8	3/32		1/16	3/2		-1	65	1	2	
19	18	1/8	1/8		1/8	1		8	68	1	1	
19	18	1/8	1/8		1/8	1		2	74	1	1	
19	18	7/32	1/32		1/32	1		4	64	1	2	
19	18	1/4	1/8		1/8	1		3	57	2	1	
19	18	1/4	1/8		1/8	1		4	64	1	2	
19	18	1/4	3/32		1/16	3/2		7	73	1	1	
19	18	11/32	1/32		1/32	1		4	76	1	1	
19	18	3/8	1/8		1/8	1		1	55	2	1	
19	18	3/8	1/8		1/8	1		4	64	1	2	
19	18	3/8	1/8		1/8	1	1	10	70	1	1	
20	19	0	1/8		1/8	1		6	54	2	2	
20	19	0	1/8		1/8	1		2	62	1	2	
20	19	0	1/16		1/16	1	-1	10	70	1	1	
20	19	1/16	1/8		1/8	1		10	70	1	1	
20	19	1/8	1/8		1/8	1		4	52	2	2	
20	19	1/8	1/8		1/8	1		7	61	1	2	
20	19	3/16	1/16		1/16	1		10	70	1	1	
20	19	1/4	3/16		1/8	3/2		2	50	2	2	
20	19	1/4	1/16		1/16	1		6	54	2	1	
20	19	1/4	1/32		1/32	1		5	71	1	1	
20	19	9/32	1/32		1/32	1		7	73	1	1	
20	19	5/16	1/8		1/8	1		5	59	2	1	
20	19	5/16	1/32		1/32	1		2	74	1	1	
20	19	11/32	1/32		1/32	1		4	76	1	1	
20	19	3/8	1/32		1/32	1		6	78	1	1	
20	19	13/32	1/32		1/32	1		2	74	1	1	
20	19	7/16	1/16		1/16	1		4	52	2	2	
20	19	7/16	1/32		1/32	1		3	57	2	1	
20	19	7/16	1/32		1/32	1		7	73	1	1	
20	19	15/32	1/32		1/32	1		8	56	2	1	
20	19	15/32	1/32		1/32	1		5	71	1	1	
21	20	0	1/8		1/8	1		3	45	2	2	
21	20	0	1/16		1/16	1		3	57	2	1	
21	20	0	1/32		1/32	1		7	73	1	1	
21	20	1/32	1/32		1/32	1		4	76	1	1	
21	20	1/16	1/8		1/8	1		3	57	2	1	
21	20	1/16	1/32		1/32	1		6	78	1	1	
21	20	3/32	1/32		1/32	1		1	79	1	1	
21	20	1/8	1/8		1/8	1		2	50	2	2	
21	20	1/8	1/32		1/32	1		6	78	1	1	
21	20	5/32	1/32		1/32	1		5	83	1	1	
21	20	3/16	1/16		1/16	1	1	5	59	2	1	
21	20	3/16	1/32		1/32	1		7	85	1	1	
21	20	7/32	1/32		1/32	1		2	86	1	1	
21	20	1/4	0	appoggiatura	1/8	1		3	81	1	1	
21	20	1/4	1/8		1/8	1		4	52	2	2	
21	20	1/4	1/24		1/16	2/3	-1	5	59	2	1	
21	20	1/4	1/4		1/4	1		8	80	1	1	
21	20	7/24	1/24		1/16	2/3		2	62	2	1	
21	20	1/3	1/24		1/16	2/3		7	61	2	1	
21	20	3/8	1/8		1/8	1		11	53	2	2	
21	20	3/8	1/8		1/8	1		7	61	2	1	
22	21	1/8	1/8		1/8	1		6	54	2	2	
22	21	1/8	1/8		1/8	1		3	57	2	1	
22	21	1/8	3/32		1/16	3/2		7	73	1	1	
22	21	7/32	1/32		1/32	1		3	81	1	1	
22	21	1/4	0	appoggiatura	1/8	1		4	76	1	1	
22	21	1/4	1/4		1/4	1		6	54	2	2	
22	21	1/4	1/4		1/4	1		3	57	2	1	
22	21	1/4	1/4		1/4	1		0	60	2	1	
22	21	1/4	1/4		1/4	1		9	75	1	1	
23	22	3/32	1/32		1/32	1		6	78	1	1	
23	22	1/8	0	grace32	1/32	1		4	76	1	1	
23	22	1/8	1/8		1/8	1		8	56	2	1	
23	22	1/8	1/16		1/16	1		5	59	1	2	
23	22	1/8	3/32		1/16	3/2		2	74	1	1	
23	22	3/16	1/16		1/16	1	1	4	64	1	2	
23	22	7/32	0	grace32	1/32	1		7	73	1	1	
23	22	7/32	1/32		1/32	1		5	71	1	1	
23	22	1/4	1/8		1/8	1		3	57	2	1	
23	22	1/4	1/8		1/8	1	-1	4	64	1	2	
23	22	1/4	1/32		1/32	1		7	73	1	1	
23	22	9/32	1/32		1/32	1		3	69	1	1	
23	22	9/32	1/16		1/16	1		3	69	1	3	
23	22	5/16	1/32		1/32	1		6	78	1	1	
23	22	11/32	1/32		1/32	1		5	71	1	3	
23	22	11/32	1/32		1/32	1		2	74	1	1	
23	22	3/8	0	grace16	1/16	1		2	74	1	1	
23	22	3/8	0	grace16	1/16	1		5	71	1	2	
23	22	3/8	1/8		1/8	1		9	63	2	1	
23	22	3/8	1/8		1/8	1		3	69	1	2	
23	22	3/8	1/8		1/8	1		7	73	1	1	
24	23	0	0	grace16	1/16	1		5	71	1	2	
24	23	0	0	grace16	1/16	1		7	73	1	2	
24	23	0	1/8		1/8	1		4	64	2	1	
24	23	0	1/8		1/8	1		8	68	1	2	
24	23	0	3/32		1/16	3/2		5	71	1	1	
24	23	3/32	1/32		1/32	1		5	83	1	1	
24	23	1/8	1/16		1/16	1		6	78	1	1	
24	23	3/16	1/32		1/32	1		8	80	1	1	
24	23	7/32	1/32		1/32	1		3	81	1	1	
24	23	1/4	3/32		1/16	3/2		4	64	1	2	
24	23	1/4	1/8		1/8	1		3	81	1	1	
24	23	11/32	1/32		1/32	1		4	76	1	2	
24	23	3/8	1/16		1/16	1		5	71	1	2	
24	23	3/8	1/16		1/16	1		8	80	1	1	
24	23	7/16	1/32		1/32	1		7	73	1	2	
24	23	7/16	1/32		1/32	1		3	81	1	1	
24	23	15/32	1/32		1/32	1		2	74	1	2	
24	23	15/32	1/32		1/32	1		5	83	1	1	
25	24	0	3/32		1/16	3/2		3	45	2	1	
25	24	0	1/8		1/8	1		2	74	1	2	
25	24	0	1/8		1/8	1		5	83	1	1	
25	24	3/32	1/32		1/32	1		3	57	2	1	
25	24	1/8	1/16		1/16	1		4	52	2	1	
25	24	1/8	1/16		1/16	1		7	73	1	2	
25	24	1/8	1/8		1/8	1		3	81	1	1	
25	24	3/16	1/32		1/32	1		6	54	2	1	
25	24	3/16	1/32		1/32	1		2	74	1	2	
25	24	7/32	1/32		1/32	1		1	55	2	1	
25	24	7/32	1/32		1/32	1		4	76	1	2	
25	24	1/4	1/8		1/8	1		6	54	2	1	
25	24	1/4	3/32		1/16	3/2		3	69	1	1	
25	24	1/4	1/8		1/8	1		2	74	1	2	
25	24	11/32	1/32		1/32	1		3	81	1	1	
25	24	3/8	1/8		1/8	1		3	57	2	1	
25	24	3/8	1/8		1/8	1	1	7	73	1	2	
25	24	3/8	1/16		1/16	1		4	76	1	1	
25	24	7/16	1/32		1/32	1		6	78	1	1	
25	24	15/32	1/32		1/32	1		1	79	1	1	
26	25	0	1/8		1/8	1		2	50	2	1	
26	25	0	3/32		1/16	3/2	-1	7	73	1	2	
26	25	0	1/4		1/4	1	1	6	78	1	1	
26	25	3/32	1/32		1/32	1		5	71	1	2	
26	25	1/8	1/8		1/8	1		9	51	2	1	
26	25	1/8	1/16		1/16	1		6	66	1	2	
26	25	3/16	1/32		1/32	1		8	68	1	2	
26	25	7/32	1/32		1/32	1		3	69	1	2	
26	25	1/4	1/8		1/8	1		4	52	2	1	
26	25	1/4	3/32		1/16	3/2		8	68	1	2	
26	25	1/4	1/8		1/8	1	-1	6	78	1	1	
26	25	11/32	1/32		1/32	1		3	69	1	2	
26	25	3/8	1/8		1/8	1		8	56	2	1	
26	25	3/8	1/8		1/8	1	1	5	71	1	2	
26	25	3/8	3/32		1/16	3/2		4	76	1	1	
26	25	15/32	1/32		1/32	1		2	74	1	1	
27	26	0	1/8		1/8	1		3	45	2	1	
27	26	0	1/8		1/8	1	-1	5	71	1	2	
27	26	0	3/32		1/16	3/2		7	73	1	1	
27	26	3/32	1/32		1/32	1		2	74	1	1	
27	26	1/8	1/8		1/8	1		7	49	2	1	
27	26	1/8	3/32		1/16	3/2		3	69	1	2	
27	26	1/8	1/4		1/4	1		4	76	1	1	
27	26	7/32	1/32		1/32	1		8	68	1	2	
27	26	1/4	1/8		1/8	1		2	50	2	1	
27	26	1/4	3/32		1/16	3/2		6	66	1	2	
27	26	11/32	1/32		1/32	1		8	68	1	2	
27	26	3/8	1/8		1/8	1		6	54	2	1	
27	26	3/8	1/8		1/8	1	1	3	69	1	2	
27	26	3/8	3/32		1/16	3/2		2	74	1	1	
27	26	15/32	1/32		1/32	1		7	73	1	1	
28	27	0	3/32		1/16	3/2		8	56	2	1	
28	27	0	3/32		1/16	3/2	-1	3	69	1	2	
28	27	0	3/32		1/16	3/2		5	71	1	1	
28	27	3/32	1/32		1/32	1		5	47	2	1	
28	27	3/32	1/32		1/32	1		8	68	1	2	
28	27	3/32	1/32		1/32	1		6	78	1	1	
28	27	1/8	3/32		1/16	3/2		7	49	2	1	
28	27	1/8	3/32		1/16	3/2		3	69	1	2	
28	27	1/8	3/32		1/16	3/2		4	76	1	1	
28	27	7/32	1/32		1/32	1		2	50	2	1	
28	27	7/32	1/32		1/32	1		5	71	1	2	
28	27	7/32	1/32		1/32	1		2	74	1	1	
28	27	1/4	0	appoggiatura	1/8	1		7	73	1	1	
28	27	1/4	0	appoggiatura	1/8	1		3	69	1	2	
28	27	1/4	1/4		1/4	1		4	52	2	2	
28	27	1/4	1/4		1/4	1		8	68	1	2	
28	27	1/4	1/4		1/4	1		5	71	1	1	
28	27	5/16	1/8		1/8	1		4	64	2	1	
28	27	7/16	1/16		1/16	1	1	2	62	2	1	
29	28	0	1/4		1/4	1	1	3	57	2	2	
29	28	0	3/32		1/16	3/2	-1	2	62	2	1	
29	28	0	3/32		1/16	3/2		3	69	1	1	
29	28	0	1/8		1/8	1		3	69	1	2	
29	28	3/32	1/32		1/32	1		7	61	2	1	
29	28	3/32	1/32		1/32	1		4	64	1	1	
29	28	1/8	3/32		1/16	3/2		2	62	2	1	
29	28	1/8	1/24		1/16	2/3		6	66	1	1	
29	28	1/6	1/24		1/16	2/3		2	74	1	1	
29	28	5/24	1/24		1/16	2/3		8	68	1	1	
29	28	7/32	1/32		1/32	1		5	59	2	1	
29	28	1/4	0	grace16	1/16	1		8	68	1	1	
29	28	1/4	0	grace16	1/16	1		5	59	2	1	
29	28	1/4	1/8		1/8	1	-1	3	57	2	2	
29	28	1/4	1/8		1/8	1		7	61	2	1	
29	28	1/4	1/8		1/8	1		3	69	1	1	
30	28	15/32	1/32		1/32	1		4	76	1	1	
31	29	0	1/8		1/8	1		3	69	1	1	
31	29	1/8	3/32		1/16	3/2		3	57	2	2	
31	29	1/8	3/32		1/16	3/2		7	61	2	1	
31	29	1/8	1/4		1/4	1		3	69	1	1	
31	29	7/32	1/32		1/32	1		5	59	2	2	
31	29	7/32	1/32		1/32	1		2	62	2	1	
31	29	1/4	0	grace16	1/16	1		2	62	2	1	
31	29	1/4	0	grace16	1/16	1		5	59	2	2	
31	29	1/4	1/8		1/8	1		7	61	2	2	
31	29	1/4	1/8		1/8	1		4	64	2	1	
31	29	3/8	1/8		1/8	1		2	62	2	1	
31	29	3/8	1/8		1/8	1		2	62	2	2	
31	29	3/8	1/32		1/32	1		6	66	1	1	
31	29	13/32	1/32		1/32	1		2	74	1	1	
31	29	7/16	1/32		1/32	1		5	71	1	1	
31	29	15/32	1/32		1/32	1		8	68	1	1	
32	30	0	1/8		1/8	1		3	69	1	1	
32	30	1/8	3/32		1/16	3/2		7	61	2	2	
32	30	1/8	3/32		1/16	3/2		4	64	2	1	
32	30	1/8	1/4		1/4	1		3	69	1	1	
32	30	7/32	1/32		1/32	1		5	59	2	2	
32	30	7/32	1/32		1/32	1		2	62	2	1	
32	30	1/4	1/8		1/8	1		7	61	2	2	
32	30	1/4	1/8		1/8	1		4	64	2	1	
32	30	3/8	1/8		1/8	1		2	62	2	1	
32	30	3/8	1/8		1/8	1		2	62	2	2	
32	30	3/8	1/32		1/32	1		6	66	1	1	
32	30	13/32	1/32		1/32	1		2	74	1	1	
32	30	7/16	1/32		1/32	1		5	71	1	1	
32	30	15/32	1/32		1/32	1		8	68	1	1	
33	31	0	1/16		1/16	1		7	61	2	2	
33	31	0	1/16		1/16	1		4	64	2	1	
33	31	0	1/32		1/32	1		3	69	1	1	
33	31	1/32	1/32		1/32	1		4	76	1	1	
33	31	1/16	1/32		1/32	1		2	74	1	1	
33	31	3/32	1/32		1/32	1		4	64	2	1	
33	31	3/32	1/32		1/32	1		8	68	1	2	
33	31	3/32	1/32		1/32	1		5	71	1	1	
33	31	1/8	1/8		1/8	1		3	57	2	1	
33	31	1/8	1/8		1/8	1		3	69	1	2	
33	31	1/8	1/32		1/32	1		7	73	1	1	
33	31	5/32	1/32		1/32	1		3	81	1	1	
33	31	3/16	1/32		1/32	1		4	76	1	1	
33	31	7/32	1/32		1/32	1		7	85	1	1	
33	31	1/4	1/32		1/32	1		5	83	1	1	
33	31	9/32	1/32		1/32	1		3	81	1	1	
33	31	5/16	1/32		1/32	1		8	80	1	1	
33	31	11/32	1/32		1/32	1		6	78	1	1	
33	31	3/8	0	appoggiatura	1/8	1		4	76	1	1	
33	31	3/8	1/8		1/8	1		4	64	1	2	
33	31	3/8	1/8		1/8	1		8	68	1	2	
33	31	3/8	1/8		1/8	1		2	74	1	1	
34	32	0	1/4		1/4	1		3	57	2	1	
34	32	0	1/8		1/8	1		8	68	1	2	
34	32	0	1/8		1/8	1		2	74	1	1	
34	32	1/8	1/8		1/8	1		3	69	1	2	
34	32	1/8	1/32		1/32	1		7	73	1	1	
34	32	5/32	1/32		1/32	1		6	78	1	1	
34	32	3/16	1/32		1/32	1		4	76	1	1	
34	32	7/32	1/32		1/32	1		7	73	1	1	
34	32	1/4	1/32		1/32	1		5	71	1	1	
34	32	9/32	1/32		1/32	1		3	69	1	1	
34	32	5/16	1/32		1/32	1		1	67	1	1	
34	32	11/32	1/32		1/32	1		6	66	1	1	
34	32	3/8	1/8		1/8	1		7	61	1	2	
34	32	13/32	1/32		1/32	1		1	67	1	1	
34	32	7/16	1/32		1/32	1		4	76	1	1	
34	32	15/32	1/32		1/32	1		3	57	2	1	
34	32	15/32	1/32		1/32	1		1	67	1	1	
35	33	0	1/8		1/8	1		2	50	2	1	
35	33	0	3/32		1/16	3/2		2	62	1	2	
35	33	0	3/32		1/16	3/2		6	66	1	1	
35	33	3/32	1/32		1/32	1		6	66	1	2	
35	33	3/32	1/32		1/32	1		3	69	1	1	
35	33	1/8	1/4		1/4	1		2	50	2	1	
35	33	1/8	3/32		1/16	3/2		1	67	1	2	
35	33	1/8	3/32		1/16	3/2		5	71	1	1	
35	33	7/32	1/32		1/32	1		4	64	1	2	
35	33	7/32	1/32		1/32	1		7	73	1	1	
35	33	1/4	0	appoggiatura	1/8	1		7	73	1	1	
35	33	1/4	0	appoggiatura	1/8	1		4	64	1	2	
35	33	1/4	1/4		1/4	1		6	66	1	2	
35	33	1/4	1/4		1/4	1		2	74	1	1	
35	33	3/8	1/32		1/32	1		5	47	2	1	
35	33	13/32	1/32		1/32	1		1	55	2	1	
35	33	7/16	1/32		1/32	1		4	52	2	1	
35	33	15/32	1/32		1/32	1		7	49	2	1	
36	34	0	1/8		1/8	1		2	50	2	1	
36	34	1/8	1/4		1/4	1		2	50	2	1	
36	34	1/8	1/32		1/32	1		5	59	1	1	
36	34	5/32	1/32		1/32	1		1	67	1	1	
36	34	3/16	1/32		1/32	1		4	64	1	1	
36	34	7/32	1/32		1/32	1		7	61	1	1	
36	34	1/4	1/32		1/32	1		2	62	1	1	
36	34	9/32	1/32		1/32	1		5	71	1	1	
36	34	5/16	1/32		1/32	1		4	64	1	1	
36	34	11/32	1/32		1/32	1		7	73	1	1	
36	34	3/8	1/32		1/32	1		5	47	2	1	
36	34	3/8	1/8		1/8	1		2	74	1	1	
36	34	13/32	1/32		1/32	1		1	55	2	1	
36	34	7/16	1/32		1/32	1		4	52	2	1	
36	34	15/32	1/32		1/32	1		7	49	2	1	
37	35	0	1/32		1/32	1		2	50	2	1	
37	35	1/32	1/32		1/32	1		3	57	2	1	
37	35	1/16	1/32		1/32	1		1	55	2	1	
37	35	3/32	1/32		1/32	1		4	52	2	1	
37	35	1/8	1/32		1/32	1		6	54	2	1	
37	35	5/32	1/32		1/32	1		2	62	2	1	
37	35	3/16	1/32		1/32	1		3	57	2	1	
37	35	7/32	1/32		1/32	1		6	66	2	1	
37	35	1/4	1/32		1/32	1		4	64	2	1	
37	35	9/32	1/32		1/32	1		2	62	2	1	
37	35	5/16	1/32		1/32	1		7	61	2	1	
37	35	11/32	1/32		1/32	1		5	59	2	1	
37	35	3/8	0	grace16	1/16	1		3	57	2	1	
37	35	3/8	1/8		1/8	1		1	55	2	1	
37	35	13/32	1/32		1/32	1		4	64	1	1	
37	35	7/16	1/32		1/32	1		7	61	1	1	
37	35	15/32	1/32		1/32	1		4	64	1	1	
38	36	0	3/32		1/16	3/2		6	54	2	1	
38	36	0	3/32		1/16	3/2		2	62	1	2	
38	36	1/32	1/32		1/32	1		3	69	1	1	
38	36	1/16	1/32		1/32	1		1	67	1	1	
38	36	3/32	1/32		1/32	1		3	57	2	1	
38	36	3/32	1/32		1/32	1		7	61	1	2	
38	36	3/32	1/32		1/32	1		4	64	1	1	
38	36	1/8	1/8		1/8	1		2	50	2	1	
38	36	1/8	1/8		1/8	1		2	62	1	2	
38	36	1/8	1/32		1/32	1		6	66	1	1	
38	36	5/32	1/32		1/32	1		2	74	1	1	
38	36	3/16	1/32		1/32	1		3	69	1	1	
38	36	7/32	1/32		1/32	1		6	78	1	1	
38	36	1/4	1/32		1/32	1		4	76	1	1	
38	36	9/32	1/32		1/32	1		2	74	1	1	
38	36	5/16	1/32		1/32	1		7	73	1	1	
38	36	11/32	1/32		1/32	1		5	71	1	1	
38	36	3/8	0	grace16	1/16	1		3	69	1	1	
38	36	3/8	1/8		1/8	1		3	57	2	2	
38	36	3/8	1/8		1/8	1	1	7	61	2	1	
38	36	3/8	1/8		1/8	1	1	1	67	1	1	
39	37	0	1/8		1/8	1		10	58	2	2	
39	37	0	1/8		1/8	1	-1	7	61	2	1	
39	37	0	1/32		1/32	1	-1	1	67	1	1	
39	37	1/32	1/32		1/32	1		6	66	1	1	
39	37	1/16	1/32		1/32	1		4	64	1	1	
39	37	3/32	1/32		1/32	1		7	61	1	1	
39	37	1/8	1/8		1/8	1		5	59	2	2	
39	37	1/8	1/4		1/4	1		5	59	2	1	
39	37	1/8	1/32		1/32	1		2	62	1	1	
39	37	5/32	1/32		1/32	1		5	71	1	1	
39	37	3/16	1/32		1/32	1		6	66	1	1	
39	37	7/32	1/32		1/32	1		2	74	1	1	
39	37	1/4	1/8		1/8	1		4	52	2	2	
39	37	1/4	1/32		1/32	1		7	73	1	1	
39	37	9/32	1/32		1/32	1		5	71	1	1	
39	37	5/16	1/32		1/32	1		10	70	1	1	
39	37	11/32	1/32		1/32	1		8	68	1	1	
39	37	3/8	0	grace16	1/16	1		6	66	1	1	
39	37	3/8	1/8		1/8	1		6	54	2	2	
39	37	3/8	1/8		1/8	1		10	58	2	1	
39	37	3/8	1/8		1/8	1		4	64	1	1	
40	38	0	1/8		1/8	1		5	59	2	1	
40	38	0	1/8		1/8	1		5	59	2	2	
40	38	0	1/16		1/16	1		2	62	1	1	
40	38	1/16	1/8		1/8	1		8	68	1	1	
40	38	1/8	1/8		1/8	1		5	47	2	2	
40	38	1/8	1/8		1/8	1		2	50	2	1	
40	38	3/16	1/32		1/32	1		3	69	1	1	
40	38	7/32	1/32		1/32	1		5	71	1	1	
40	38	1/4	1/8		1/8	1		7	49	2	2	
40	38	1/4	1/16		1/16	1		3	57	1	2	
40	38	1/4	1/4		1/4	1	1	3	69	1	1	
40	38	5/16	1/8		1/8	1		4	64	1	2	
40	38	3/8	1/8		1/8	1		3	45	2	2	
40	38	7/16	1/32		1/32	1		6	66	1	2	
40	38	15/32	1/32		1/32	1		1	67	1	2	
41	39	0	1/8		1/8	1		2	62	2	1	
41	39	0	1/32		1/32	1		1	67	1	2	
41	39	0	1/16		1/16	1	-1	3	69	1	1	
41	39	1/32	3/32		1/16	3/2		6	66	1	2	
41	39	1/16	1/32		1/32	1		5	83	1	1	
41	39	3/32	1/32		1/32	1		3	81	1	1	
41	39	1/8	1/8		1/8	1		6	54	2	1	
41	39	1/8	1/4		1/4	1		2	62	1	2	
41	39	1/8	1/32		1/32	1		3	69	1	1	
41	39	5/32	1/32		1/32	1		3	69	1	1	
41	39	3/16	1/32		1/32	1		5	71	1	1	
41	39	7/32	1/32		1/32	1		0	72	1	1	
41	39	1/4	1/8		1/8	1		1	55	2	1	
41	39	1/4	3/32		1/16	3/2		5	71	1	1	
41	39	11/32	1/32		1/32	1		7	73	1	1	
41	39	3/8	0	grace16	1/16	1		4	76	1	1	
41	39	3/8	1/8		1/8	1		6	54	2	1	
41	39	3/8	1/8		1/8	1	1	2	62	1	2	
41	39	3/8	1/16		1/16	1		2	74	1	1	
41	39	7/16	1/32		1/32	1		7	73	1	1	
41	39	15/32	1/32		1/32	1		5	71	1	1	
42	40	0	0	grace4	1/4	1		3	69	1	1	
42	40	0	1/4		1/4	1		4	52	2	1	
42	40	0	1/8		1/8	1	-1	2	62	1	2	
42	40	0	1/2		1/2	1		1	67	1	1	
42	40	1/8	1/4		1/4	1		2	62	1	2	
42	40	1/4	1/8		1/8	1		3	57	2	1	
42	40	3/8	1/8		1/8	1		7	61	1	2	
42	40	15/32	1/32		1/32	1		3	45	2	1	
43	41	0	1/8		1/8	1		2	50	2	1	
43	41	3/32	1/32		1/32	1		6	66	1	1	
43	41	3/32	1/32		1/32	1		3	69	1	2	
43	41	1/8	1/4		1/4	1		2	50	2	1	
43	41	1/8	3/32		1/16	3/2		1	67	1	2	
43	41	1/8	3/32		1/16	3/2		5	71	1	1	
43	41	7/32	1/32		1/32	1		4	64	1	2	
43	41	7/32	1/32		1/32	1		7	73	1	1	
43	41	1/4	0	appoggiatura	1/8	1		7	73	1	1	
43	41	1/4	0	appoggiatura	1/8	1		4	64	1	2	
43	41	1/4	1/4		1/4	1		6	66	1	2	
43	41	1/4	1/4		1/4	1		2	74	1	1	
43	41	3/8	1/32		1/32	1		3	57	2	1	
43	41	13/32	1/32		1/32	1		1	55	2	1	
43	41	7/16	1/32		1/32	1		6	54	2	1	
43	41	15/32	1/32		1/32	1		4	52	2	1	
44	42	0	1/8		1/8	1		9	51	2	2	
44	42	1/16	1/32		1/32	1		3	69	1	1	
44	42	3/32	1/32		1/32	1		5	71	1	1	
44	42	1/8	0	grace32	1/32	1		2	74	1	1	
44	42	1/8	1/8		1/8	1		9	63	2	2	
44	42	1/8	1/8		1/8	1		6	66	2	1	
44	42	1/8	1/16		1/16	1		0	72	1	1	
44	42	3/16	1/32		1/32	1		5	71	1	1	
44	42	7/32	1/32		1/32	1		3	69	1	1	
44	42	1/4	1/8		1/8	1		9	63	2	2	
44	42	1/4	1/8		1/8	1		6	66	2	1	
44	42	1/4	1/16		1/16	1		6	78	1	1	
44	42	5/16	1/8		1/8	1		0	72	1	1	
44	42	7/16	1/16		1/16	1		5	71	1	1	
44	42	15/32	1/32		1/32	1		5	47	2	2	
45	43	0	1/8		1/8	1		4	52	2	1	
45	43	3/32	1/32		1/32	1		1	67	1	2	
45	43	3/32	1/32		1/32	1		5	71	1	1	
45	43	1/8	1/4		1/4	1		4	52	2	1	
45	43	1/8	3/32		1/16	3/2		3	69	1	2	
45	43	1/8	3/32		1/16	3/2		0	72	1	1	
45	43	7/32	1/32		1/32	1		6	66	1	2	
45	43	7/32	1/32		1/32	1		9	75	1	1	
45	43	1/4	0	appoggiatura	1/8	1		-3	75	1	1	
45	43	1/4	0	appoggiatura	1/8	1		6	66	1	2	
45	43	1/4	1/4		1/4	1		1	67	1	2	
45	43	1/4	1/4		1/4	1		4	76	1	1	
45	43	3/8	1/32		1/32	1		5	59	2	1	
45	43	13/32	1/32		1/32	1		3	57	2	1	
45	43	7/16	1/32		1/32	1		1	55	2	1	
45	43	15/32	1/32		1/32	1		6	54	2	1	
46	44	0	1/8		1/8	1		11	53	2	1	
46	44	1/16	1/32		1/32	1		5	71	1	1	
46	44	3/32	1/32		1/32	1		7	73	1	1	
46	44	1/8	0	grace32	1/32	1		4	76	1	1	
46	44	1/8	1/8		1/8	1		11	65	2	2	
46	44	1/8	1/8		1/8	1		8	68	2	1	
46	44	1/8	1/16		1/16	1		2	74	1	1	
46	44	3/16	1/32		1/32	1		7	73	1	1	
46	44	7/32	1/32		1/32	1		5	71	1	1	
46	44	1/4	1/8		1/8	1		11	65	2	2	
46	44	1/4	1/8		1/8	1		8	68	2	1	
46	44	1/4	1/16		1/16	1		8	80	1	1	
46	44	5/16	1/8		1/8	1		7	73	1	1	
46	44	3/8	1/8		1/8	1		11	65	2	2	
46	44	3/8	1/8		1/8	1		8	68	2	1	
46	44	7/16	1/16		1/16	1		5	71	1	1	
47	45	0	1/8		1/8	1		6	66	2	2	
47	45	0	1/4		1/4	1	1	6	66	2	1	
47	45	0	1/24		1/16	2/3		3	69	1	1	
47	45	1/24	1/24		1/16	2/3		6	78	1	1	
47	45	1/12	1/24		1/16	2/3		7	73	1	1	
47	45	1/8	1/8		1/8	1		5	59	2	2	
47	45	1/8	1/24		1/16	2/3		2	74	1	1	
47	45	1/6	1/24		1/16	2/3		6	66	1	1	
47	45	5/24	1/24		1/16	2/3		5	71	1	1	
47	45	1/4	1/4		1/4	1		7	61	2	2	
47	45	1/4	1/16		1/16	1	-1	6	66	2	1	
47	45	1/4	1/8		1/8	1		3	69	1	1	
47	45	5/16	1/16		1/16	1		6	66	2	1	
47	45	3/8	1/16		1/16	1		11	65	2	1	
47	45	3/8	3/32		1/16	3/2		8	68	1	1	
47	45	7/16	1/16		1/16	1		4	64	2	1	
47	45	15/32	1/32		1/32	1		6	66	1	1	
48	46	0	1/8		1/8	1		1	79	1	1	
48	46	1/8	1/8		1/8	1		5	59	2	2	
48	46	1/8	1/4		1/4	1		4	64	2	1	
48	46	1/8	1/4		1/4	1		1	79	1	1	
48	46	1/4	1/4		1/4	1		10	58	2	2	
48	46	3/8	3/32		1/16	3/2		2	62	2	1	
48	46	3/8	3/32		1/16	3/2		6	78	1	1	
48	46	15/32	1/32		1/32	1		7	61	2	1	
48	46	15/32	1/32		1/32	1		4	76	1	1	
49	47	0	0	grace32	1/32	1		4	76	1	1	
49	47	0	1/8		1/8	1		5	59	2	2	
49	47	0	1/4		1/4	1	1	5	59	2	1	
49	47	0	1/16		1/16	1		2	74	1	1	
49	47	1/16	1/32		1/32	1		7	73	1	1	
49	47	3/32	1/32		1/32	1		2	74	1	1	
49	47	1/8	0	grace32	1/32	1		6	78	1	1	
49	47	1/8	1/8		1/8	1		4	52	2	2	
49	47	1/8	1/16		1/16	1		4	76	1	1	
49	47	3/16	1/32		1/32	1		2	74	1	1	
49	47	7/32	1/32		1/32	1		7	73	1	1	
49	47	1/4	1/4		1/4	1		6	54	2	2	
49	47	1/4	1/16		1/16	1	-1	5	59	2	1	
49	47	1/4	1/8		1/8	1		2	74	1	1	
49	47	5/16	1/16		1/16	1		5	59	2	1	
49	47	3/8	1/16		1/16	1		10	58	2	1	
49	47	3/8	3/32		1/16	3/2		7	73	1	1	
49	47	7/16	1/16		1/16	1		3	57	2	1	
49	47	15/32	1/32		1/32	1		5	71	1	1	
50	48	0	1/8		1/8	1		7	73	1	1	
50	48	1/8	1/8		1/8	1		4	52	2	2	
50	48	1/8	1/4		1/4	1		3	57	2	1	
50	48	1/8	1/4		1/4	1		7	73	1	1	
50	48	1/4	1/4		1/4	1		9	51	2	2	
50	48	3/8	3/32		1/16	3/2		8	56	2	1	
50	48	3/8	3/32		1/16	3/2		5	71	1	1	
50	48	15/32	1/32		1/32	1		6	54	2	1	
50	48	15/32	1/32		1/32	1		3	69	1	1	
51	49	0	1/8		1/8	1		4	52	1	2	
51	49	0	1/8		1/8	1		4	52	2	1	
51	49	0	1/24		1/16	2/3		8	68	1	1	
51	49	1/24	1/24		1/16	2/3		4	76	1	1	
51	49	1/12	1/24		1/16	2/3		12	72	1	1	
51	49	1/8	1/8		1/8	1		3	57	2	1	
51	49	1/8	1/8		1/8	1	1	4	64	1	2	
51	49	1/8	1/24		1/16	2/3		7	73	1	1	
51	49	1/6	1/24		1/16	2/3		4	64	1	1	
51	49	5/24	1/24		1/16	2/3		3	69	1	1	
51	49	1/4	1/4		1/4	1		5	59	2	1	
51	49	1/4	1/16		1/16	1	-1	4	64	1	2	
51	49	1/4	1/8		1/8	1		8	68	1	1	
51	49	5/16	1/16		1/16	1		4	64	1	2	
51	49	3/8	1/16		1/16	1		9	63	1	2	
51	49	3/8	3/32		1/16	3/2		6	66	1	1	
51	49	7/16	1/16		1/16	1		2	62	1	2	
51	49	15/32	1/32		1/32	1		4	64	1	1	
52	50	0	1/8		1/8	1		6	78	1	1	
52	50	1/8	1/8		1/8	1		3	57	2	1	
52	50	1/8	1/4		1/4	1		2	62	1	2	
52	50	1/8	1/4		1/4	1		6	78	1	1	
52	50	1/4	1/4		1/4	1		8	56	2	1	
52	50	3/8	3/32		1/16	3/2		7	61	1	2	
52	50	3/8	3/32		1/16	3/2		4	76	1	1	
52	50	15/32	1/32		1/32	1		5	59	1	2	
52	50	15/32	1/32		1/32	1		2	74	1	1	
53	51	0	0	grace16	1/16	1		2	74	1	1	
53	51	0	1/8		1/8	1		3	57	2	1	
53	51	0	1/8		1/8	1		3	57	2	2	
53	51	0	1/16		1/16	1		7	73	1	1	
53	51	1/16	1/32		1/32	1		5	71	1	1	
53	51	3/32	1/32		1/32	1		7	73	1	1	
53	51	1/8	0	grace16	1/16	1		4	76	1	1	
53	51	1/8	1/8		1/8	1		2	62	2	2	
53	51	1/8	1/16		1/16	1		2	74	1	1	
53	51	3/16	1/32		1/32	1		7	73	1	1	
53	51	7/32	1/32		1/32	1		5	71	1	1	
53	51	1/4	1/8		1/8	1		4	64	2	2	
53	51	1/4	1/8		1/8	1		7	73	1	1	
53	51	5/16	1/16		1/16	1		3	69	1	2	
53	51	3/8	1/8		1/8	1		2	62	2	2	
53	51	3/8	1/16		1/16	1		8	68	1	2	
53	51	3/8	3/32		1/16	3/2		5	71	1	1	
53	51	7/16	1/16		1/16	1		1	67	1	2	
53	51	15/32	1/32		1/32	1		3	69	1	1	
54	52	0	1/4		1/4	1		7	61	2	1	
54	52	0	1/8		1/8	1		4	64	1	2	
54	52	0	1/8		1/8	1		1	67	1	2	
54	52	0	1/8		1/8	1		5	71	1	2	
54	52	0	1/8		1/8	1		4	76	1	1	
54	52	0	1/8		1/8	1		1	79	1	1	
54	52	0	1/8		1/8	1		5	83	1	1	
54	52	1/8	1/4		1/4	1		6	78	1	1	
54	52	1/8	1/4		1/4	1		3	81	1	1	
54	52	1/4	1/4		1/4	1		7	61	2	1	
54	52	1/4	1/4		1/4	1	1	3	69	1	2	
54	52	3/8	1/8		1/8	1		4	76	1	1	
54	52	3/8	1/8		1/8	1		1	79	1	1	
55	53	0	1/4		1/4	1	1	2	62	2	1	
55	53	0	1/8		1/8	1	-1	3	69	1	2	
55	53	0	1/8		1/8	1		2	74	1	1	
55	53	0	1/8		1/8	1		6	78	1	1	
55	53	1/8	0	grace32	1/32	1		4	76	1	1	
55	53	1/8	1/8		1/8	1		6	66	1	2	
55	53	1/8	3/32		1/16	3/2		2	74	1	1	
55	53	7/32	0	grace32	1/32	1		7	73	1	1	
55	53	7/32	1/32		1/32	1		5	71	1	1	
55	53	1/4	0	grace16	1/16	1		3	69	1	1	
55	53	1/4	1/4		1/4	1	-1	2	62	2	1	
55	53	1/4	1/4		1/4	1		4	64	1	2	
55	53	1/4	1/8		1/8	1	1	8	68	1	1	
55	53	3/8	3/32		1/16	3/2	-1	8	68	1	1	
55	53	15/32	1/32		1/32	1		4	64	1	1	
56	54	0	1/8		1/8	1		3	69	1	1	
56	54	1/8	3/32		1/16	3/2		7	61	2	1	
56	54	1/8	3/32		1/16	3/2		4	64	2	1	
56	54	1/8	3/32		1/16	3/2	1	3	69	1	1	
56	54	7/32	1/32		1/32	1		5	59	2	1	
56	54	7/32	1/32		1/32	1		2	62	2	1	
56	54	7/32	1/32		1/32	1	0	3	69	1	1	
56	54	1/4	0	appoggiatura	1/8	1		2	62	2	1	
56	54	1/4	1/8		1/8	1		7	61	2	1	
56	54	1/4	1/8		1/8	1		4	64	2	1	
56	54	1/4	1/8		1/8	1	-1	3	69	1	1	
56	54	3/8	1/32		1/32	1		4	76	1	1	
56	54	13/32	1/32		1/32	1		2	74	1	1	
56	54	7/16	1/32		1/32	1		7	73	1	1	
56	54	15/32	1/32		1/32	1		5	71	1	1	
57	55	0	1/8		1/8	1		3	69	1	1	
57	55	1/8	3/32		1/16	3/2		2	62	2	1	
57	55	1/8	3/32		1/16	3/2		6	66	2	1	
57	55	1/8	3/32		1/16	3/2	1	3	69	1	1	
57	55	7/32	1/32		1/32	1		5	59	2	1	
57	55	7/32	1/32		1/32	1		2	62	2	1	
57	55	7/32	1/32		1/32	1	0	3	69	1	1	
57	55	1/4	1/8		1/8	1		7	61	2	1	
57	55	1/4	1/8		1/8	1		4	64	2	1	
57	55	1/4	3/32		1/16	3/2	-1	3	69	1	1	
57	55	11/32	1/32		1/32	1		10	70	1	1	
57	55	3/8	1/32		1/32	1		5	71	1	1	
57	55	13/32	1/32		1/32	1		7	73	1	1	
57	55	7/16	1/32		1/32	1		2	74	1	1	
57	55	15/32	1/32		1/32	1		4	76	1	1	
58	56	0	3/32		1/16	3/2		6	78	1	1	
58	56	3/32	1/32		1/32	1		2	74	1	1	
58	56	1/8	1/8		1/8	1		2	62	2	2	
58	56	1/8	3/32		1/16	3/2		6	66	2	1	
58	56	1/8	1/4		1/4	1		7	73	1	1	
58	56	7/32	1/32		1/32	1		5	71	2	1	
58	56	1/4	1/8		1/8	1		4	64	2	2	
58	56	1/4	1/8		1/8	1		3	69	2	1	
58	56	3/8	1/8		1/8	1		11	65	2	2	
58	56	3/8	1/8		1/8	1		8	68	2	1	
58	56	3/8	1/8		1/8	1		5	71	1	1	
59	57	0	1/4		1/4	1		5	71	1	1	
59	57	1/8	1/8		1/8	1		11	65	2	2	
59	57	1/8	1/8		1/8	1		8	68	2	1	
59	57	1/4	3/32		1/16	3/2		6	54	2	2	
59	57	1/4	1/8		1/8	1		6	66	2	1	
59	57	1/4	1/8		1/8	1		3	69	1	1	
59	57	11/32	1/32		1/32	1		6	66	2	2	
59	57	3/8	3/32		1/16	3/2		4	64	2	2	
59	57	3/8	1/8		1/8	1	1	10	70	1	1	
59	57	15/32	1/32		1/32	1		2	62	2	2	
59	57	15/32	1/32		1/32	1		6	66	2	1	
60	58	0	1/8		1/8	1		7	61	2	2	
60	58	0	1/8		1/8	1		4	64	2	1	
60	58	0	1/16		1/16	1	-1	10	70	1	1	
60	58	1/16	1/16		1/16	1	1	10	70	1	1	
60	58	1/8	1/8		1/8	1		7	61	2	2	
60	58	1/8	1/8		1/8	1		1	67	2	1	
60	58	1/8	1/16		1/16	1	-1	10	70	1	1	
60	58	3/16	1/16		1/16	1		10	70	1	1	
60	58	1/4	3/16		1/8	3/2		2	62	2	2	
60	58	1/4	1/16		1/16	1		6	66	2	1	
60	58	1/4	1/32		1/32	1		5	71	1	1	
60	58	9/32	1/32		1/32	1		7	73	1	1	
60	58	5/16	1/8		1/8	1		5	71	2	1	
60	58	5/16	1/32		1/32	1		2	74	1	1	
60	58	11/32	1/32		1/32	1		4	76	1	1	
60	58	3/8	1/32		1/32	1		6	78	1	1	
60	58	13/32	1/32		1/32	1		2	74	1	1	
60	58	7/16	1/16		1/16	1		4	64	2	2	
60	58	7/16	1/32		1/32	1		3	69	2	1	
60	58	7/16	1/32		1/32	1		7	73	1	1	
60	58	15/32	1/32		1/32	1		8	68	2	1	
60	58	15/32	1/32		1/32	1		5	71	1	1	
61	59	0	0	grace32	1/32	1		2	74	1	1	
61	59	0	1/8		1/8	1		3	57	2	2	
61	59	0	1/8		1/8	1		3	69	2	1	
61	59	0	1/16		1/16	1		7	73	1	1	
61	59	1/16	1/32		1/32	1		6	78	1	1	
61	59	3/32	1/32		1/32	1		4	76	1	1	
61	59	1/8	1/8		1/8	1		3	57	2	2	
61	59	1/8	1/32		1/32	1		7	61	2	1	
61	59	1/8	1/32		1/32	1		4	64	1	1	
61	59	5/32	1/32		1/32	1		7	61	2	1	
61	59	5/32	1/32		1/32	1		4	64	1	1	
61	59	3/16	1/32		1/32	1		2	62	2	1	
61	59	3/16	1/32		1/32	1		6	66	1	1	
61	59	7/32	1/32		1/32	1		4	64	2	1	
61	59	7/32	1/32		1/32	1		1	67	1	1	
61	59	1/4	1/8		1/8	1		3	57	2	2	
61	59	1/4	3/32		1/16	3/2		2	62	2	1	
61	59	9/32	1/32		1/32	1		6	66	1	1	
61	59	5/16	1/32		1/32	1		3	69	1	1	
61	59	11/32	1/32		1/32	1		4	64	2	1	
61	59	11/32	1/32		1/32	1		7	73	1	1	
61	59	3/8	1/8		1/8	1		3	57	2	2	
61	59	3/8	1/32		1/32	1		6	66	2	1	
61	59	3/8	1/32		1/32	1		2	74	1	1	
61	59	13/32	1/32		1/32	1		6	66	2	1	
61	59	13/32	1/32		1/32	1		3	69	1	1	
61	59	7/16	1/32		1/32	1		4	64	2	1	
61	59	7/16	1/32		1/32	1		1	67	1	1	
61	59	15/32	1/32		1/32	1		2	62	2	1	
61	59	15/32	1/32		1/32	1		6	66	1	1	
62	60	0	1/4		1/4	1	1	3	57	2	2	
62	60	0	3/32		1/16	3/2		7	61	2	1	
62	60	0	3/32		1/16	3/2		4	64	1	1	
62	60	3/32	1/32		1/32	1		7	61	2	1	
62	60	3/32	1/32		1/32	1		3	69	1	1	
62	60	1/8	3/32		1/16	3/2		6	66	2	1	
62	60	1/8	3/32		1/16	3/2		2	74	1	1	
62	60	7/32	1/32		1/32	1		5	59	2	1	
62	60	7/32	1/32		1/32	1		8	68	1	1	
62	60	1/4	0	appoggiatura	1/8	1		8	68	1	1	
62	60	1/4	1/8		1/8	1	-1	3	57	2	2	
62	60	1/4	1/4		1/4	1		7	61	1	2	
62	60	1/4	1/4		1/4	1		3	69	1	1	
62	60	15/32	1/32		1/32	1		3	45	2	2	
63	61	0	0	appoggiatura	1/8	1		5	59	2	1	
63	61	0	1/8		1/8	1		2	50	2	1	
63	61	3/32	1/32		1/32	1		6	66	1	2	
63	61	3/32	1/32		1/32	1		3	69	1	1	
63	61	1/8	1/4		1/4	1		2	50	2	1	
63	61	1/8	3/32		1/16	3/2		1	67	1	2	
63	61	1/8	3/32		1/16	3/2		5	71	1	1	
63	61	7/32	1/32		1/32	1		4	64	1	2	
63	61	7/32	1/32		1/32	1		7	73	1	1	
63	61	1/4	0	appoggiatura	1/8	1		7	73	1	1	
63	61	1/4	0	appoggiatura	1/8	1		4	64	1	2	
63	61	1/4	1/4		1/4	1		6	66	1	2	
63	61	1/4	1/4		1/4	1		2	74	1	1	
63	61	3/8	1/32		1/32	1		3	57	2	1	
63	61	13/32	1/32		1/32	1		1	55	2	1	
63	61	7/16	1/32		1/32	1		6	54	2	1	
63	61	15/32	1/32		1/32	1		4	52	2	1	
64	62	0	1/8		1/8	1		2	50	2	2	
64	62	3/32	1/32		1/32	1		3	57	2	1	
64	62	3/32	1/32		1/32	1		6	66	1	1	
64	62	1/8	1/8		1/8	1	1	2	50	2	2	
64	62	1/8	3/32		1/16	3/2		5	59	2	1	
64	62	1/8	3/32		1/16	3/2		1	67	1	1	
64	62	7/32	1/32		1/32	1		1	55	2	1	
64	62	7/32	1/32		1/32	1		7	61	1	1	
64	62	7/32	1/32		1/32	1		4	64	1	1	
64	62	1/4	3/32		1/16	3/2	-1	2	50	2	2	
64	62	1/4	1/8		1/8	1		3	57	2	1	
64	62	1/4	1/8		1/8	1		2	62	1	1	
64	62	1/4	1/8		1/8	1		6	66	1	1	
64	62	11/32	1/32		1/32	1		9	51	2	2	
64	62	3/8	1/32		1/32	1		4	52	2	2	
64	62	13/32	1/32		1/32	1		6	54	2	2	
64	62	7/16	1/32		1/32	1		1	55	2	2	
64	62	15/32	1/32		1/32	1		3	57	2	2	
65	63	0	3/32		1/16	3/2		5	59	2	2	
65	63	3/32	1/32		1/32	1		1	55	2	2	
65	63	1/8	1/4		1/4	1		6	54	2	1	
65	63	1/8	1/4		1/4	1		2	62	1	2	
65	63	1/8	3/32		1/16	3/2		2	74	1	1	
65	63	7/32	1/32		1/32	1		5	71	1	1	
65	63	1/4	0	appoggiatura	1/8	1		3	69	1	1	
65	63	1/4	1/4		1/4	1		1	67	1	1	
65	63	3/8	1/8		1/8	1		4	52	2	1	
65	63	3/8	1/8		1/8	1		7	61	1	2	
66	64	0	1/4		1/4	1		4	52	2	2	
66	64	1/8	3/32		1/16	3/2		-2	58	2	1	
66	64	1/8	1/8		1/8	1		7	61	1	2	
66	64	1/8	3/32		1/16	3/2	1	1	67	1	1	
66	64	7/32	1/32		1/32	1		3	57	2	1	
66	64	7/32	1/32		1/32	1	-1	1	67	1	1	
66	64	1/4	1/8		1/8	1		2	50	2	2	
66	64	1/4	1/8		1/8	1		3	57	2	1	
66	64	1/4	1/8		1/8	1		2	62	1	2	
66	64	1/4	3/32		1/16	3/2		6	66	1	1	
66	64	11/32	1/32		1/32	1		3	69	1	1	
66	64	3/8	1/8		1/8	1		0	48	2	2	
66	64	3/8	1/8		1/8	1		3	57	2	1	
66	64	3/8	1/8		1/8	1	1	9	63	1	1	
66	64	3/8	1/8		1/8	1		9	63	1	2	
67	65	0	1/8		1/8	1		5	47	2	2	
67	65	0	1/8		1/8	1		1	55	2	1	
67	65	0	1/16		1/16	1	-1	9	63	1	1	
67	65	1/16	1/16		1/16	1	1	9	63	1	1	
67	65	1/8	1/8		1/8	1		3	45	2	2	
67	65	1/8	1/8		1/8	1		6	54	2	1	
67	65	1/8	1/16		1/16	1	-1	9	63	1	1	
67	65	3/16	1/16		1/16	1		9	63	1	1	
67	65	1/4	3/16		1/8	3/2		1	43	2	2	
67	65	1/4	1/16		1/16	1		5	47	2	1	
67	65	1/4	1/32		1/32	1		4	64	1	1	
67	65	9/32	1/32		1/32	1		6	66	1	1	
67	65	5/16	1/8		1/8	1		4	52	2	1	
67	65	5/16	1/32		1/32	1		1	67	1	1	
67	65	11/32	1/32		1/32	1		3	69	1	1	
67	65	3/8	1/32		1/32	1		5	71	1	1	
67	65	13/32	1/32		1/32	1		1	67	1	1	
67	65	7/16	1/16		1/16	1		3	45	2	2	
67	65	7/16	1/32		1/32	1		2	50	2	1	
67	65	7/16	1/32		1/32	1		6	66	1	1	
67	65	15/32	1/32		1/32	1		7	49	2	1	
67	65	15/32	1/32		1/32	1		4	64	1	1	
68	66	0	1/8		1/8	1		2	50	2	1	
68	66	0	1/8		1/8	1		2	50	2	2	
68	66	0	1/32		1/32	1		6	66	1	1	
68	66	1/32	1/32		1/32	1		3	69	1	1	
68	66	1/16	1/32		1/32	1		5	71	1	1	
68	66	3/32	1/32		1/32	1		0	72	1	1	
68	66	1/8	1/8		1/8	1		6	54	2	2	
68	66	1/8	1/8		1/8	1		2	62	2	1	
68	66	5/32	1/32		1/32	1		4	76	1	1	
68	66	3/16	1/32		1/32	1		0	72	1	1	
68	66	7/32	1/32		1/32	1		3	69	1	1	
68	66	1/4	1/8		1/8	1		1	55	2	2	
68	66	1/4	1/8		1/8	1		2	62	2	1	
68	66	9/32	1/32		1/32	1		5	71	1	1	
68	66	5/16	1/32		1/32	1		7	73	1	1	
68	66	11/32	1/32		1/32	1		2	74	1	1	
68	66	3/8	1/8		1/8	1		8	56	2	2	
68	66	3/8	1/8		1/8	1		4	64	2	1	
68	66	13/32	1/32		1/32	1		6	78	1	1	
68	66	7/16	1/32		1/32	1		2	74	1	1	
68	66	15/32	1/32		1/32	1		5	71	1	1	
69	67	0	1/4		1/4	1	1	3	57	2	1	
69	67	0	3/32		1/16	3/2		4	64	1	1	
69	67	0	3/32		1/16	3/2		7	73	1	1	
69	67	3/32	1/32		1/32	1		7	61	1	1	
69	67	3/32	1/32		1/32	1		4	64	1	1	
69	67	1/8	1/24		1/16	2/3		2	62	1	1	
69	67	1/8	1/24		1/16	2/3		6	66	1	1	
69	67	1/6	1/24		1/16	2/3		2	74	1	1	
69	67	5/24	1/24		1/16	2/3		5	59	1	1	
69	67	5/24	1/24		1/16	2/3		8	68	1	1	
69	67	1/4	3/32		1/16	3/2	-1	3	57	2	1	
69	67	1/4	3/32		1/16	3/2		7	61	1	1	
69	67	1/4	3/32		1/16	3/2		3	69	1	1	
69	67	11/32	1/32		1/32	1		3	45	2	1	
69	67	11/32	1/32		1/32	1		7	49	1	1	
69	67	11/32	1/32		1/32	1		4	52	1	1	
69	67	3/8	1/8		1/8	1	1	3	45	2	1	
69	67	3/8	1/24		1/16	2/3		2	50	1	1	
69	67	3/8	1/24		1/16	2/3		6	54	1	1	
69	67	5/12	1/24		1/16	2/3		2	62	1	1	
69	67	11/24	1/24		1/16	2/3		5	47	1	1	
69	67	11/24	1/24		1/16	2/3		8	56	1	1	
70	68	0	0	appoggiatura	1/8	1		8	56	1	1	
70	68	0	1/8		1/8	1	-1	3	45	2	1	
70	68	0	1/8		1/8	1		3	57	1	1	
70	68	1/8	1/8		1/8	1		3	81	1	1	
70	68	1/4	0	grace16	1/16	1		1	79	1	1	
70	68	1/4	1/8		1/8	1		6	78	1	1	
70	68	3/8	0	grace16	1/16	1		4	76	1	1	
70	68	3/8	1/8		1/8	1		2	74	1	1	
71	69	0	0	grace16	1/16	1		5	83	1	1	
71	69	0	1/4		1/4	1		2	74	1	1	
71	69	1/8	1/8		1/8	1		3	69	1	2	
71	69	1/4	0	grace16	1/16	1		1	67	1	2	
71	69	1/4	1/8		1/8	1		6	66	1	2	
71	69	1/4	3/16		1/8	3/2		7	73	1	1	
71	69	3/8	0	grace16	1/16	1		4	64	1	2	
71	69	3/8	1/8		1/8	1		2	62	1	2	
71	69	7/16	1/16		1/16	1		2	74	1	1	
72	70	0	0	grace16	1/16	1		5	71	1	1	
72	70	0	1/8		1/8	1		2	62	2	1	
72	70	0	1/32		1/32	1		4	76	1	1	
72	70	1/32	1/32		1/32	1		4	76	1	1	
72	70	1/16	1/32		1/32	1		6	78	1	1	
72	70	3/32	1/32		1/32	1		1	79	1	1	
72	70	1/8	3/32		1/16	3/2		7	61	2	1	
72	70	1/8	1/32		1/32	1		3	69	1	1	
72	70	5/32	1/32		1/32	1		3	81	1	1	
72	70	3/16	1/32		1/32	1		6	78	1	1	
72	70	7/32	1/32		1/32	1		2	62	2	1	
72	70	7/32	1/32		1/32	1		2	74	1	1	
72	70	1/4	1/32		1/32	1		4	64	2	1	
72	70	1/4	1/8		1/8	1		2	74	1	1	
72	70	9/32	1/32		1/32	1		4	64	2	1	
72	70	5/16	1/32		1/32	1		6	66	2	1	
72	70	11/32	1/32		1/32	1		1	67	2	1	
72	70	3/8	1/32		1/32	1		3	57	2	1	
72	70	3/8	3/32		1/16	3/2		7	73	1	1	
72	70	13/32	1/32		1/32	1		3	69	2	1	
72	70	7/16	1/32		1/32	1		6	66	2	1	
72	70	15/32	1/32		1/32	1		2	62	2	1	
72	70	15/32	1/32		1/32	1		2	74	1	1	
73	71	0	1/8		1/8	1		7	61	2	1	
73	71	0	1/32		1/32	1		4	76	1	1	
73	71	1/32	1/32		1/32	1		4	76	1	1	
73	71	1/16	1/32		1/32	1		6	78	1	1	
73	71	3/32	1/32		1/32	1		1	79	1	1	
73	71	1/8	1/8		1/8	1		2	62	2	1	
73	71	1/8	1/8		1/8	1		3	69	2	1	
73	71	5/32	1/32		1/32	1		6	78	1	1	
73	71	3/16	1/32		1/32	1		3	81	1	1	
73	71	7/32	1/32		1/32	1		0	84	1	1	
73	71	1/4	1/4		1/4	1	1	10	82	1	1	
73	71	3/8	1/8		1/8	1		6	66	2	2	
73	71	3/8	1/8		1/8	1	1	2	74	2	1	
74	72	0	1/8		1/8	1		1	67	2	2	
74	72	0	1/16		1/16	1	-1	2	74	2	1	
74	72	0	1/8		1/8	1	-1	10	82	1	1	
74	72	1/16	1/8		1/8	1		9	75	2	1	
74	72	1/8	0	grace32	1/32	1		0	84	1	1	
74	72	1/8	1/4		1/4	1		1	67	2	2	
74	72	1/8	1/16		1/16	1		5	83	1	1	
74	72	3/16	1/16		1/16	1		4	76	2	1	
74	72	3/16	1/32		1/32	1		3	81	1	1	
74	72	7/32	1/32		1/32	1		1	79	1	1	
74	72	1/4	1/8		1/8	1		2	74	2	1	
74	72	1/4	1/8		1/8	1		6	78	1	1	
74	72	3/8	1/8		1/8	1		8	68	2	2	
74	72	3/8	3/32		1/16	3/2		7	73	2	1	
74	72	3/8	3/32		1/16	3/2		4	76	1	1	
74	72	15/32	1/32		1/32	1		5	71	2	1	
74	72	15/32	1/32		1/32	1		2	74	1	1	
75	73	0	1/8		1/8	1		3	69	2	1	
75	73	0	1/32		1/32	1		7	73	1	1	
75	73	1/32	1/32		1/32	1		3	69	1	1	
75	73	1/16	1/32		1/32	1		7	73	1	1	
75	73	3/32	1/32		1/32	1		4	76	1	1	
75	73	1/8	1/8		1/8	1		8	68	2	1	
75	73	5/32	1/32		1/32	1		5	71	1	1	
75	73	3/16	1/32		1/32	1		2	74	1	1	
75	73	7/32	1/32		1/32	1		-1	77	1	1	
75	73	1/4	1/4		1/4	1	1	9	75	1	1	
75	73	3/8	1/8		1/8	1		5	59	2	1	
75	73	3/8	1/8		1/8	1	1	1	67	1	2	
76	74	0	1/8		1/8	1		7	61	2	1	
76	74	0	1/16		1/16	1	-1	1	67	1	2	
76	74	0	1/8		1/8	1	-1	9	75	1	1	
76	74	1/16	1/8		1/8	1		8	68	1	2	
76	74	1/8	0	grace32	1/32	1		6	78	1	1	
76	74	1/8	1/4		1/4	1		7	61	2	1	
76	74	1/8	1/16		1/16	1		4	76	1	1	
76	74	3/16	1/16		1/16	1		3	69	1	2	
76	74	3/16	1/32		1/32	1		2	74	1	1	
76	74	7/32	1/32		1/32	1		7	73	1	1	
76	74	1/4	1/8		1/8	1		1	67	1	1	
76	74	1/4	1/8		1/8	1		5	71	1	1	
76	74	3/8	1/8		1/8	1		7	61	2	1	
76	74	3/8	3/32		1/16	3/2		6	66	1	1	
76	74	3/8	3/32		1/16	3/2		3	69	1	1	
76	74	15/32	1/32		1/32	1		4	64	1	1	
76	74	15/32	1/32		1/32	1		1	67	1	1	
77	75	0	1/16		1/16	1		2	62	1	2	
77	75	0	1/8		1/8	1		2	62	2	1	
77	75	0	1/32		1/32	1		6	66	1	1	
77	75	1/32	1/32		1/32	1		3	69	1	1	
77	75	1/16	1/8		1/8	1		2	62	1	2	
77	75	1/16	1/32		1/32	1		5	71	1	1	
77	75	3/32	1/32		1/32	1		0	72	1	1	
77	75	1/8	1/8		1/8	1		1	55	2	1	
77	75	1/8	1/32		1/32	1		5	71	1	1	
77	75	5/32	1/32		1/32	1		4	76	1	1	
77	75	3/16	1/16		1/16	1	1	4	64	1	2	
77	75	3/16	1/32		1/32	1		6	78	1	1	
77	75	7/32	1/32		1/32	1		1	79	1	1	
77	75	1/4	0	appoggiatura	1/8	1		2	74	1	1	
77	75	1/4	1/8		1/8	1		3	57	2	1	
77	75	1/4	1/24		1/16	2/3	-1	4	64	1	2	
77	75	1/4	1/4		1/4	1		0	72	1	1	
77	75	7/24	1/24		1/16	2/3		1	67	1	2	
77	75	1/3	1/24		1/16	2/3		6	66	1	2	
77	75	3/8	1/8		1/8	1		10	58	2	1	
77	75	3/8	1/8		1/8	1		6	66	1	2	
78	76	1/8	1/8		1/8	1		5	59	2	2	
78	76	1/8	1/8		1/8	1		2	62	2	1	
78	76	1/8	3/32		1/16	3/2		6	66	1	1	
78	76	7/32	1/32		1/32	1		2	74	1	1	
78	76	1/4	0	appoggiatura	1/8	1		3	69	1	1	
78	76	1/4	1/4		1/4	1		5	59	2	2	
78	76	1/4	1/4		1/4	1		2	62	2	1	
78	76	1/4	1/4		1/4	1		-1	65	2	1	
78	76	1/4	1/4		1/4	1		8	68	1	1	
79	77	3/32	1/32		1/32	1		5	71	1	1	
79	77	1/8	0	grace32	1/32	1		3	69	1	1	
79	77	1/8	1/8		1/8	1		7	49	2	2	
79	77	1/8	1/16		1/16	1		4	52	2	1	
79	77	1/8	3/32		1/16	3/2		1	67	1	1	
79	77	3/16	1/16		1/16	1	1	3	57	2	1	
79	77	7/32	0	grace32	1/32	1		6	66	1	1	
79	77	7/32	1/32		1/32	1		4	64	1	1	
79	77	1/4	1/8		1/8	1		2	50	2	2	
79	77	1/4	1/8		1/8	1	-1	3	57	2	1	
79	77	1/4	1/32		1/32	1		6	66	1	1	
79	77	9/32	1/32		1/32	1		2	62	1	1	
79	77	9/32	1/16		1/16	1		2	62	1	2	
79	77	5/16	1/32		1/32	1		5	71	1	1	
79	77	11/32	1/32		1/32	1		4	64	1	2	
79	77	11/32	1/32		1/32	1		1	67	1	1	
79	77	3/8	0	grace16	1/16	1		1	67	1	1	
79	77	3/8	0	grace16	1/16	1		4	64	1	2	
79	77	3/8	1/8		1/8	1		8	56	2	2	
79	77	3/8	1/8		1/8	1		2	62	1	2	
79	77	3/8	1/8		1/8	1		6	66	1	1	
80	78	0	0	grace16	1/16	1		4	64	1	2	
80	78	0	0	grace16	1/16	1		6	66	1	2	
80	78	0	1/8		1/8	1		3	57	2	1	
80	78	0	1/8		1/8	1		7	61	1	2	
80	78	0	3/32		1/16	3/2		4	64	1	1	
80	78	3/32	1/32		1/32	1		4	76	1	1	
80	78	1/8	1/16		1/16	1		5	71	1	1	
80	78	3/16	1/32		1/32	1		7	73	1	1	
80	78	7/32	1/32		1/32	1		2	74	1	1	
80	78	1/4	3/32		1/16	3/2		3	57	1	2	
80	78	1/4	1/8		1/8	1		2	74	1	1	
80	78	11/32	1/32		1/32	1		3	69	1	2	
80	78	3/8	1/16		1/16	1		4	64	1	2	
80	78	3/8	1/16		1/16	1		7	73	1	1	
80	78	7/16	1/32		1/32	1		6	66	1	2	
80	78	7/16	1/32		1/32	1		2	74	1	1	
80	78	15/32	1/32		1/32	1		1	67	1	2	
80	78	15/32	1/32		1/32	1		4	76	1	1	
81	79	0	3/32		1/16	3/2		2	38	2	1	
81	79	0	1/8		1/8	1		1	67	1	2	
81	79	0	1/8		1/8	1		4	76	1	1	
81	79	3/32	1/32		1/32	1		2	50	2	1	
81	79	1/8	1/16		1/16	1		3	45	2	1	
81	79	1/8	1/16		1/16	1		6	66	1	2	
81	79	1/8	1/8		1/8	1		2	74	1	1	
81	79	3/16	1/32		1/32	1		5	47	2	1	
81	79	3/16	1/32		1/32	1		1	67	1	2	
81	79	7/32	1/32		1/32	1		0	48	2	1	
81	79	7/32	1/32		1/32	1		3	69	1	2	
81	79	1/4	1/8		1/8	1		5	47	2	1	
81	79	1/4	3/32		1/16	3/2		2	62	1	1	
81	79	1/4	1/8		1/8	1		1	67	1	2	
81	79	11/32	1/32		1/32	1		2	74	1	1	
81	79	3/8	1/8		1/8	1		2	50	2	1	
81	79	3/8	1/8		1/8	1	1	6	66	1	2	
81	79	3/8	1/16		1/16	1		3	69	1	1	
81	79	7/16	1/32		1/32	1		5	71	1	1	
81	79	15/32	1/32		1/32	1		0	72	1	1	
82	80	0	1/8		1/8	1		1	43	2	2	
82	80	0	3/32		1/16	3/2	-1	6	66	1	2	
82	80	0	1/8		1/8	1	1	5	71	1	1	
82	80	3/32	1/32		1/32	1		4	64	1	2	
82	80	1/8	1/8		1/8	1		8	44	2	2	
82	80	1/8	1/16		1/16	1		5	59	2	1	
82	80	1/8	1/8		1/8	1	0	5	71	1	1	
82	80	3/16	1/32		1/32	1		7	61	2	1	
82	80	7/32	1/32		1/32	1		2	62	2	1	
82	80	1/4	1/8		1/8	1		3	45	2	2	
82	80	1/4	3/32		1/16	3/2		7	61	1	2	
82	80	1/4	1/8		1/8	1	-1	5	71	1	1	
82	80	11/32	1/32		1/32	1		2	62	1	2	
82	80	3/8	1/8		1/8	1		7	49	2	2	
82	80	3/8	1/8		1/8	1	1	4	64	1	2	
82	80	3/8	3/32		1/16	3/2		3	69	1	1	
82	80	15/32	1/32		1/32	1		1	67	1	1	
83	81	0	1/8		1/8	1		2	38	2	1	
83	81	0	1/8		1/8	1	-1	4	64	1	2	
83	81	0	3/32		1/16	3/2		6	66	1	1	
83	81	3/32	1/32		1/32	1		1	67	1	1	
83	81	1/8	1/8		1/8	1		6	42	2	1	
83	81	1/8	3/32		1/16	3/2		2	62	1	2	
83	81	1/8	1/8		1/8	1	1	3	69	1	1	
83	81	7/32	1/32		1/32	1		7	61	1	2	
83	81	1/4	1/8		1/8	1		1	43	2	1	
83	81	1/4	3/32		1/16	3/2		5	59	1	2	
83	81	1/4	1/8		1/8	1	-1	3	69	1	1	
83	81	11/32	1/32		1/32	1		7	61	1	2	
83	81	3/8	1/8		1/8	1		5	47	2	1	
83	81	3/8	1/8		1/8	1	1	2	62	1	2	
83	81	3/8	3/32		1/16	3/2		1	67	1	1	
83	81	15/32	1/32		1/32	1		6	66	1	1	
84	82	0	3/32		1/16	3/2		7	49	2	1	
84	82	0	3/32		1/16	3/2	-1	2	62	1	2	
84	82	0	3/32		1/16	3/2		4	64	1	1	
84	82	3/32	1/32		1/32	1		4	40	2	1	
84	82	3/32	1/32		1/32	1		7	61	1	2	
84	82	3/32	1/32		1/32	1		5	71	1	1	
84	82	1/8	3/32		1/16	3/2		6	42	2	1	
84	82	1/8	3/32		1/16	3/2		2	62	1	2	
84	82	1/8	3/32		1/16	3/2		3	69	1	1	
84	82	7/32	1/32		1/32	1		1	43	2	1	
84	82	7/32	1/32		1/32	1		4	64	1	2	
84	82	7/32	1/32		1/32	1		1	67	1	1	
84	82	1/4	0	appoggiatura	1/8	1		6	66	1	1	
84	82	1/4	0	appoggiatura	1/8	1		2	62	1	2	
84	82	1/4	1/4		1/4	1		3	45	2	2	
84	82	1/4	1/4		1/4	1		7	61	1	2	
84	82	1/4	1/8		1/8	1	1	4	64	1	1	
84	82	5/16	1/8		1/8	1		3	57	2	1	
84	82	3/8	1/16		1/16	1	0	4	64	1	1	
84	82	7/16	1/16		1/16	1		1	55	2	1	
84	82	7/16	1/16		1/16	1	-1	4	64	1	1	
85	83	0	1/4		1/4	1		2	50	2	1	
85	83	0	3/32		1/16	3/2		1	55	1	1	
85	83	0	3/32		1/16	3/2		2	62	1	1	
85	83	3/32	1/32		1/32	1		6	54	1	1	
85	83	3/32	1/32		1/32	1		3	57	1	1	
85	83	1/8	1/24		1/16	2/3		1	55	1	1	
85	83	1/8	1/24		1/16	2/3		5	59	1	1	
85	83	1/6	1/24		1/16	2/3		1	67	1	1	
85	83	5/24	1/24		1/16	2/3		4	52	1	1	
85	83	5/24	1/24		1/16	2/3		7	61	1	1	
85	83	1/4	0	grace16	1/16	1		7	61	1	1	
85	83	1/4	0	grace16	1/16	1		4	52	2	2	
85	83	1/4	1/8		1/8	1		2	50	2	2	
85	83	1/4	1/8		1/8	1		6	54	2	1	
85	83	1/4	1/8		1/8	1		2	62	1	1	
