mc	mn	quarterbeats	duration_qb	mc_onset	mn_onset	timesig	staff	voice	duration	gracenote	nominal_duration	scalar	tied	tpc	midi	name	octave	chord_id
1	1	0	0.125	0	0	3/8	1	1	1/32		1/32	1		0	72	C5	5	0
1	1	1/8	0.125	1/32	1/32	3/8	1	1	1/32		1/32	1		2	74	D5	5	1
1	1	1/4	0.125	1/16	1/16	3/8	1	1	1/32		1/32	1		4	76	E5	5	2
1	1	3/8	0.125	3/32	3/32	3/8	1	1	1/32		1/32	1		2	74	D5	5	3
1	1	1/2	0.5	1/8	1/8	3/8	2	2	1/8		1/8	1		0	60	C4	4	7
1	1	1/2	0.5	1/8	1/8	3/8	2	1	1/8		1/8	1		4	64	E4	4	5
1	1	1/2	0.5	1/8	1/8	3/8	1	1	1/8		1/8	1		0	72	C5	5	4
1	1	1	0.5	1/4	1/4	3/8	2	2	1/8		1/8	1		5	59	B3	3	8
1	1	1	0.5	1/4	1/4	3/8	2	1	1/8		1/8	1		4	64	E4	4	6
2	2	3/2	0.125	0	0	3/8	1	1	1/32		1/32	1		0	72	C5	5	9
2	2	13/8	0.125	1/32	1/32	3/8	1	1	1/32		1/32	1		2	74	D5	5	10
2	2	7/4	0.125	1/16	1/16	3/8	1	1	1/32		1/32	1		4	76	E5	5	11
2	2	15/8	0.125	3/32	3/32	3/8	1	1	1/32		1/32	1		2	74	D5	5	12
2	2	2	0.5	1/8	1/8	3/8	2	2	1/8		1/8	1		3	57	A3	3	16
2	2	2	0.5	1/8	1/8	3/8	2	1	1/8		1/8	1		4	64	E4	4	14
2	2	2	0.5	1/8	1/8	3/8	1	1	1/8		1/8	1		0	72	C5	5	13
2	2	5/2	0.5	1/4	1/4	3/8	2	2	1/8		1/8	1		1	55	G3	3	17
2	2	5/2	0.5	1/4	1/4	3/8	2	1	1/8		1/8	1		4	64	E4	4	15
3	3	3	0.5	0	0	3/8	2	2	1/8		1/8	1		-1	53	F3	3	25
3	3	3	0.5	0	0	3/8	2	1	1/8		1/8	1		0	60	C4	4	22
3	3	3	0.5	0	0	3/8	1	1	1/8		1/8	1		2	74	D5	5	18
3	3	7/2	0.5	1/8	1/8	3/8	2	2	1/8		1/8	1		-1	53	F3	3	26
3	3	7/2	0.5	1/8	1/8	3/8	2	1	1/8		1/8	1		0	60	C4	4	23
3	3	7/2	0.75	1/8	1/8	3/8	1	1	3/16		1/8	3/2		2	74	D5	5	19
3	3	4	0.5	1/4	1/4	3/8	2	2	1/8		1/8	1		1	55	G3	3	27
3	3	4	0.5	1/4	1/4	3/8	2	1	1/8		1/8	1		5	59	B3	3	24
3	3	17/4	0.125	5/16	5/16	3/8	1	1	1/32		1/32	1		4	76	E5	5	20
3	3	35/8	0.125	11/32	11/32	3/8	1	1	1/32		1/32	1		-1	77	F5	5	21
4	4	9/2	0.0	0	0	3/8	1	1	0	grace32	1/32	2/3		-1	77	F5	5	28
4	4	9/2	0.5	0	0	3/8	2	2	1/8		1/8	1		0	48	C3	3	37
4	4	9/2	0.5	0	0	3/8	2	1	1/8		1/8	1		0	60	C4	4	34
4	4	9/2	0.16666666666666666	0	0	3/8	1	1	1/24		1/16	2/3		4	76	E5	5	29
4	4	14/3	0.16666666666666666	1/24	1/24	3/8	1	1	1/24		1/16	2/3		2	74	D5	5	30
4	4	29/6	0.16666666666666666	1/12	1/12	3/8	1	1	1/24		1/16	2/3		0	72	C5	5	31
4	4	5	0.5	1/8	1/8	3/8	2	2	1/8		1/8	1		4	52	E3	3	38
4	4	5	0.5	1/8	1/8	3/8	2	1	1/8		1/8	1		1	55	G3	3	35
4	4	5	0.5	1/8	1/8	3/8	1	1	1/8		1/8	1		0	72	C5	5	32
4	4	11/2	0.5	1/4	1/4	3/8	2	2	1/8		1/8	1		4	52	E3	3	39
4	4	11/2	0.5	1/4	1/4	3/8	2	1	1/8		1/8	1	1	0	60	C4	4	36
4	4	23/4	0.25	5/16	5/16	3/8	1	1	1/16		1/16	1		0	84	C6	6	33
5	5	6	0.5	0	0	3/8	2	2	1/8		1/8	1		-1	53	F3	3	47
5	5	6	0.5	0	0	3/8	2	1	1/8		1/8	1	-1	0	60	C4	4	44
5	5	6	0.5	0	0	3/8	1	1	1/8		1/8	1		2	74	D5	5	40
5	5	13/2	0.5	1/8	1/8	3/8	2	2	1/8		1/8	1		-1	53	F3	3	48
5	5	13/2	0.5	1/8	1/8	3/8	2	1	1/8		1/8	1		0	60	C4	4	45
5	5	13/2	0.75	1/8	1/8	3/8	1	1	3/16		1/8	3/2		2	74	D5	5	41
5	5	7	0.5	1/4	1/4	3/8	2	2	1/8		1/8	1		1	55	G3	3	49
5	5	7	0.5	1/4	1/4	3/8	2	1	1/8		1/8	1		5	59	B3	3	46
5	5	29/4	0.125	5/16	5/16	3/8	1	1	1/32		1/32	1		4	76	E5	5	42
5	5	59/8	0.125	11/32	11/32	3/8	1	1	1/32		1/32	1		-1	77	F5	5	43
6	6	15/2	0.0	0	0	3/8	1	1	0	grace32	1/32	2/3		-1	77	F5	5	50
6	6	15/2	0.5	0	0	3/8	2	2	1/8		1/8	1		0	48	C3	3	59
6	6	15/2	0.5	0	0	3/8	2	1	1/8		1/8	1		0	60	C4	4	56
6	6	15/2	0.16666666666666666	0	0	3/8	1	1	1/24		1/16	2/3		4	76	E5	5	51
6	6	23/3	0.16666666666666666	1/24	1/24	3/8	1	1	1/24		1/16	2/3		2	74	D5	5	52
6	6	47/6	0.16666666666666666	1/12	1/12	3/8	1	1	1/24		1/16	2/3		0	72	C5	5	53
6	6	8	0.5	1/8	1/8	3/8	2	2	1/8		1/8	1		4	52	E3	3	60
6	6	8	0.5	1/8	1/8	3/8	2	1	1/8		1/8	1		1	55	G3	3	57
6	6	8	0.5	1/8	1/8	3/8	1	1	1/8		1/8	1		0	72	C5	5	54
6	6	17/2	0.5	1/4	1/4	3/8	2	2	1/8		1/8	1		0	48	C3	3	61
6	6	17/2	0.5	1/4	1/4	3/8	2	1	1/8		1/8	1		4	52	E3	3	58
6	6	35/4	0.25	5/16	5/16	3/8	1	1	1/16		1/16	1		0	84	C6	6	55
7	7	9	0.5	0	0	3/8	1	1	1/8		1/8	1	1	-2	82	Bb5	5	62
7	7	19/2	0.5	1/8	1/8	3/8	2	2	1/8		1/8	1		0	60	C4	4	71
7	7	19/2	0.5	1/8	1/8	3/8	2	1	1/8		1/8	1		-1	65	F4	4	69
7	7	19/2	0.16666666666666666	1/8	1/8	3/8	1	1	1/24		1/16	2/3	-1	-2	82	Bb5	5	63
7	7	29/3	0.16666666666666666	1/6	1/6	3/8	1	1	1/24		1/16	2/3		3	81	A5	5	64
7	7	59/6	0.16666666666666666	5/24	5/24	3/8	1	1	1/24		1/16	2/3		1	79	G5	5	65
7	7	10	0.5	1/4	1/4	3/8	2	2	1/8		1/8	1		0	60	C4	4	72
7	7	10	0.5	1/4	1/4	3/8	2	1	1/8		1/8	1		3	69	A4	4	70
7	7	10	0.16666666666666666	1/4	1/4	3/8	1	1	1/24		1/16	2/3		-1	77	F5	5	66
7	7	61/6	0.16666666666666666	7/24	7/24	3/8	1	1	1/24		1/16	2/3		0	84	C6	6	67
7	7	31/3	0.16666666666666666	1/3	1/3	3/8	1	1	1/24		1/16	2/3		3	81	A5	5	68
8	8	21/2	0.5	0	0	3/8	1	1	1/8		1/8	1	1	3	81	A5	5	73
8	8	11	0.5	1/8	1/8	3/8	2	2	1/8		1/8	1		0	60	C4	4	82
8	8	11	0.5	1/8	1/8	3/8	2	1	1/8		1/8	1		4	64	E4	4	80
8	8	11	0.16666666666666666	1/8	1/8	3/8	1	1	1/24		1/16	2/3	-1	3	81	A5	5	74
8	8	67/6	0.16666666666666666	1/6	1/6	3/8	1	1	1/24		1/16	2/3		1	79	G5	5	75
8	8	34/3	0.16666666666666666	5/24	5/24	3/8	1	1	1/24		1/16	2/3		-1	77	F5	5	76
8	8	23/2	0.5	1/4	1/4	3/8	2	2	1/8		1/8	1		0	60	C4	4	83
8	8	23/2	0.5	1/4	1/4	3/8	2	1	1/8		1/8	1		1	67	G4	4	81
8	8	23/2	0.16666666666666666	1/4	1/4	3/8	1	1	1/24		1/16	2/3		4	76	E5	5	77
8	8	35/3	0.16666666666666666	7/24	7/24	3/8	1	1	1/24		1/16	2/3		0	84	C6	6	78
8	8	71/6	0.16666666666666666	1/3	1/3	3/8	1	1	1/24		1/16	2/3		1	79	G5	5	79
9	9	12	0.5	0	0	3/8	1	1	1/8		1/8	1	1	1	79	G5	5	84
9	9	25/2	0.5	1/8	1/8	3/8	2	2	1/8		1/8	1		5	59	B3	3	93
9	9	25/2	0.5	1/8	1/8	3/8	2	1	1/8		1/8	1		2	62	D4	4	91
9	9	25/2	0.16666666666666666	1/8	1/8	3/8	1	1	1/24		1/16	2/3	-1	1	79	G5	5	85
9	9	38/3	0.16666666666666666	1/6	1/6	3/8	1	1	1/24		1/16	2/3		-1	77	F5	5	86
9	9	77/6	0.16666666666666666	5/24	5/24	3/8	1	1	1/24		1/16	2/3		4	76	E5	5	87
9	9	13	0.5	1/4	1/4	3/8	2	2	1/8		1/8	1		5	59	B3	3	94
9	9	13	0.5	1/4	1/4	3/8	2	1	1/8		1/8	1		1	67	G4	4	92
9	9	13	0.16666666666666666	1/4	1/4	3/8	1	1	1/24		1/16	2/3		2	74	D5	5	88
9	9	79/6	0.16666666666666666	7/24	7/24	3/8	1	1	1/24		1/16	2/3		2	86	D6	6	89
9	9	40/3	0.16666666666666666	1/3	1/3	3/8	1	1	1/24		1/16	2/3		-1	77	F5	5	90
10	10	27/2	0.5	0	0	3/8	2	2	1/8		1/8	1		0	60	C4	4	103
10	10	27/2	0.5	0	0	3/8	2	1	1/8		1/8	1		1	67	G4	4	100
10	10	27/2	0.25	0	0	3/8	1	1	1/16		1/16	1		4	76	E5	5	95
10	10	55/4	0.25	1/16	1/16	3/8	1	1	1/16		1/16	1		0	72	C5	5	96
10	10	14	0.5	1/8	1/8	3/8	2	2	1/8		1/8	1		4	52	E3	3	104
10	10	14	0.5	1/8	1/8	3/8	2	1	1/8		1/8	1		0	60	C4	4	101
10	10	14	0.75	1/8	1/8	3/8	1	1	3/16		1/8	3/2		1	67	G4	4	97
10	10	29/2	0.5	1/4	1/4	3/8	2	2	1/8		1/8	1		0	48	C3	3	105
10	10	29/2	0.5	1/4	1/4	3/8	2	1	1/8		1/8	1		0	60	C4	4	102
10	10	59/4	0.125	5/16	5/16	3/8	1	1	1/32		1/32	1		3	69	A4	4	98
10	10	119/8	0.125	11/32	11/32	3/8	1	1	1/32		1/32	1		-2	70	Bb4	4	99
11	11	15	0.5	0	0	3/8	1	1	1/8		1/8	1	1	-2	70	Bb4	4	106
11	11	31/2	0.5	1/8	1/8	3/8	2	2	1/8		1/8	1		-1	53	F3	3	115
11	11	31/2	0.5	1/8	1/8	3/8	2	1	1/8		1/8	1		0	60	C4	4	113
11	11	31/2	0.16666666666666666	1/8	1/8	3/8	1	1	1/24		1/16	2/3	-1	-2	70	Bb4	4	107
11	11	47/3	0.16666666666666666	1/6	1/6	3/8	1	1	1/24		1/16	2/3		3	69	A4	4	108
11	11	95/6	0.16666666666666666	5/24	5/24	3/8	1	1	1/24		1/16	2/3		1	67	G4	4	109
11	11	16	0.5	1/4	1/4	3/8	2	2	1/8		1/8	1		-1	53	F3	3	116
11	11	16	0.5	1/4	1/4	3/8	2	1	1/8		1/8	1		3	57	A3	3	114
11	11	16	0.16666666666666666	1/4	1/4	3/8	1	1	1/24		1/16	2/3		-1	65	F4	4	110
11	11	97/6	0.16666666666666666	7/24	7/24	3/8	1	1	1/24		1/16	2/3		0	72	C5	5	111
11	11	49/3	0.16666666666666666	1/3	1/3	3/8	1	1	1/24		1/16	2/3		3	69	A4	4	112
12	12	33/2	0.5	0	0	3/8	1	1	1/8		1/8	1	1	3	69	A4	4	117
12	12	17	0.5	1/8	1/8	3/8	2	2	1/8		1/8	1		4	52	E3	3	126
12	12	17	0.5	1/8	1/8	3/8	2	1	1/8		1/8	1		0	60	C4	4	124
12	12	17	0.16666666666666666	1/8	1/8	3/8	1	1	1/24		1/16	2/3	-1	3	69	A4	4	118
12	12	103/6	0.16666666666666666	1/6	1/6	3/8	1	1	1/24		1/16	2/3		1	67	G4	4	119
12	12	52/3	0.16666666666666666	5/24	5/24	3/8	1	1	1/24		1/16	2/3		-1	65	F4	4	120
12	12	35/2	0.5	1/4	1/4	3/8	2	2	1/8		1/8	1		0	48	C3	3	127
12	12	35/2	0.5	1/4	1/4	3/8	2	1	1/8		1/8	1		1	55	G3	3	125
12	12	35/2	0.16666666666666666	1/4	1/4	3/8	1	1	1/24		1/16	2/3		4	64	E4	4	121
12	12	53/3	0.16666666666666666	7/24	7/24	3/8	1	1	1/24		1/16	2/3		0	72	C5	5	122
12	12	107/6	0.16666666666666666	1/3	1/3	3/8	1	1	1/24		1/16	2/3		1	67	G4	4	123
13	13	18	0.5	0	0	3/8	1	1	1/8		1/8	1	1	1	67	G4	4	128
13	13	37/2	0.5	1/8	1/8	3/8	2	2	1/8		1/8	1		5	47	B2	2	137
13	13	37/2	0.5	1/8	1/8	3/8	2	1	1/8		1/8	1		2	50	D3	3	135
13	13	37/2	0.16666666666666666	1/8	1/8	3/8	1	1	1/24		1/16	2/3	-1	1	67	G4	4	129
13	13	56/3	0.16666666666666666	1/6	1/6	3/8	1	1	1/24		1/16	2/3		-1	65	F4	4	130
13	13	113/6	0.16666666666666666	5/24	5/24	3/8	1	1	1/24		1/16	2/3		4	64	E4	4	131
13	13	19	0.5	1/4	1/4	3/8	2	2	1/8		1/8	1		5	47	B2	2	138
13	13	19	0.5	1/4	1/4	3/8	2	1	1/8		1/8	1		1	55	G3	3	136
13	13	19	0.16666666666666666	1/4	1/4	3/8	1	1	1/24		1/16	2/3		2	62	D4	4	132
13	13	115/6	0.16666666666666666	7/24	7/24	3/8	1	1	1/24		1/16	2/3		2	74	D5	5	133
13	13	58/3	0.16666666666666666	1/3	1/3	3/8	1	1	1/24		1/16	2/3		-1	65	F4	4	134
14	14	39/2	0.0	0	0	3/8	1	1	0	grace32	1/32	2/3		-1	65	F4	4	139
14	14	39/2	0.5	0	0	3/8	2	2	1/8		1/8	1		0	48	C3	3	145
14	14	39/2	0.5	0	0	3/8	2	1	1/8		1/8	1		1	55	G3	3	144
14	14	39/2	0.16666666666666666	0	0	3/8	1	1	1/24		1/16	2/3		4	64	E4	4	140
14	14	59/3	0.16666666666666666	1/24	1/24	3/8	1	1	1/24		1/16	2/3		2	62	D4	4	141
14	14	119/6	0.16666666666666666	1/12	1/12	3/8	1	1	1/24		1/16	2/3		0	60	C4	4	142
14	14	20	0.5	1/8	1/8	3/8	1	1	1/8		1/8	1		0	60	C4	4	143
14	14	81/4	0.25	3/16	3/16	3/8	2	2	1/16		1/16	1		0	48	C3	3	146
14	14	41/2	0.25	1/4	1/4	3/8	2	2	1/16		1/16	1		4	52	E3	3	147
14	14	83/4	0.25	5/16	5/16	3/8	2	2	1/16		1/16	1		1	55	G3	3	148
15	15	21	1.0	0	0	3/8	2	1	1/4		1/4	1		0	60	C4	4	153
15	15	43/2	0.5	1/8	1/8	3/8	1	2	1/8		1/8	1		0	72	C5	5	151
15	15	43/2	0.5	1/8	1/8	3/8	1	1	1/8		1/8	1		4	76	E5	5	149
15	15	22	0.5	1/4	1/4	3/8	1	2	1/8		1/8	1		5	71	B4	4	152
15	15	22	0.5	1/4	1/4	3/8	1	1	1/8		1/8	1		2	74	D5	5	150
16	16	45/2	0.0	0	0	3/8	1	1	0	appoggiatura	1/8	1		2	74	D5	5	154
16	16	45/2	0.0	0	0	3/8	1	2	0	appoggiatura	1/8	1		5	71	B4	4	157
16	16	45/2	1.0	0	0	3/8	1	2	1/4		1/4	1		3	69	A4	4	158
16	16	45/2	1.0	0	0	3/8	1	1	1/4		1/4	1		0	72	C5	5	155
16	16	23	0.5	1/8	1/8	3/8	2	1	1/8		1/8	1		4	64	E4	4	160
16	16	47/2	0.5	1/4	1/4	3/8	2	1	1/8		1/8	1		2	62	D4	4	161
16	16	47/2	0.5	1/4	1/4	3/8	1	2	1/8		1/8	1		1	67	G4	4	159
16	16	47/2	0.5	1/4	1/4	3/8	1	1	1/8		1/8	1		5	71	B4	4	156
17	17	24	1.0	0	0	3/4	2	1	1/4		1/4	1		0	60	C4	4	170
17	17	24	0.5	0	0	3/4	1	2	1/8		1/8	1		1	67	G4	4	166
17	17	24	0.5	0	0	3/4	1	1	1/8		1/8	1		3	69	A4	4	162
17	17	49/2	1.0	1/8	1/8	3/4	1	2	1/4		1/4	1		1	67	G4	4	167
17	17	49/2	1.0	1/8	1/8	3/4	1	1	1/4		1/4	1		3	69	A4	4	163
17	17	25	1.0	1/4	1/4	3/4	2	1	1/4		1/4	1		2	62	D4	4	171
17	17	51/2	0.5	3/8	3/8	3/4	1	2	1/8		1/8	1		1	67	G4	4	168
17	17	51/2	0.5	3/8	3/8	3/4	1	1	1/8		1/8	1		3	69	A4	4	164
17	17	26	1.0	1/2	1/2	3/4	2	1	1/4		1/4	1		-3	63	Eb4	4	172
17	17	26	1.0	1/2	1/2	3/4	1	2	1/4		1/4	1		1	67	G4	4	169
17	17	26	1.0	1/2	1/2	3/4	1	1	1/4		1/4	1		3	69	A4	4	165
18	18	27	0.0	0	0	3/8	1	1	0	grace32	1/32	1		0	72	C5	5	173
18	18	27	1.0	0	0	3/8	2	1	1/4		1/4	1		2	62	D4	4	182
18	18	27	0.5	0	0	3/8	1	2	1/8		1/8	1		1	67	G4	4	179
18	18	27	0.25	0	0	3/8	1	1	1/16		1/16	1		5	71	B4	4	174
18	18	109/4	0.125	1/16	1/16	3/8	1	1	1/32		1/32	1		3	69	A4	4	175
18	18	219/8	0.125	3/32	3/32	3/8	1	1	1/32		1/32	1		5	71	B4	4	176
18	18	55/2	0.75	1/8	1/8	3/8	1	2	3/16		1/8	3/2		5	71	B4	4	180
18	18	55/2	0.75	1/8	1/8	3/8	1	1	3/16		1/8	3/2		1	79	G5	5	177
18	18	28	0.5	1/4	1/4	3/8	2	1	1/8		1/8	1		7	61	C#4	4	183
18	18	113/4	0.25	5/16	5/16	3/8	1	2	1/16		1/16	1		1	67	G4	4	181
18	18	113/4	0.25	5/16	5/16	3/8	1	1	1/16		1/16	1		5	71	B4	4	178
19	19	57/2	0.0	0	0	3/8	1	1	0	grace16	1/16	1		0	72	C5	5	184
19	19	57/2	0.5	0	0	3/8	2	1	1/8		1/8	1		2	62	D4	4	189
19	19	57/2	0.5	0	0	3/8	1	2	1/8		1/8	1		1	67	G4	4	187
19	19	57/2	0.5	0	0	3/8	1	1	1/8		1/8	1		5	71	B4	4	185
19	19	29	0.5	1/8	1/8	3/8	2	1	1/8		1/8	1		2	50	D3	3	190
19	19	29	0.5	1/8	1/8	3/8	1	2	1/8		1/8	1		6	66	F#4	4	188
19	19	29	0.5	1/8	1/8	3/8	1	1	1/8		1/8	1		3	69	A4	4	186
20	20	30	0.125	0	0	3/8	2	1	1/32		1/32	1		2	38	D2	2	197
20	20	241/8	0.125	1/32	1/32	3/8	2	1	1/32		1/32	1		4	40	E2	2	198
20	20	121/4	0.125	1/16	1/16	3/8	2	1	1/32		1/32	1		6	42	F#2	2	199
20	20	243/8	0.125	3/32	3/32	3/8	2	1	1/32		1/32	1		4	40	E2	2	200
20	20	61/2	0.5	1/8	1/8	3/8	2	1	1/8		1/8	1		2	38	D2	2	201
20	20	123/4	0.25	3/16	3/16	3/8	1	2	1/16		1/16	1		0	72	C5	5	194
20	20	123/4	0.25	3/16	3/16	3/8	1	1	1/16		1/16	1		4	76	E5	5	191
20	20	31	0.25	1/4	1/4	3/8	1	2	1/16		1/16	1		5	71	B4	4	195
20	20	31	0.25	1/4	1/4	3/8	1	1	1/16		1/16	1		2	74	D5	5	192
20	20	125/4	0.25	5/16	5/16	3/8	1	2	1/16		1/16	1		3	69	A4	4	196
20	20	125/4	0.25	5/16	5/16	3/8	1	1	1/16		1/16	1		0	72	C5	5	193
21	21	63/2	0.125	0	0	3/8	2	1	1/32		1/32	1		1	43	G2	2	210
21	21	63/2	0.5	0	0	3/8	1	2	1/8		1/8	1		1	67	G4	4	206
21	21	63/2	0.5	0	0	3/8	1	1	1/8		1/8	1		5	71	B4	4	202
21	21	253/8	0.125	1/32	1/32	3/8	2	1	1/32		1/32	1		3	45	A2	2	211
21	21	127/4	0.125	1/16	1/16	3/8	2	1	1/32		1/32	1		5	47	B2	2	212
21	21	255/8	0.125	3/32	3/32	3/8	2	1	1/32		1/32	1		3	45	A2	2	213
21	21	32	0.5	1/8	1/8	3/8	2	1	1/8		1/8	1		1	43	G2	2	214
21	21	129/4	0.25	3/16	3/16	3/8	1	2	1/16		1/16	1		5	71	B4	4	207
21	21	129/4	0.25	3/16	3/16	3/8	1	1	1/16		1/16	1		2	74	D5	5	203
21	21	65/2	0.25	1/4	1/4	3/8	1	2	1/16		1/16	1		3	69	A4	4	208
21	21	65/2	0.25	1/4	1/4	3/8	1	1	1/16		1/16	1		0	72	C5	5	204
21	21	131/4	0.25	5/16	5/16	3/8	1	2	1/16		1/16	1		1	67	G4	4	209
21	21	131/4	0.25	5/16	5/16	3/8	1	1	1/16		1/16	1		5	71	B4	4	205
22	22	33	0.125	0	0	3/8	2	1	1/32		1/32	1		2	50	D3	3	223
22	22	33	0.5	0	0	3/8	1	2	1/8		1/8	1		6	66	F#4	4	219
22	22	33	0.5	0	0	3/8	1	1	1/8		1/8	1		3	69	A4	4	215
22	22	265/8	0.125	1/32	1/32	3/8	2	1	1/32		1/32	1		4	52	E3	3	224
22	22	133/4	0.125	1/16	1/16	3/8	2	1	1/32		1/32	1		6	54	F#3	3	225
22	22	267/8	0.125	3/32	3/32	3/8	2	1	1/32		1/32	1		4	52	E3	3	226
22	22	67/2	0.5	1/8	1/8	3/8	2	1	1/8		1/8	1		2	50	D3	3	227
22	22	135/4	0.25	3/16	3/16	3/8	1	2	1/16		1/16	1		0	72	C5	5	220
22	22	135/4	0.25	3/16	3/16	3/8	1	1	1/16		1/16	1		4	76	E5	5	216
22	22	34	0.25	1/4	1/4	3/8	1	2	1/16		1/16	1		5	71	B4	4	221
22	22	34	0.25	1/4	1/4	3/8	1	1	1/16		1/16	1		2	74	D5	5	217
22	22	137/4	0.25	5/16	5/16	3/8	1	2	1/16		1/16	1		3	69	A4	4	222
22	22	137/4	0.25	5/16	5/16	3/8	1	1	1/16		1/16	1		0	72	C5	5	218
23	23	69/2	0.125	0	0	3/8	2	1	1/32		1/32	1		1	55	G3	3	236
23	23	69/2	0.5	0	0	3/8	1	2	1/8		1/8	1		1	67	G4	4	232
23	23	69/2	0.5	0	0	3/8	1	1	1/8		1/8	1		5	71	B4	4	228
23	23	277/8	0.125	1/32	1/32	3/8	2	1	1/32		1/32	1		3	57	A3	3	237
23	23	139/4	0.125	1/16	1/16	3/8	2	1	1/32		1/32	1		5	59	B3	3	238
23	23	279/8	0.125	3/32	3/32	3/8	2	1	1/32		1/32	1		3	57	A3	3	239
23	23	35	0.5	1/8	1/8	3/8	2	1	1/8		1/8	1		1	55	G3	3	240
23	23	141/4	0.25	3/16	3/16	3/8	1	2	1/16		1/16	1		5	71	B4	4	233
23	23	141/4	0.25	3/16	3/16	3/8	1	1	1/16		1/16	1		2	74	D5	5	229
23	23	71/2	0.25	1/4	1/4	3/8	1	2	1/16		1/16	1		3	69	A4	4	234
23	23	71/2	0.25	1/4	1/4	3/8	1	1	1/16		1/16	1		0	72	C5	5	230
23	23	143/4	0.25	5/16	5/16	3/8	1	2	1/16		1/16	1		1	67	G4	4	235
23	23	143/4	0.25	5/16	5/16	3/8	1	1	1/16		1/16	1		5	71	B4	4	231
24	24	36	0.5	0	0	3/8	2	1	1/8		1/8	1		2	50	D3	3	249
24	24	36	0.25	0	0	3/8	1	2	1/16		1/16	1		6	66	F#4	4	245
24	24	36	0.25	0	0	3/8	1	1	1/16		1/16	1		3	69	A4	4	241
24	24	145/4	0.5	1/16	1/16	3/8	1	2	1/8		1/8	1		6	66	F#4	4	246
24	24	145/4	0.5	1/16	1/16	3/8	1	1	1/8		1/8	1		3	69	A4	4	242
24	24	73/2	0.5	1/8	1/8	3/8	2	1	1/8		1/8	1		2	62	D4	4	250
24	24	147/4	0.5	3/16	3/16	3/8	1	2	1/8		1/8	1		1	67	G4	4	247
24	24	147/4	0.5	3/16	3/16	3/8	1	1	1/8		1/8	1		5	71	B4	4	243
24	24	37	0.5	1/4	1/4	3/8	2	1	1/8		1/8	1		2	62	D4	4	251
24	24	149/4	0.25	5/16	5/16	3/8	1	2	1/16		1/16	1		4	64	E4	4	248
24	24	149/4	0.25	5/16	5/16	3/8	1	1	1/16		1/16	1		7	73	C#5	5	244
25	25	75/2	0.5	0	0	3/8	2	1	1/8		1/8	1		2	50	D3	3	260
25	25	75/2	0.25	0	0	3/8	1	2	1/16		1/16	1		6	66	F#4	4	256
25	25	75/2	0.25	0	0	3/8	1	1	1/16		1/16	1		2	74	D5	5	252
25	25	151/4	0.5	1/16	1/16	3/8	1	2	1/8		1/8	1		6	66	F#4	4	257
25	25	151/4	0.5	1/16	1/16	3/8	1	1	1/8		1/8	1		3	69	A4	4	253
25	25	38	0.5	1/8	1/8	3/8	2	1	1/8		1/8	1		2	62	D4	4	261
25	25	153/4	0.5	3/16	3/16	3/8	1	2	1/8		1/8	1		1	67	G4	4	258
25	25	153/4	0.5	3/16	3/16	3/8	1	1	1/8		1/8	1		5	71	B4	4	254
25	25	77/2	0.5	1/4	1/4	3/8	2	1	1/8		1/8	1		2	62	D4	4	262
25	25	155/4	0.25	5/16	5/16	3/8	1	2	1/16		1/16	1		4	64	E4	4	259
25	25	155/4	0.25	5/16	5/16	3/8	1	1	1/16		1/16	1		7	73	C#5	5	255
26	26	39	0.5	0	0	3/8	2	1	1/8		1/8	1		2	50	D3	3	271
26	26	39	0.25	0	0	3/8	1	2	1/16		1/16	1		6	66	F#4	4	267
26	26	39	0.25	0	0	3/8	1	1	1/16		1/16	1		2	74	D5	5	263
26	26	157/4	0.5	1/16	1/16	3/8	1	2	1/8		1/8	1		6	66	F#4	4	268
26	26	157/4	0.5	1/16	1/16	3/8	1	1	1/8		1/8	1		2	74	D5	5	264
26	26	79/2	0.5	1/8	1/8	3/8	2	1	1/8		1/8	1		2	62	D4	4	272
26	26	159/4	0.5	3/16	3/16	3/8	1	2	1/8		1/8	1		1	67	G4	4	269
26	26	159/4	0.5	3/16	3/16	3/8	1	1	1/8		1/8	1		4	76	E5	5	265
26	26	40	0.5	1/4	1/4	3/8	2	1	1/8		1/8	1		0	60	C4	4	273
26	26	161/4	0.25	5/16	5/16	3/8	1	2	1/16		1/16	1		3	69	A4	4	270
26	26	161/4	0.25	5/16	5/16	3/8	1	1	1/16		1/16	1		6	78	F#5	5	266
27	27	81/2	0.0	0	0	3/8	1	1	0	grace4	1/4	1		6	78	F#5	5	274
27	27	81/2	0.0	0	0	3/8	1	2	0	grace4	1/4	1		3	69	A4	4	276
27	27	81/2	1.0	0	0	3/8	2	1	1/4		1/4	1		-2	58	Bb3	3	278
27	27	81/2	1.0	0	0	3/8	1	2	1/4		1/4	1		-2	70	Bb4	4	277
27	27	81/2	1.0	0	0	3/8	1	1	1/4		1/4	1		1	79	G5	5	275
28	28	42	0.5	0	0	3/8	2	2	1/8		1/8	1		1	43	G2	2	283
28	28	169/4	0.25	1/16	1/16	3/8	1	1	1/16		1/16	1		-2	82	Bb5	5	279
28	28	85/2	0.0	1/8	1/8	3/8	1	1	0	appoggiatura	1/8	1		2	74	D5	5	280
28	28	85/2	0.5	1/8	1/8	3/8	2	2	1/8		1/8	1		1	55	G3	3	284
28	28	85/2	1.0	1/8	1/8	3/8	1	1	1/4		1/4	1		7	73	C#5	5	281
28	28	43	0.5	1/4	1/4	3/8	2	2	1/8		1/8	1		1	55	G3	3	285
28	28	43	0.5	1/4	1/4	3/8	2	2	1/8		1/8	1		-2	58	Bb3	3	285
28	28	43	0.5	1/4	1/4	3/8	2	1	1/8		1/8	1		4	64	E4	4	282
29	29	87/2	0.5	0	0	3/8	2	2	1/8		1/8	1		6	54	F#3	3	299
29	29	87/2	0.5	0	0	3/8	2	2	1/8		1/8	1		3	57	A3	3	299
29	29	87/2	0.5	0	0	3/8	2	1	1/8		1/8	1		2	62	D4	4	298
29	29	87/2	0.125	0	0	3/8	1	1	1/32		1/32	1		2	74	D5	5	286
29	29	349/8	0.125	1/32	1/32	3/8	1	1	1/32		1/32	1		4	76	E5	5	287
29	29	175/4	0.125	1/16	1/16	3/8	1	1	1/32		1/32	1		6	78	F#5	5	288
29	29	351/8	0.125	3/32	3/32	3/8	1	1	1/32		1/32	1		1	79	G5	5	289
29	29	44	0.125	1/8	1/8	3/8	1	1	1/32		1/32	1		3	81	A5	5	290
29	29	353/8	0.125	5/32	5/32	3/8	1	1	1/32		1/32	1		1	79	G5	5	291
29	29	177/4	0.125	3/16	3/16	3/8	1	1	1/32		1/32	1		6	78	F#5	5	292
29	29	355/8	0.125	7/32	7/32	3/8	1	1	1/32		1/32	1		4	76	E5	5	293
29	29	89/2	0.125	1/4	1/4	3/8	1	1	1/32		1/32	1		2	74	D5	5	294
29	29	357/8	0.125	9/32	9/32	3/8	1	1	1/32		1/32	1		0	72	C5	5	295
29	29	179/4	0.125	5/16	5/16	3/8	1	1	1/32		1/32	1		-2	70	Bb4	4	296
29	29	359/8	0.125	11/32	11/32	3/8	1	1	1/32		1/32	1		3	69	A4	4	297
30	30	45	0.5	0	0	3/8	2	2	1/8		1/8	1		1	43	G2	2	305
30	30	45	0.25	0	0	3/8	1	1	1/16		1/16	1		-2	70	Bb4	4	300
30	30	181/4	0.25	1/16	1/16	3/8	1	1	1/16		1/16	1		-2	82	Bb5	5	301
30	30	91/2	0.0	1/8	1/8	3/8	1	1	0	appoggiatura	1/8	1		2	74	D5	5	302
30	30	91/2	0.5	1/8	1/8	3/8	2	2	1/8		1/8	1		1	55	G3	3	306
30	30	91/2	1.0	1/8	1/8	3/8	1	1	1/4		1/4	1		7	73	C#5	5	303
30	30	46	0.5	1/4	1/4	3/8	2	2	1/8		1/8	1		1	55	G3	3	307
30	30	46	0.5	1/4	1/4	3/8	2	2	1/8		1/8	1		-2	58	Bb3	3	307
30	30	46	0.5	1/4	1/4	3/8	2	1	1/8		1/8	1		4	64	E4	4	304
31	31	93/2	0.5	0	0	3/8	2	2	1/8		1/8	1		6	54	F#3	3	321
31	31	93/2	0.5	0	0	3/8	2	2	1/8		1/8	1		3	57	A3	3	321
31	31	93/2	0.5	0	0	3/8	2	1	1/8		1/8	1		2	62	D4	4	320
31	31	93/2	0.125	0	0	3/8	1	1	1/32		1/32	1		2	74	D5	5	308
31	31	373/8	0.125	1/32	1/32	3/8	1	1	1/32		1/32	1		4	76	E5	5	309
31	31	187/4	0.125	1/16	1/16	3/8	1	1	1/32		1/32	1		6	78	F#5	5	310
31	31	375/8	0.125	3/32	3/32	3/8	1	1	1/32		1/32	1		1	79	G5	5	311
31	31	47	0.125	1/8	1/8	3/8	1	1	1/32		1/32	1		3	81	A5	5	312
31	31	377/8	0.125	5/32	5/32	3/8	1	1	1/32		1/32	1		1	79	G5	5	313
31	31	189/4	0.125	3/16	3/16	3/8	1	1	1/32		1/32	1		6	78	F#5	5	314
31	31	379/8	0.125	7/32	7/32	3/8	1	1	1/32		1/32	1		4	76	E5	5	315
31	31	95/2	0.125	1/4	1/4	3/8	1	1	1/32		1/32	1		2	74	D5	5	316
31	31	381/8	0.125	9/32	9/32	3/8	1	1	1/32		1/32	1		0	72	C5	5	317
31	31	191/4	0.125	5/16	5/16	3/8	1	1	1/32		1/32	1		5	71	B4	4	318
31	31	383/8	0.125	11/32	11/32	3/8	1	1	1/32		1/32	1		3	69	A4	4	319
32	32	48	0.0	0	0	3/8	1	1	0	grace32	1/32	1		0	72	C5	5	322
32	32	48	0.5	0	0	3/8	2	2	1/8		1/8	1		1	55	G3	3	337
32	32	48	0.5	0	0	3/8	2	1	1/8		1/8	1		2	62	D4	4	334
32	32	48	0.25	0	0	3/8	1	1	1/16		1/16	1		5	71	B4	4	323
32	32	193/4	0.125	1/16	1/16	3/8	1	1	1/32		1/32	1		3	69	A4	4	324
32	32	387/8	0.125	3/32	3/32	3/8	1	1	1/32		1/32	1		5	71	B4	4	325
32	32	97/2	0.0	1/8	1/8	3/8	1	1	0	grace32	1/32	1		2	74	D5	5	326
32	32	97/2	0.5	1/8	1/8	3/8	2	2	1/8		1/8	1		4	52	E3	3	338
32	32	97/2	0.5	1/8	1/8	3/8	2	1	1/8		1/8	1		1	55	G3	3	335
32	32	97/2	0.25	1/8	1/8	3/8	1	1	1/16		1/16	1		0	72	C5	5	327
32	32	195/4	0.125	3/16	3/16	3/8	1	1	1/32		1/32	1		5	71	B4	4	328
32	32	391/8	0.125	7/32	7/32	3/8	1	1	1/32		1/32	1		0	72	C5	5	329
32	32	49	0.0	1/4	1/4	3/8	1	1	0	grace32	1/32	1		4	76	E5	5	330
32	32	49	0.5	1/4	1/4	3/8	2	2	1/8		1/8	1		5	47	B2	2	339
32	32	49	0.5	1/4	1/4	3/8	2	1	1/8		1/8	1		1	55	G3	3	336
32	32	49	0.25	1/4	1/4	3/8	1	1	1/16		1/16	1		2	74	D5	5	331
32	32	197/4	0.125	5/16	5/16	3/8	1	1	1/32		1/32	1		0	72	C5	5	332
32	32	395/8	0.125	11/32	11/32	3/8	1	1	1/32		1/32	1		2	74	D5	5	333
33	33	99/2	0.0	0	0	3/8	1	1	0	grace32	1/32	1		-1	77	F5	5	340
33	33	99/2	0.5	0	0	3/8	2	2	1/8		1/8	1		0	48	C3	3	356
33	33	99/2	0.5	0	0	3/8	2	1	1/8		1/8	1		1	55	G3	3	353
33	33	99/2	0.25	0	0	3/8	1	1	1/16		1/16	1		4	76	E5	5	341
33	33	199/4	0.125	1/16	1/16	3/8	1	1	1/32		1/32	1		2	74	D5	5	342
33	33	399/8	0.125	3/32	3/32	3/8	1	1	1/32		1/32	1		4	76	E5	5	343
33	33	50	0.0	1/8	1/8	3/8	1	1	0	grace32	1/32	1		1	79	G5	5	344
33	33	50	0.5	1/8	1/8	3/8	2	2	1/8		1/8	1		3	45	A2	2	357
33	33	50	0.5	1/8	1/8	3/8	2	1	1/8		1/8	1		3	57	A3	3	354
33	33	50	0.25	1/8	1/8	3/8	1	1	1/16		1/16	1		6	78	F#5	5	345
33	33	201/4	0.125	3/16	3/16	3/8	1	1	1/32		1/32	1		4	76	E5	5	346
33	33	403/8	0.125	7/32	7/32	3/8	1	1	1/32		1/32	1		6	78	F#5	5	347
33	33	101/2	0.0	1/4	1/4	3/8	1	1	0	grace32	1/32	1		3	81	A5	5	348
33	33	101/2	0.5	1/4	1/4	3/8	2	2	1/8		1/8	1		5	47	B2	2	358
33	33	101/2	0.5	1/4	1/4	3/8	2	1	1/8		1/8	1		2	50	D3	3	355
33	33	101/2	0.125	1/4	1/4	3/8	1	1	1/32		1/32	1		1	79	G5	5	349
33	33	405/8	0.125	9/32	9/32	3/8	1	1	1/32		1/32	1		6	78	F#5	5	350
33	33	203/4	0.125	5/16	5/16	3/8	1	1	1/32		1/32	1		1	79	G5	5	351
33	33	407/8	0.125	11/32	11/32	3/8	1	1	1/32		1/32	1		5	83	B5	5	352
34	34	51	0.0	0	0	3/8	1	1	0	appoggiatura	1/8	1		2	74	D5	5	359
34	34	51	1.5	0	0	3/8	1	1	3/8		1/4	3/2		0	72	C5	5	360
34	34	103/2	0.5	1/8	1/8	3/8	2	2	1/8		1/8	1		4	52	E3	3	363
34	34	103/2	0.5	1/8	1/8	3/8	2	1	1/8		1/8	1		1	55	G3	3	361
34	34	52	0.5	1/4	1/4	3/8	2	2	1/8		1/8	1		6	54	F#3	3	364
34	34	52	0.5	1/4	1/4	3/8	2	1	1/8		1/8	1		3	57	A3	3	362
35	35	105/2	0.5	0	0	3/8	2	1	1/8		1/8	1		1	55	G3	3	369
35	35	105/2	0.5	0	0	3/8	2	2	1/8		1/8	1		1	55	G3	3	372
35	35	105/2	0.25	0	0	3/8	1	1	1/16		1/16	1		5	71	B4	4	365
35	35	211/4	0.125	1/16	1/16	3/8	1	1	1/32		1/32	1		1	79	G5	5	366
35	35	423/8	0.125	3/32	3/32	3/8	1	1	1/32		1/32	1		3	81	A5	5	367
35	35	53	0.5	1/8	1/8	3/8	2	2	1/8		1/8	1		0	48	C3	3	373
35	35	53	0.5	1/8	1/8	3/8	2	1	1/8		1/8	1		1	55	G3	3	370
35	35	53	1.0	1/8	1/8	3/8	1	1	1/4		1/4	1		3	81	A5	5	368
35	35	107/2	0.5	1/4	1/4	3/8	2	2	1/8		1/8	1		2	50	D3	3	374
35	35	107/2	0.5	1/4	1/4	3/8	2	1	1/8		1/8	1		6	54	F#3	3	371
36	36	54	0.5	0	0	3/8	2	2	1/8		1/8	1		4	52	E3	3	381
36	36	54	1.0	0	0	3/8	2	1	1/4		1/4	1		1	55	G3	3	379
36	36	54	0.25	0	0	3/8	1	1	1/16		1/16	1		1	79	G5	5	375
36	36	217/4	0.125	1/16	1/16	3/8	1	1	1/32		1/32	1		1	67	G4	4	376
36	36	435/8	0.125	3/32	3/32	3/8	1	1	1/32		1/32	1		3	69	A4	4	377
36	36	109/2	0.5	1/8	1/8	3/8	2	2	1/8		1/8	1		0	48	C3	3	382
36	36	109/2	1.0	1/8	1/8	3/8	1	1	1/4		1/4	1		3	69	A4	4	378
36	36	55	0.5	1/4	1/4	3/8	2	2	1/8		1/8	1		2	50	D3	3	383
36	36	55	0.5	1/4	1/4	3/8	2	1	1/8		1/8	1		6	54	F#3	3	380
37	37	111/2	1.0	0	0	3/8	2	2	1/4		1/4	1		1	43	G2	2	386
37	37	111/2	1.0	0	0	3/8	2	1	1/4		1/4	1		1	55	G3	3	385
37	37	111/2	1.0	0	0	3/8	1	1	1/4		1/4	1		1	67	G4	4	384
38	38	57	0.125	0	0	3/8	1	1	1/32		1/32	1		1	67	G4	4	387
38	38	457/8	0.125	1/32	1/32	3/8	1	1	1/32		1/32	1		3	69	A4	4	388
38	38	229/4	0.125	1/16	1/16	3/8	1	1	1/32		1/32	1		5	71	B4	4	389
38	38	459/8	0.125	3/32	3/32	3/8	1	1	1/32		1/32	1		3	69	A4	4	390
38	38	115/2	0.5	1/8	1/8	3/8	2	2	1/8		1/8	1		1	55	G3	3	394
38	38	115/2	0.5	1/8	1/8	3/8	2	1	1/8		1/8	1		5	59	B3	3	392
38	38	115/2	0.5	1/8	1/8	3/8	1	1	1/8		1/8	1		1	67	G4	4	391
38	38	58	0.5	1/4	1/4	3/8	2	2	1/8		1/8	1		6	54	F#3	3	395
38	38	58	0.5	1/4	1/4	3/8	2	1	1/8		1/8	1		5	59	B3	3	393
39	39	117/2	0.125	0	0	3/8	1	1	1/32		1/32	1		1	67	G4	4	396
39	39	469/8	0.125	1/32	1/32	3/8	1	1	1/32		1/32	1		3	69	A4	4	397
39	39	235/4	0.125	1/16	1/16	3/8	1	1	1/32		1/32	1		5	71	B4	4	398
39	39	471/8	0.125	3/32	3/32	3/8	1	1	1/32		1/32	1		3	69	A4	4	399
39	39	59	0.5	1/8	1/8	3/8	2	2	1/8		1/8	1		4	52	E3	3	403
39	39	59	0.5	1/8	1/8	3/8	2	1	1/8		1/8	1		5	59	B3	3	401
39	39	59	0.5	1/8	1/8	3/8	1	1	1/8		1/8	1		1	67	G4	4	400
39	39	119/2	0.5	1/4	1/4	3/8	2	2	1/8		1/8	1		2	50	D3	3	404
39	39	119/2	0.5	1/4	1/4	3/8	2	1	1/8		1/8	1		5	59	B3	3	402
40	40	60	0.5	0	0	3/8	2	2	1/8		1/8	1		0	48	C3	3	412
40	40	60	0.5	0	0	3/8	2	1	1/8		1/8	1		1	55	G3	3	409
40	40	60	0.5	0	0	3/8	1	1	1/8		1/8	1		3	69	A4	4	405
40	40	121/2	0.5	1/8	1/8	3/8	2	2	1/8		1/8	1		0	48	C3	3	413
40	40	121/2	0.5	1/8	1/8	3/8	2	1	1/8		1/8	1		1	55	G3	3	410
40	40	121/2	0.75	1/8	1/8	3/8	1	1	3/16		1/8	3/2		3	69	A4	4	406
40	40	61	0.5	1/4	1/4	3/8	2	2	1/8		1/8	1		2	50	D3	3	414
40	40	61	0.5	1/4	1/4	3/8	2	1	1/8		1/8	1		6	54	F#3	3	411
40	40	245/4	0.125	5/16	5/16	3/8	1	1	1/32		1/32	1		5	71	B4	4	407
40	40	491/8	0.125	11/32	11/32	3/8	1	1	1/32		1/32	1		0	72	C5	5	408
41	41	123/2	0.0	0	0	3/8	1	1	0	grace32	1/32	2/3		0	72	C5	5	415
41	41	123/2	0.5	0	0	3/8	2	2	1/8		1/8	1		1	43	G2	2	424
41	41	123/2	0.5	0	0	3/8	2	1	1/8		1/8	1		1	55	G3	3	421
41	41	123/2	0.16666666666666666	0	0	3/8	1	1	1/24		1/16	2/3		5	71	B4	4	416
41	41	185/3	0.16666666666666666	1/24	1/24	3/8	1	1	1/24		1/16	2/3		3	69	A4	4	417
41	41	371/6	0.16666666666666666	1/12	1/12	3/8	1	1	1/24		1/16	2/3		1	67	G4	4	418
41	41	62	0.5	1/8	1/8	3/8	2	2	1/8		1/8	1		5	47	B2	2	425
41	41	62	0.5	1/8	1/8	3/8	2	1	1/8		1/8	1		2	50	D3	3	422
41	41	62	0.5	1/8	1/8	3/8	1	1	1/8		1/8	1		1	67	G4	4	419
41	41	125/2	0.5	1/4	1/4	3/8	2	2	1/8		1/8	1		5	47	B2	2	426
41	41	125/2	0.5	1/4	1/4	3/8	2	1	1/8		1/8	1	1	1	55	G3	3	423
41	41	251/4	0.25	5/16	5/16	3/8	1	1	1/16		1/16	1		1	79	G5	5	420
42	42	63	0.5	0	0	3/8	2	2	1/8		1/8	1		0	48	C3	3	434
42	42	63	0.5	0	0	3/8	2	1	1/8		1/8	1	-1	1	55	G3	3	431
42	42	63	0.5	0	0	3/8	1	1	1/8		1/8	1		3	69	A4	4	427
42	42	127/2	0.5	1/8	1/8	3/8	2	2	1/8		1/8	1		0	48	C3	3	435
42	42	127/2	0.5	1/8	1/8	3/8	2	1	1/8		1/8	1		1	55	G3	3	432
42	42	127/2	0.75	1/8	1/8	3/8	1	1	3/16		1/8	3/2		3	69	A4	4	428
42	42	64	0.5	1/4	1/4	3/8	2	2	1/8		1/8	1		2	50	D3	3	436
42	42	64	0.5	1/4	1/4	3/8	2	1	1/8		1/8	1		6	54	F#3	3	433
42	42	257/4	0.125	5/16	5/16	3/8	1	1	1/32		1/32	1		5	71	B4	4	429
42	42	515/8	0.125	11/32	11/32	3/8	1	1	1/32		1/32	1		0	72	C5	5	430
43	43	129/2	0.0	0	0	3/8	1	1	0	grace32	1/32	2/3		0	72	C5	5	437
43	43	129/2	0.5	0	0	3/8	2	2	1/8		1/8	1		1	43	G2	2	446
43	43	129/2	0.5	0	0	3/8	2	1	1/8		1/8	1		1	55	G3	3	442
43	43	129/2	0.16666666666666666	0	0	3/8	1	1	1/24		1/16	2/3		5	71	B4	4	438
43	43	194/3	0.16666666666666666	1/24	1/24	3/8	1	1	1/24		1/16	2/3		3	69	A4	4	439
43	43	389/6	0.16666666666666666	1/12	1/12	3/8	1	1	1/24		1/16	2/3		1	67	G4	4	440
43	43	65	0.5	1/8	1/8	3/8	1	1	1/8		1/8	1		1	67	G4	4	441
43	43	261/4	0.25	3/16	3/16	3/8	2	2	1/16		1/16	1		-1	41	F2	2	447
43	43	261/4	0.25	3/16	3/16	3/8	2	1	1/16		1/16	1		-1	53	F3	3	443
43	43	131/2	0.25	1/4	1/4	3/8	2	2	1/16		1/16	1		4	40	E2	2	448
43	43	131/2	0.25	1/4	1/4	3/8	2	1	1/16		1/16	1		4	52	E3	3	444
43	43	263/4	0.25	5/16	5/16	3/8	2	2	1/16		1/16	1		2	38	D2	2	449
43	43	263/4	0.25	5/16	5/16	3/8	2	1	1/16		1/16	1		2	50	D3	3	445
44	44	66	0.5	0	0	3/8	2	2	1/8		1/8	1		0	36	C2	2	458
44	44	66	0.5	0	0	3/8	2	1	1/8		1/8	1		0	48	C3	3	455
44	44	66	0.125	0	0	3/8	1	1	1/32		1/32	1		0	72	C5	5	450
44	44	529/8	0.125	1/32	1/32	3/8	1	1	1/32		1/32	1		2	74	D5	5	451
44	44	265/4	0.125	1/16	1/16	3/8	1	1	1/32		1/32	1		4	76	E5	5	452
44	44	531/8	0.125	3/32	3/32	3/8	1	1	1/32		1/32	1		2	74	D5	5	453
44	44	133/2	0.5	1/8	1/8	3/8	2	2	1/8		1/8	1		0	60	C4	4	459
44	44	133/2	0.5	1/8	1/8	3/8	2	1	1/8		1/8	1		4	64	E4	4	456
44	44	133/2	0.5	1/8	1/8	3/8	1	1	1/8		1/8	1		0	72	C5	5	454
44	44	67	0.5	1/4	1/4	3/8	2	2	1/8		1/8	1		5	59	B3	3	460
44	44	67	0.5	1/4	1/4	3/8	2	1	1/8		1/8	1		4	64	E4	4	457
45	45	135/2	0.125	0	0	3/8	1	1	1/32		1/32	1		0	72	C5	5	461
45	45	541/8	0.125	1/32	1/32	3/8	1	1	1/32		1/32	1		2	74	D5	5	462
45	45	271/4	0.125	1/16	1/16	3/8	1	1	1/32		1/32	1		4	76	E5	5	463
45	45	543/8	0.125	3/32	3/32	3/8	1	1	1/32		1/32	1		2	74	D5	5	464
45	45	68	0.5	1/8	1/8	3/8	2	2	1/8		1/8	1		3	57	A3	3	468
45	45	68	0.5	1/8	1/8	3/8	2	1	1/8		1/8	1		4	64	E4	4	466
45	45	68	0.5	1/8	1/8	3/8	1	1	1/8		1/8	1		0	72	C5	5	465
45	45	137/2	0.5	1/4	1/4	3/8	2	2	1/8		1/8	1		1	55	G3	3	469
45	45	137/2	0.5	1/4	1/4	3/8	2	1	1/8		1/8	1		4	64	E4	4	467
46	46	69	0.5	0	0	3/8	2	2	1/8		1/8	1		-1	53	F3	3	477
46	46	69	0.5	0	0	3/8	2	1	1/8		1/8	1		0	60	C4	4	474
46	46	69	0.5	0	0	3/8	1	1	1/8		1/8	1		2	74	D5	5	470
46	46	139/2	0.5	1/8	1/8	3/8	2	2	1/8		1/8	1		-1	53	F3	3	478
46	46	139/2	0.5	1/8	1/8	3/8	2	1	1/8		1/8	1		0	60	C4	4	475
46	46	139/2	0.75	1/8	1/8	3/8	1	1	3/16		1/8	3/2		2	74	D5	5	471
46	46	70	0.5	1/4	1/4	3/8	2	2	1/8		1/8	1		1	55	G3	3	479
46	46	70	0.5	1/4	1/4	3/8	2	1	1/8		1/8	1		5	59	B3	3	476
46	46	281/4	0.125	5/16	5/16	3/8	1	1	1/32		1/32	1		4	76	E5	5	472
46	46	563/8	0.125	11/32	11/32	3/8	1	1	1/32		1/32	1		-1	77	F5	5	473
47	47	141/2	0.0	0	0	3/8	1	1	0	grace32	1/32	2/3		-1	77	F5	5	480
47	47	141/2	0.5	0	0	3/8	2	2	1/8		1/8	1		0	48	C3	3	489
47	47	141/2	0.5	0	0	3/8	2	1	1/8		1/8	1		0	60	C4	4	486
47	47	141/2	0.16666666666666666	0	0	3/8	1	1	1/24		1/16	2/3		4	76	E5	5	481
47	47	212/3	0.16666666666666666	1/24	1/24	3/8	1	1	1/24		1/16	2/3		2	74	D5	5	482
47	47	425/6	0.16666666666666666	1/12	1/12	3/8	1	1	1/24		1/16	2/3		0	72	C5	5	483
47	47	71	0.5	1/8	1/8	3/8	2	2	1/8		1/8	1		4	52	E3	3	490
47	47	71	0.5	1/8	1/8	3/8	2	1	1/8		1/8	1		1	55	G3	3	487
47	47	71	0.5	1/8	1/8	3/8	1	1	1/8		1/8	1		0	72	C5	5	484
47	47	143/2	0.5	1/4	1/4	3/8	2	2	1/8		1/8	1		4	52	E3	3	491
47	47	143/2	0.5	1/4	1/4	3/8	2	1	1/8		1/8	1	1	0	60	C4	4	488
47	47	287/4	0.25	5/16	5/16	3/8	1	1	1/16		1/16	1		0	84	C6	6	485
48	48	72	0.5	0	0	3/8	2	2	1/8		1/8	1		-1	53	F3	3	499
48	48	72	0.5	0	0	3/8	2	1	1/8		1/8	1	-1	0	60	C4	4	496
48	48	72	0.5	0	0	3/8	1	1	1/8		1/8	1		2	74	D5	5	492
48	48	145/2	0.5	1/8	1/8	3/8	2	2	1/8		1/8	1		-1	53	F3	3	500
48	48	145/2	0.5	1/8	1/8	3/8	2	1	1/8		1/8	1		0	60	C4	4	497
48	48	145/2	0.75	1/8	1/8	3/8	1	1	3/16		1/8	3/2		2	74	D5	5	493
48	48	73	0.5	1/4	1/4	3/8	2	2	1/8		1/8	1		1	55	G3	3	501
48	48	73	0.5	1/4	1/4	3/8	2	1	1/8		1/8	1		5	59	B3	3	498
48	48	293/4	0.125	5/16	5/16	3/8	1	1	1/32		1/32	1		4	76	E5	5	494
48	48	587/8	0.125	11/32	11/32	3/8	1	1	1/32		1/32	1		-1	77	F5	5	495
49	49	147/2	0.5	0	0	3/8	1	1	1/8		1/8	1		-1	77	F5	5	502
49	49	74	0.5	1/8	1/8	3/8	2	2	1/8		1/8	1		1	55	G3	3	511
49	49	74	0.5	1/8	1/8	3/8	2	1	1/8		1/8	1		-2	58	Bb3	3	509
49	49	74	0.16666666666666666	1/8	1/8	3/8	1	1	1/24		1/16	2/3		4	76	E5	5	503
49	49	445/6	0.16666666666666666	1/6	1/6	3/8	1	1	1/24		1/16	2/3		-2	82	Bb5	5	504
49	49	223/3	0.16666666666666666	5/24	5/24	3/8	1	1	1/24		1/16	2/3		3	81	A5	5	505
49	49	149/2	0.5	1/4	1/4	3/8	2	2	1/8		1/8	1		1	55	G3	3	512
49	49	149/2	0.5	1/4	1/4	3/8	2	1	1/8		1/8	1		-2	58	Bb3	3	510
49	49	149/2	0.16666666666666666	1/4	1/4	3/8	1	1	1/24		1/16	2/3		1	79	G5	5	506
49	49	224/3	0.16666666666666666	7/24	7/24	3/8	1	1	1/24		1/16	2/3		-1	77	F5	5	507
49	49	449/6	0.16666666666666666	1/3	1/3	3/8	1	1	1/24		1/16	2/3		4	76	E5	5	508
50	50	75	0.0	0	0	3/8	1	1	0	appoggiatura	1/8	1		2	74	D5	5	513
50	50	75	1.5	0	0	3/8	1	1	3/8		1/4	3/2	1	7	73	C#5	5	514
50	50	151/2	0.5	1/8	1/8	3/8	2	2	1/8		1/8	1		1	55	G3	3	517
50	50	151/2	0.5	1/8	1/8	3/8	2	1	1/8		1/8	1		-2	58	Bb3	3	515
50	50	76	0.5	1/4	1/4	3/8	2	2	1/8		1/8	1		-1	53	F3	3	518
50	50	76	0.5	1/4	1/4	3/8	2	1	1/8		1/8	1		3	57	A3	3	516
51	51	153/2	0.5	0	0	3/8	1	1	1/8		1/8	1	-1	7	73	C#5	5	519
51	51	77	0.5	1/8	1/8	3/8	2	2	1/8		1/8	1		-1	53	F3	3	528
51	51	77	0.5	1/8	1/8	3/8	2	1	1/8		1/8	1		3	57	A3	3	526
51	51	77	0.16666666666666666	1/8	1/8	3/8	1	1	1/24		1/16	2/3		2	74	D5	5	520
51	51	463/6	0.16666666666666666	1/6	1/6	3/8	1	1	1/24		1/16	2/3		3	81	A5	5	521
51	51	232/3	0.16666666666666666	5/24	5/24	3/8	1	1	1/24		1/16	2/3		1	79	G5	5	522
51	51	155/2	0.5	1/4	1/4	3/8	2	2	1/8		1/8	1		-1	53	F3	3	529
51	51	155/2	0.5	1/4	1/4	3/8	2	1	1/8		1/8	1		3	57	A3	3	527
51	51	155/2	0.16666666666666666	1/4	1/4	3/8	1	1	1/24		1/16	2/3		-1	77	F5	5	523
51	51	233/3	0.16666666666666666	7/24	7/24	3/8	1	1	1/24		1/16	2/3		4	76	E5	5	524
51	51	467/6	0.16666666666666666	1/3	1/3	3/8	1	1	1/24		1/16	2/3		2	74	D5	5	525
52	52	78	1.0	0	0	3/8	1	1	1/4		1/4	1	1	0	72	C5	5	530
52	52	157/2	0.5	1/8	1/8	3/8	2	2	1/8		1/8	1		-1	53	F3	3	536
52	52	157/2	0.5	1/8	1/8	3/8	2	1	1/8		1/8	1		-4	56	Ab3	3	534
52	52	79	0.5	1/4	1/4	3/8	2	2	1/8		1/8	1		-1	53	F3	3	537
52	52	79	0.5	1/4	1/4	3/8	2	1	1/8		1/8	1		-4	56	Ab3	3	535
52	52	79	0.16666666666666666	1/4	1/4	3/8	1	1	1/24		1/16	2/3	-1	0	72	C5	5	531
52	52	475/6	0.16666666666666666	7/24	7/24	3/8	1	1	1/24		1/16	2/3		5	71	B4	4	532
52	52	238/3	0.16666666666666666	1/3	1/3	3/8	1	1	1/24		1/16	2/3		0	72	C5	5	533
53	53	159/2	0.5	0	0	3/8	2	2	1/8		1/8	1		-1	53	F3	3	548
53	53	159/2	1.0	0	0	3/8	2	1	1/4		1/4	1		1	55	G3	3	547
53	53	159/2	0.16666666666666666	0	0	3/8	1	1	1/24		1/16	2/3		2	74	D5	5	538
53	53	239/3	0.16666666666666666	1/24	1/24	3/8	1	1	1/24		1/16	2/3		0	72	C5	5	539
53	53	479/6	0.16666666666666666	1/12	1/12	3/8	1	1	1/24		1/16	2/3		1	79	G5	5	540
53	53	80	0.5	1/8	1/8	3/8	2	2	1/8		1/8	1		4	52	E3	3	549
53	53	80	0.16666666666666666	1/8	1/8	3/8	1	1	1/24		1/16	2/3		1	79	G5	5	541
53	53	481/6	0.16666666666666666	1/6	1/6	3/8	1	1	1/24		1/16	2/3		-1	77	F5	5	542
53	53	241/3	0.16666666666666666	5/24	5/24	3/8	1	1	1/24		1/16	2/3		4	76	E5	5	543
53	53	161/2	0.16666666666666666	1/4	1/4	3/8	1	1	1/24		1/16	2/3		2	74	D5	5	544
53	53	242/3	0.16666666666666666	7/24	7/24	3/8	1	1	1/24		1/16	2/3		0	72	C5	5	545
53	53	485/6	0.16666666666666666	1/3	1/3	3/8	1	1	1/24		1/16	2/3		-2	70	Bb4	4	546
54	54	81	0.5	0	0	3/8	2	2	1/8		1/8	1		4	52	E3	3	560
54	54	81	1.0	0	0	3/8	2	1	1/4		1/4	1		-1	53	F3	3	559
54	54	81	0.16666666666666666	0	0	3/8	1	1	1/24		1/16	2/3		-2	70	Bb4	4	550
54	54	487/6	0.16666666666666666	1/24	1/24	3/8	1	1	1/24		1/16	2/3		3	69	A4	4	551
54	54	244/3	0.16666666666666666	1/12	1/12	3/8	1	1	1/24		1/16	2/3		-1	77	F5	5	552
54	54	163/2	0.5	1/8	1/8	3/8	2	2	1/8		1/8	1		2	50	D3	3	561
54	54	163/2	0.16666666666666666	1/8	1/8	3/8	1	1	1/24		1/16	2/3		-1	77	F5	5	553
54	54	245/3	0.16666666666666666	1/6	1/6	3/8	1	1	1/24		1/16	2/3		4	76	E5	5	554
54	54	491/6	0.16666666666666666	5/24	5/24	3/8	1	1	1/24		1/16	2/3		2	74	D5	5	555
54	54	82	0.16666666666666666	1/4	1/4	3/8	1	1	1/24		1/16	2/3		0	72	C5	5	556
54	54	493/6	0.16666666666666666	7/24	7/24	3/8	1	1	1/24		1/16	2/3		5	71	B4	4	557
54	54	247/3	0.16666666666666666	1/3	1/3	3/8	1	1	1/24		1/16	2/3		3	69	A4	4	558
55	55	165/2	0.25	0	0	3/8	1	1	1/16		1/16	1		-1	77	F5	5	562
55	55	331/4	1.0	1/16	1/16	3/8	1	1	1/4		1/4	1		8	68	G#4	4	563
55	55	83	0.5	1/8	1/8	3/8	2	2	1/8		1/8	1		2	62	D4	4	568
55	55	83	0.5	1/8	1/8	3/8	2	1	1/8		1/8	1		-1	65	F4	4	566
55	55	167/2	0.5	1/4	1/4	3/8	2	2	1/8		1/8	1		2	62	D4	4	569
55	55	167/2	0.5	1/4	1/4	3/8	2	1	1/8		1/8	1		-1	65	F4	4	567
55	55	335/4	0.125	5/16	5/16	3/8	1	1	1/32		1/32	1		3	69	A4	4	564
55	55	671/8	0.125	11/32	11/32	3/8	1	1	1/32		1/32	1		5	71	B4	4	565
56	56	84	0.0	0	0	3/8	1	1	0	grace32	1/32	1		5	71	B4	4	570
56	56	84	0.25	0	0	3/8	1	1	1/16		1/16	1		3	69	A4	4	571
56	56	337/4	0.125	1/16	1/16	3/8	1	1	1/32		1/32	1		8	68	G#4	4	572
56	56	675/8	0.125	3/32	3/32	3/8	1	1	1/32		1/32	1		3	69	A4	4	573
56	56	169/2	0.5	1/8	1/8	3/8	2	2	1/8		1/8	1		0	60	C4	4	576
56	56	169/2	0.5	1/8	1/8	3/8	2	1	1/8		1/8	1		4	64	E4	4	574
56	56	85	0.5	1/4	1/4	3/8	2	2	1/8		1/8	1		5	59	B3	3	577
56	56	85	0.5	1/4	1/4	3/8	2	1	1/8		1/8	1		2	62	D4	4	575
57	57	171/2	0.25	0	0	3/8	1	1	1/16		1/16	1		0	72	C5	5	578
57	57	343/4	1.0	1/16	1/16	3/8	1	1	1/4		1/4	1		9	63	D#4	4	579
57	57	86	0.5	1/8	1/8	3/8	2	2	1/8		1/8	1		3	57	A3	3	584
57	57	86	0.5	1/8	1/8	3/8	2	1	1/8		1/8	1		0	60	C4	4	582
57	57	173/2	0.5	1/4	1/4	3/8	2	2	1/8		1/8	1		3	57	A3	3	585
57	57	173/2	0.5	1/4	1/4	3/8	2	1	1/8		1/8	1		0	60	C4	4	583
57	57	347/4	0.125	5/16	5/16	3/8	1	1	1/32		1/32	1		4	64	E4	4	580
57	57	695/8	0.125	11/32	11/32	3/8	1	1	1/32		1/32	1		6	66	F#4	4	581
58	58	87	0.0	0	0	3/8	1	1	0	grace32	1/32	1		6	66	F#4	4	586
58	58	87	0.25	0	0	3/8	1	1	1/16		1/16	1		4	64	E4	4	587
58	58	349/4	0.125	1/16	1/16	3/8	1	1	1/32		1/32	1		9	63	D#4	4	588
58	58	699/8	0.125	3/32	3/32	3/8	1	1	1/32		1/32	1		4	64	E4	4	589
58	58	175/2	0.5	1/8	1/8	3/8	2	2	1/8		1/8	1		8	56	G#3	3	592
58	58	175/2	0.5	1/8	1/8	3/8	2	1	1/8		1/8	1		5	59	B3	3	590
58	58	88	0.5	1/4	1/4	3/8	2	2	1/8		1/8	1		6	54	F#3	3	593
58	58	88	0.5	1/4	1/4	3/8	2	1	1/8		1/8	1		3	57	A3	3	591
59	59	177/2	0.0	0	0	3/8	1	1	0	grace32	1/32	1		0	72	C5	5	594
59	59	177/2	0.5	0	0	3/8	2	2	1/8		1/8	1		4	52	E3	3	609
59	59	177/2	0.5	0	0	3/8	2	1	1/8		1/8	1		8	56	G#3	3	606
59	59	177/2	0.25	0	0	3/8	1	1	1/16		1/16	1		5	71	B4	4	595
59	59	355/4	0.125	1/16	1/16	3/8	1	1	1/32		1/32	1		3	69	A4	4	596
59	59	711/8	0.125	3/32	3/32	3/8	1	1	1/32		1/32	1		5	71	B4	4	597
59	59	89	0.0	1/8	1/8	3/8	1	1	0	grace32	1/32	1		4	76	E5	5	598
59	59	89	0.5	1/8	1/8	3/8	2	2	1/8		1/8	1		4	52	E3	3	610
59	59	89	0.5	1/8	1/8	3/8	2	1	1/8		1/8	1		8	56	G#3	3	607
59	59	89	0.25	1/8	1/8	3/8	1	1	1/16		1/16	1		2	74	D5	5	599
59	59	357/4	0.125	3/16	3/16	3/8	1	1	1/32		1/32	1		0	72	C5	5	600
59	59	715/8	0.125	7/32	7/32	3/8	1	1	1/32		1/32	1		2	74	D5	5	601
59	59	179/2	0.0	1/4	1/4	3/8	1	1	0	grace32	1/32	1		3	81	A5	5	602
59	59	179/2	0.5	1/4	1/4	3/8	2	2	1/8		1/8	1		2	50	D3	3	611
59	59	179/2	0.5	1/4	1/4	3/8	2	1	1/8		1/8	1		5	59	B3	3	608
59	59	179/2	0.25	1/4	1/4	3/8	1	1	1/16		1/16	1		8	80	G#5	5	603
59	59	359/4	0.125	5/16	5/16	3/8	1	1	1/32		1/32	1		6	78	F#5	5	604
59	59	719/8	0.125	11/32	11/32	3/8	1	1	1/32		1/32	1		8	80	G#5	5	605
60	60	90	0.0	0	0	3/8	1	1	0	grace16	1/16	1		8	80	G#5	5	612
60	60	90	0.5	0	0	3/8	2	2	1/8		1/8	1		0	48	C3	3	621
60	60	90	0.5	0	0	3/8	2	1	1/8		1/8	1		4	52	E3	3	617
60	60	90	0.75	0	0	3/8	1	1	3/16		1/8	3/2		3	81	A5	5	613
60	60	181/2	0.75	1/8	1/8	3/8	2	2	3/16		1/8	3/2		0	48	C3	3	622
60	60	181/2	0.5	1/8	1/8	3/8	2	1	1/8		1/8	1		4	52	E3	3	618
60	60	363/4	0.125	3/16	3/16	3/8	1	1	1/32		1/32	1		1	79	G5	5	614
60	60	727/8	0.125	7/32	7/32	3/8	1	1	1/32		1/32	1		-1	77	F5	5	615
60	60	91	0.25	1/4	1/4	3/8	2	1	1/16		1/16	1		3	57	A3	3	619
60	60	91	0.5	1/4	1/4	3/8	1	1	1/8		1/8	1	1	4	76	E5	5	616
60	60	365/4	0.25	5/16	5/16	3/8	2	2	1/16		1/16	1		2	50	D3	3	623
60	60	365/4	0.25	5/16	5/16	3/8	2	1	1/16		1/16	1		5	59	B3	3	620
61	61	183/2	0.5	0	0	3/8	2	2	1/8		1/8	1		4	52	E3	3	631
61	61	183/2	0.5	0	0	3/8	2	1	1/8		1/8	1		0	60	C4	4	628
61	61	183/2	0.25	0	0	3/8	1	1	1/16		1/16	1	-1	4	76	E5	5	624
61	61	367/4	0.25	1/16	1/16	3/8	1	1	1/16		1/16	1		2	74	D5	5	625
61	61	92	0.5	1/8	1/8	3/8	2	2	1/8		1/8	1		4	64	E4	4	632
61	61	92	0.5	1/8	1/8	3/8	2	1	1/8		1/8	1		1	67	G4	4	629
61	61	92	0.75	1/8	1/8	3/8	1	1	3/16		1/8	3/2		0	72	C5	5	626
61	61	185/2	0.5	1/4	1/4	3/8	2	2	1/8		1/8	1		2	62	D4	4	633
61	61	185/2	0.5	1/4	1/4	3/8	2	1	1/8		1/8	1		-1	65	F4	4	630
61	61	371/4	0.25	5/16	5/16	3/8	1	1	1/16		1/16	1		-2	70	Bb4	4	627
62	62	93	0.75	0	0	3/8	1	1	3/16		1/8	3/2		-2	70	Bb4	4	634
62	62	187/2	0.5	1/8	1/8	3/8	2	2	1/8		1/8	1		7	61	C#4	4	640
62	62	187/2	0.5	1/8	1/8	3/8	2	1	1/8		1/8	1		4	64	E4	4	638
62	62	375/4	0.25	3/16	3/16	3/8	1	1	1/16		1/16	1		3	69	A4	4	635
62	62	94	0.5	1/4	1/4	3/8	2	2	1/8		1/8	1		3	57	A3	3	641
62	62	94	0.5	1/4	1/4	3/8	2	1	1/8		1/8	1		7	61	C#4	4	639
62	62	94	0.25	1/4	1/4	3/8	1	1	1/16		1/16	1		4	76	E5	5	636
62	62	377/4	0.25	5/16	5/16	3/8	1	1	1/16		1/16	1		1	79	G5	5	637
63	63	189/2	0.75	0	0	3/8	1	1	3/16		1/8	3/2		1	79	G5	5	642
63	63	95	0.5	1/8	1/8	3/8	2	1	1/8		1/8	1		2	62	D4	4	646
63	63	95	0.5	1/8	1/8	3/8	2	2	1/8		1/8	1		2	62	D4	4	648
63	63	381/4	0.25	3/16	3/16	3/8	1	1	1/16		1/16	1		4	76	E5	5	643
63	63	191/2	0.5	1/4	1/4	3/8	2	2	1/8		1/8	1		0	60	C4	4	649
63	63	191/2	0.5	1/4	1/4	3/8	2	1	1/8		1/8	1		2	62	D4	4	647
63	63	191/2	0.25	1/4	1/4	3/8	1	1	1/16		1/16	1		-1	77	F5	5	644
63	63	383/4	0.25	5/16	5/16	3/8	1	1	1/16		1/16	1		-4	68	Ab4	4	645
64	64	96	0.75	0	0	3/8	1	1	3/16		1/8	3/2		-4	68	Ab4	4	650
64	64	193/2	0.5	1/8	1/8	3/8	2	2	1/8		1/8	1		5	59	B3	3	656
64	64	193/2	0.5	1/8	1/8	3/8	2	1	1/8		1/8	1		2	62	D4	4	654
64	64	387/4	0.25	3/16	3/16	3/8	1	1	1/16		1/16	1		1	67	G4	4	651
64	64	97	0.5	1/4	1/4	3/8	2	2	1/8		1/8	1		1	55	G3	3	657
64	64	97	0.5	1/4	1/4	3/8	2	1	1/8		1/8	1		5	59	B3	3	655
64	64	97	0.25	1/4	1/4	3/8	1	1	1/16		1/16	1		2	74	D5	5	652
64	64	389/4	0.25	5/16	5/16	3/8	1	1	1/16		1/16	1		-1	77	F5	5	653
65	65	195/2	0.0	0	0	3/8	1	1	0	grace16	1/16	1		-1	77	F5	5	658
65	65	195/2	0.5	0	0	3/8	2	2	1/8		1/8	1		1	55	G3	3	664
65	65	195/2	0.5	0	0	3/8	2	1	1/8		1/8	1		0	60	C4	4	661
65	65	195/2	0.5	0	0	3/8	1	1	1/8		1/8	1		4	76	E5	5	659
65	65	98	0.5	1/8	1/8	3/8	2	2	1/8		1/8	1		1	55	G3	3	665
65	65	98	0.5	1/8	1/8	3/8	2	1	1/8		1/8	1		5	59	B3	3	662
65	65	98	0.5	1/8	1/8	3/8	1	1	1/8		1/8	1		2	74	D5	5	660
65	65	197/2	0.5	1/4	1/4	3/8	2	2	1/8		1/8	1		-1	53	F3	3	666
65	65	197/2	0.5	1/4	1/4	3/8	2	1	1/8		1/8	1		5	59	B3	3	663
66	66	99	0.5	0	0	3/8	2	1	1/8		1/8	1		4	52	E3	3	673
66	66	99	0.25	0	0	3/8	1	2	1/16		1/16	1		0	60	C4	4	670
66	66	99	1.0	0	0	3/8	1	1	1/4		1/4	1	1	1	67	G4	4	667
66	66	397/4	0.5	1/16	1/16	3/8	1	2	1/8		1/8	1		5	59	B3	3	671
66	66	199/2	0.5	1/8	1/8	3/8	2	1	1/8		1/8	1		4	52	E3	3	674
66	66	399/4	0.75	3/16	3/16	3/8	1	2	3/16		1/8	3/2	1	0	60	C4	4	672
66	66	100	0.5	1/4	1/4	3/8	2	1	1/8		1/8	1		4	52	E3	3	675
66	66	100	0.25	1/4	1/4	3/8	1	1	1/16		1/16	1	-1	1	67	G4	4	668
66	66	401/4	0.25	5/16	5/16	3/8	1	1	1/16		1/16	1		8	68	G#4	4	669
67	67	201/2	0.5	0	0	3/8	2	1	1/8		1/8	1		-1	53	F3	3	682
67	67	201/2	0.75	0	0	3/8	1	2	3/16		1/8	3/2	-1	0	60	C4	4	679
67	67	201/2	0.5	0	0	3/8	1	1	1/8		1/8	1		8	68	G#4	4	676
67	67	101	0.5	1/8	1/8	3/8	2	1	1/8		1/8	1		-1	53	F3	3	683
67	67	101	0.75	1/8	1/8	3/8	1	1	3/16		1/8	3/2		3	69	A4	4	677
67	67	405/4	0.25	3/16	3/16	3/8	1	2	1/16		1/16	1		7	61	C#4	4	680
67	67	203/2	0.5	1/4	1/4	3/8	2	1	1/8		1/8	1		6	54	F#3	3	684
67	67	203/2	0.5	1/4	1/4	3/8	1	2	1/8		1/8	1	1	2	62	D4	4	681
67	67	407/4	0.25	5/16	5/16	3/8	1	1	1/16		1/16	1		10	70	A#4	4	678
68	68	102	0.5	0	0	3/8	2	1	1/8		1/8	1		1	55	G3	3	691
68	68	102	0.25	0	0	3/8	1	2	1/16		1/16	1	-1	2	62	D4	4	688
68	68	102	1.0	0	0	3/8	1	1	1/4		1/4	1	1	5	71	B4	4	685
68	68	409/4	0.5	1/16	1/16	3/8	1	2	1/8		1/8	1		9	63	D#4	4	689
68	68	205/2	0.5	1/8	1/8	3/8	2	1	1/8		1/8	1		1	55	G3	3	692
68	68	411/4	0.75	3/16	3/16	3/8	1	2	3/16		1/8	3/2	1	4	64	E4	4	690
68	68	103	0.5	1/4	1/4	3/8	2	1	1/8		1/8	1		8	56	G#3	3	693
68	68	103	0.25	1/4	1/4	3/8	1	1	1/16		1/16	1	-1	5	71	B4	4	686
68	68	413/4	0.25	5/16	5/16	3/8	1	1	1/16		1/16	1		5	71	B4	4	687
69	69	207/2	0.5	0	0	3/8	2	1	1/8		1/8	1		3	57	A3	3	700
69	69	207/2	0.75	0	0	3/8	1	2	3/16		1/8	3/2	-1	4	64	E4	4	697
69	69	207/2	0.5	0	0	3/8	1	1	1/8		1/8	1		5	71	B4	4	694
69	69	104	0.5	1/8	1/8	3/8	2	1	1/8		1/8	1		3	57	A3	3	701
69	69	104	0.75	1/8	1/8	3/8	1	1	3/16		1/8	3/2		0	72	C5	5	695
69	69	417/4	0.25	3/16	3/16	3/8	1	2	1/16		1/16	1		4	64	E4	4	698
69	69	209/2	0.5	1/4	1/4	3/8	2	1	1/8		1/8	1		3	57	A3	3	702
69	69	209/2	0.5	1/4	1/4	3/8	1	2	1/8		1/8	1	1	-1	65	F4	4	699
69	69	419/4	0.25	5/16	5/16	3/8	1	1	1/16		1/16	1		7	73	C#5	5	696
70	70	105	0.5	0	0	3/8	2	1	1/8		1/8	1		5	59	B3	3	709
70	70	105	0.75	0	0	3/8	1	2	3/16		1/8	3/2	-1	-1	65	F4	4	706
70	70	105	0.5	0	0	3/8	1	1	1/8		1/8	1		7	73	C#5	5	703
70	70	211/2	0.5	1/8	1/8	3/8	2	1	1/8		1/8	1		5	59	B3	3	710
70	70	211/2	0.75	1/8	1/8	3/8	1	1	3/16		1/8	3/2		2	74	D5	5	704
70	70	423/4	0.25	3/16	3/16	3/8	1	2	1/16		1/16	1		6	66	F#4	4	707
70	70	106	0.5	1/4	1/4	3/8	2	1	1/8		1/8	1		5	59	B3	3	711
70	70	106	0.5	1/4	1/4	3/8	1	2	1/8		1/8	1		1	67	G4	4	708
70	70	425/4	0.25	5/16	5/16	3/8	1	1	1/16		1/16	1		2	74	D5	5	705
71	71	213/2	0.0	0	0	3/8	1	1	0	grace32	1/32	1		2	74	D5	5	712
71	71	213/2	0.0	0	0	3/8	1	1	0	grace32	1/32	1		-1	77	F5	5	713
71	71	213/2	0.5	0	0	3/8	2	1	1/8		1/8	1		0	60	C4	4	721
71	71	213/2	0.5	0	0	3/8	1	2	1/8		1/8	1		1	67	G4	4	719
71	71	213/2	0.5	0	0	3/8	1	1	1/8		1/8	1		-3	75	Eb5	5	714
71	71	107	0.5	1/8	1/8	3/8	2	1	1/8		1/8	1		5	59	B3	3	722
71	71	107	0.5	1/8	1/8	3/8	1	2	1/8		1/8	1		1	67	G4	4	720
71	71	107	0.25	1/8	1/8	3/8	1	1	1/16		1/16	1		2	74	D5	5	715
71	71	429/4	0.25	3/16	3/16	3/8	1	1	1/16		1/16	1		6	78	F#5	5	716
71	71	215/2	0.25	1/4	1/4	3/8	1	1	1/16		1/16	1		1	79	G5	5	717
71	71	431/4	0.25	5/16	5/16	3/8	1	1	1/16		1/16	1		2	74	D5	5	718
72	72	108	0.0	0	0	3/8	1	1	0	grace32	1/32	1		2	74	D5	5	723
72	72	108	0.0	0	0	3/8	1	1	0	grace32	1/32	1		-1	77	F5	5	724
72	72	108	0.5	0	0	3/8	2	1	1/8		1/8	1		0	60	C4	4	738
72	72	108	0.5	0	0	3/8	1	2	1/8		1/8	1		1	67	G4	4	736
72	72	108	0.25	0	0	3/8	1	1	1/16		1/16	1		-3	75	Eb5	5	725
72	72	433/4	0.125	1/16	1/16	3/8	1	1	1/32		1/32	1		2	74	D5	5	726
72	72	867/8	0.125	3/32	3/32	3/8	1	1	1/32		1/32	1		-1	77	F5	5	727
72	72	217/2	0.5	1/8	1/8	3/8	2	1	1/8		1/8	1		5	59	B3	3	739
72	72	217/2	0.5	1/8	1/8	3/8	1	2	1/8		1/8	1		1	67	G4	4	737
72	72	217/2	0.125	1/8	1/8	3/8	1	1	1/32		1/32	1		2	86	D6	6	728
72	72	869/8	0.125	5/32	5/32	3/8	1	1	1/32		1/32	1		0	84	C6	6	729
72	72	435/4	0.125	3/16	3/16	3/8	1	1	1/32		1/32	1		5	83	B5	5	730
72	72	871/8	0.125	7/32	7/32	3/8	1	1	1/32		1/32	1		3	81	A5	5	731
72	72	109	0.125	1/4	1/4	3/8	1	1	1/32		1/32	1		1	79	G5	5	732
72	72	873/8	0.125	9/32	9/32	3/8	1	1	1/32		1/32	1		-1	77	F5	5	733
72	72	437/4	0.125	5/16	5/16	3/8	1	1	1/32		1/32	1		4	76	E5	5	734
72	72	875/8	0.125	11/32	11/32	3/8	1	1	1/32		1/32	1		2	74	D5	5	735
73	73	219/2	0.125	0	0	3/8	1	1	1/32		1/32	1		0	72	C5	5	740
73	73	877/8	0.125	1/32	1/32	3/8	1	1	1/32		1/32	1		2	74	D5	5	741
73	73	439/4	0.125	1/16	1/16	3/8	1	1	1/32		1/32	1		4	76	E5	5	742
73	73	879/8	0.125	3/32	3/32	3/8	1	1	1/32		1/32	1		2	74	D5	5	743
73	73	110	0.5	1/8	1/8	3/8	2	2	1/8		1/8	1		0	60	C4	4	747
73	73	110	0.5	1/8	1/8	3/8	2	1	1/8		1/8	1		4	64	E4	4	745
73	73	110	0.5	1/8	1/8	3/8	1	1	1/8		1/8	1		0	72	C5	5	744
73	73	221/2	0.5	1/4	1/4	3/8	2	2	1/8		1/8	1		5	59	B3	3	748
73	73	221/2	0.5	1/4	1/4	3/8	2	1	1/8		1/8	1		4	64	E4	4	746
74	74	111	0.125	0	0	3/8	1	1	1/32		1/32	1		0	72	C5	5	749
74	74	889/8	0.125	1/32	1/32	3/8	1	1	1/32		1/32	1		2	74	D5	5	750
74	74	445/4	0.125	1/16	1/16	3/8	1	1	1/32		1/32	1		4	76	E5	5	751
74	74	891/8	0.125	3/32	3/32	3/8	1	1	1/32		1/32	1		2	74	D5	5	752
74	74	223/2	0.5	1/8	1/8	3/8	2	2	1/8		1/8	1		3	57	A3	3	756
74	74	223/2	0.5	1/8	1/8	3/8	2	1	1/8		1/8	1		4	64	E4	4	754
74	74	223/2	0.5	1/8	1/8	3/8	1	1	1/8		1/8	1		0	72	C5	5	753
74	74	112	0.5	1/4	1/4	3/8	2	2	1/8		1/8	1		1	55	G3	3	757
74	74	112	0.5	1/4	1/4	3/8	2	1	1/8		1/8	1		4	64	E4	4	755
75	75	225/2	0.5	0	0	3/8	2	2	1/8		1/8	1		-1	53	F3	3	765
75	75	225/2	0.5	0	0	3/8	2	1	1/8		1/8	1		0	60	C4	4	762
75	75	225/2	0.5	0	0	3/8	1	1	1/8		1/8	1		2	74	D5	5	758
75	75	113	0.5	1/8	1/8	3/8	2	2	1/8		1/8	1		-1	53	F3	3	766
75	75	113	0.5	1/8	1/8	3/8	2	1	1/8		1/8	1		0	60	C4	4	763
75	75	113	0.75	1/8	1/8	3/8	1	1	3/16		1/8	3/2		2	74	D5	5	759
75	75	227/2	0.5	1/4	1/4	3/8	2	2	1/8		1/8	1		1	55	G3	3	767
75	75	227/2	0.5	1/4	1/4	3/8	2	1	1/8		1/8	1		5	59	B3	3	764
75	75	455/4	0.125	5/16	5/16	3/8	1	1	1/32		1/32	1		4	76	E5	5	760
75	75	911/8	0.125	11/32	11/32	3/8	1	1	1/32		1/32	1		-1	77	F5	5	761
76	76	114	0.0	0	0	3/8	1	1	0	grace32	1/32	2/3		-1	77	F5	5	768
76	76	114	0.5	0	0	3/8	2	2	1/8		1/8	1		0	48	C3	3	777
76	76	114	0.5	0	0	3/8	2	1	1/8		1/8	1		0	60	C4	4	774
76	76	114	0.16666666666666666	0	0	3/8	1	1	1/24		1/16	2/3		4	76	E5	5	769
76	76	685/6	0.16666666666666666	1/24	1/24	3/8	1	1	1/24		1/16	2/3		2	74	D5	5	770
76	76	343/3	0.16666666666666666	1/12	1/12	3/8	1	1	1/24		1/16	2/3		0	72	C5	5	771
76	76	229/2	0.5	1/8	1/8	3/8	2	2	1/8		1/8	1		4	52	E3	3	778
76	76	229/2	0.5	1/8	1/8	3/8	2	1	1/8		1/8	1		1	55	G3	3	775
76	76	229/2	0.5	1/8	1/8	3/8	1	1	1/8		1/8	1		0	72	C5	5	772
76	76	115	0.5	1/4	1/4	3/8	2	2	1/8		1/8	1		4	52	E3	3	779
76	76	115	0.5	1/4	1/4	3/8	2	1	1/8		1/8	1	1	0	60	C4	4	776
76	76	461/4	0.25	5/16	5/16	3/8	1	1	1/16		1/16	1		0	84	C6	6	773
77	77	231/2	0.5	0	0	3/8	2	2	1/8		1/8	1		-1	53	F3	3	787
77	77	231/2	0.5	0	0	3/8	2	1	1/8		1/8	1	-1	0	60	C4	4	784
77	77	231/2	0.5	0	0	3/8	1	1	1/8		1/8	1		2	74	D5	5	780
77	77	116	0.5	1/8	1/8	3/8	2	2	1/8		1/8	1		-1	53	F3	3	788
77	77	116	0.5	1/8	1/8	3/8	2	1	1/8		1/8	1		0	60	C4	4	785
77	77	116	0.75	1/8	1/8	3/8	1	1	3/16		1/8	3/2		2	74	D5	5	781
77	77	233/2	0.5	1/4	1/4	3/8	2	2	1/8		1/8	1		1	55	G3	3	789
77	77	233/2	0.5	1/4	1/4	3/8	2	1	1/8		1/8	1		5	59	B3	3	786
77	77	467/4	0.125	5/16	5/16	3/8	1	1	1/32		1/32	1		4	76	E5	5	782
77	77	935/8	0.125	11/32	11/32	3/8	1	1	1/32		1/32	1		-1	77	F5	5	783
78	78	117	0.0	0	0	3/8	1	1	0	grace32	1/32	2/3		-1	77	F5	5	790
78	78	117	0.5	0	0	3/8	2	2	1/8		1/8	1		0	48	C3	3	799
78	78	117	0.5	0	0	3/8	2	1	1/8		1/8	1		0	60	C4	4	795
78	78	117	0.16666666666666666	0	0	3/8	1	1	1/24		1/16	2/3		4	76	E5	5	791
78	78	703/6	0.16666666666666666	1/24	1/24	3/8	1	1	1/24		1/16	2/3		2	74	D5	5	792
78	78	352/3	0.16666666666666666	1/12	1/12	3/8	1	1	1/24		1/16	2/3		0	72	C5	5	793
78	78	235/2	0.5	1/8	1/8	3/8	1	1	1/8		1/8	1		0	72	C5	5	794
78	78	471/4	0.25	3/16	3/16	3/8	2	2	1/16		1/16	1		-2	46	Bb2	2	800
78	78	471/4	0.25	3/16	3/16	3/8	2	1	1/16		1/16	1		-2	58	Bb3	3	796
78	78	118	0.25	1/4	1/4	3/8	2	2	1/16		1/16	1		3	45	A2	2	801
78	78	118	0.25	1/4	1/4	3/8	2	1	1/16		1/16	1		3	57	A3	3	797
78	78	473/4	0.25	5/16	5/16	3/8	2	2	1/16		1/16	1		1	43	G2	2	802
78	78	473/4	0.25	5/16	5/16	3/8	2	1	1/16		1/16	1		1	55	G3	3	798
79	79	237/2	0.5	0	0	3/8	2	2	1/8		1/8	1		-1	41	F2	2	808
79	79	237/2	0.5	0	0	3/8	2	1	1/8		1/8	1		-1	53	F3	3	807
79	79	119	0.5	1/8	1/8	3/8	1	2	1/8		1/8	1		-1	77	F5	5	805
79	79	119	0.5	1/8	1/8	3/8	1	1	1/8		1/8	1		3	81	A5	5	803
79	79	239/2	0.5	1/4	1/4	3/8	1	2	1/8		1/8	1		4	76	E5	5	806
79	79	239/2	0.5	1/4	1/4	3/8	1	1	1/8		1/8	1		1	79	G5	5	804
80	80	120	0.0	0	0	3/8	1	1	0	appoggiatura	1/8	1		1	79	G5	5	809
80	80	120	0.0	0	0	3/8	1	2	0	appoggiatura	1/8	1		4	76	E5	5	812
80	80	120	1.0	0	0	3/8	1	2	1/4		1/4	1		2	74	D5	5	813
80	80	120	1.0	0	0	3/8	1	1	1/4		1/4	1		-1	77	F5	5	810
80	80	241/2	0.5	1/8	1/8	3/8	2	1	1/8		1/8	1		3	69	A4	4	815
80	80	121	0.5	1/4	1/4	3/8	2	1	1/8		1/8	1		1	67	G4	4	816
80	80	121	0.5	1/4	1/4	3/8	1	2	1/8		1/8	1		0	72	C5	5	814
80	80	121	0.5	1/4	1/4	3/8	1	1	1/8		1/8	1		4	76	E5	5	811
81	81	243/2	1.0	0	0	3/4	2	1	1/4		1/4	1		-1	65	F4	4	825
81	81	243/2	0.5	0	0	3/4	1	2	1/8		1/8	1		0	72	C5	5	821
81	81	243/2	0.5	0	0	3/4	1	1	1/8		1/8	1		2	74	D5	5	817
81	81	122	1.0	1/8	1/8	3/4	1	2	1/4		1/4	1		0	72	C5	5	822
81	81	122	1.0	1/8	1/8	3/4	1	1	1/4		1/4	1		2	74	D5	5	818
81	81	245/2	1.0	1/4	1/4	3/4	2	1	1/4		1/4	1		1	67	G4	4	826
81	81	123	0.5	3/8	3/8	3/4	1	2	1/8		1/8	1		0	72	C5	5	823
81	81	123	0.5	3/8	3/8	3/4	1	1	1/8		1/8	1		2	74	D5	5	819
81	81	247/2	1.0	1/2	1/2	3/4	2	1	1/4		1/4	1		-4	68	Ab4	4	827
81	81	247/2	1.0	1/2	1/2	3/4	1	2	1/4		1/4	1		0	72	C5	5	824
81	81	247/2	1.0	1/2	1/2	3/4	1	1	1/4		1/4	1		2	74	D5	5	820
82	82	249/2	0.0	0	0	3/8	1	1	0	grace32	1/32	1		-1	77	F5	5	828
82	82	249/2	1.0	0	0	3/8	2	1	1/4		1/4	1		1	67	G4	4	837
82	82	249/2	0.5	0	0	3/8	1	2	1/8		1/8	1		0	72	C5	5	834
82	82	249/2	0.25	0	0	3/8	1	1	1/16		1/16	1		4	76	E5	5	829
82	82	499/4	0.125	1/16	1/16	3/8	1	1	1/32		1/32	1		2	74	D5	5	830
82	82	999/8	0.125	3/32	3/32	3/8	1	1	1/32		1/32	1		4	76	E5	5	831
82	82	125	0.75	1/8	1/8	3/8	1	2	3/16		1/8	3/2		4	76	E5	5	835
82	82	125	0.75	1/8	1/8	3/8	1	1	3/16		1/8	3/2		0	84	C6	6	832
82	82	251/2	0.5	1/4	1/4	3/8	2	1	1/8		1/8	1		6	66	F#4	4	838
82	82	503/4	0.25	5/16	5/16	3/8	1	2	1/16		1/16	1		0	72	C5	5	836
82	82	503/4	0.25	5/16	5/16	3/8	1	1	1/16		1/16	1		4	76	E5	5	833
83	83	126	0.0	0	0	3/8	1	1	0	grace16	1/16	1		-1	77	F5	5	839
83	83	126	0.5	0	0	3/8	2	1	1/8		1/8	1		1	67	G4	4	844
83	83	126	0.5	0	0	3/8	1	2	1/8		1/8	1		0	72	C5	5	842
83	83	126	0.5	0	0	3/8	1	1	1/8		1/8	1		4	76	E5	5	840
83	83	253/2	0.5	1/8	1/8	3/8	2	1	1/8		1/8	1		1	55	G3	3	845
83	83	253/2	0.5	1/8	1/8	3/8	1	2	1/8		1/8	1		5	71	B4	4	843
83	83	253/2	0.5	1/8	1/8	3/8	1	1	1/8		1/8	1		2	74	D5	5	841
84	84	255/2	0.125	0	0	3/8	2	1	1/32		1/32	1		1	31	G1	1	852
84	84	1021/8	0.125	1/32	1/32	3/8	2	1	1/32		1/32	1		3	33	A1	1	853
84	84	511/4	0.125	1/16	1/16	3/8	2	1	1/32		1/32	1		5	35	B1	1	854
84	84	1023/8	0.125	3/32	3/32	3/8	2	1	1/32		1/32	1		3	33	A1	1	855
84	84	128	0.5	1/8	1/8	3/8	2	1	1/8		1/8	1		1	31	G1	1	856
84	84	513/4	0.25	3/16	3/16	3/8	1	2	1/16		1/16	1		-1	77	F5	5	849
84	84	513/4	0.25	3/16	3/16	3/8	1	1	1/16		1/16	1		3	81	A5	5	846
84	84	257/2	0.25	1/4	1/4	3/8	1	2	1/16		1/16	1		4	76	E5	5	850
84	84	257/2	0.25	1/4	1/4	3/8	1	1	1/16		1/16	1		1	79	G5	5	847
84	84	515/4	0.25	5/16	5/16	3/8	1	2	1/16		1/16	1		2	74	D5	5	851
84	84	515/4	0.25	5/16	5/16	3/8	1	1	1/16		1/16	1		-1	77	F5	5	848
85	85	129	0.125	0	0	3/8	2	1	1/32		1/32	1		0	36	C2	2	865
85	85	129	0.5	0	0	3/8	1	2	1/8		1/8	1		0	72	C5	5	861
85	85	129	0.5	0	0	3/8	1	1	1/8		1/8	1		4	76	E5	5	857
85	85	1033/8	0.125	1/32	1/32	3/8	2	1	1/32		1/32	1		2	38	D2	2	866
85	85	517/4	0.125	1/16	1/16	3/8	2	1	1/32		1/32	1		4	40	E2	2	867
85	85	1035/8	0.125	3/32	3/32	3/8	2	1	1/32		1/32	1		2	38	D2	2	868
85	85	259/2	0.5	1/8	1/8	3/8	2	1	1/8		1/8	1		0	36	C2	2	869
85	85	519/4	0.25	3/16	3/16	3/8	1	2	1/16		1/16	1		4	76	E5	5	862
85	85	519/4	0.25	3/16	3/16	3/8	1	1	1/16		1/16	1		1	79	G5	5	858
85	85	130	0.25	1/4	1/4	3/8	1	2	1/16		1/16	1		2	74	D5	5	863
85	85	130	0.25	1/4	1/4	3/8	1	1	1/16		1/16	1		-1	77	F5	5	859
85	85	521/4	0.25	5/16	5/16	3/8	1	2	1/16		1/16	1		0	72	C5	5	864
85	85	521/4	0.25	5/16	5/16	3/8	1	1	1/16		1/16	1		4	76	E5	5	860
86	86	261/2	0.125	0	0	3/8	2	1	1/32		1/32	1		1	43	G2	2	878
86	86	261/2	0.5	0	0	3/8	1	2	1/8		1/8	1		5	71	B4	4	874
86	86	261/2	0.5	0	0	3/8	1	1	1/8		1/8	1		2	74	D5	5	870
86	86	1045/8	0.125	1/32	1/32	3/8	2	1	1/32		1/32	1		3	45	A2	2	879
86	86	523/4	0.125	1/16	1/16	3/8	2	1	1/32		1/32	1		5	47	B2	2	880
86	86	1047/8	0.125	3/32	3/32	3/8	2	1	1/32		1/32	1		3	45	A2	2	881
86	86	131	0.5	1/8	1/8	3/8	2	1	1/8		1/8	1		1	43	G2	2	882
86	86	525/4	0.25	3/16	3/16	3/8	1	2	1/16		1/16	1		-1	77	F5	5	875
86	86	525/4	0.25	3/16	3/16	3/8	1	1	1/16		1/16	1		3	81	A5	5	871
86	86	263/2	0.25	1/4	1/4	3/8	1	2	1/16		1/16	1		4	76	E5	5	876
86	86	263/2	0.25	1/4	1/4	3/8	1	1	1/16		1/16	1		1	79	G5	5	872
86	86	527/4	0.25	5/16	5/16	3/8	1	2	1/16		1/16	1		2	74	D5	5	877
86	86	527/4	0.25	5/16	5/16	3/8	1	1	1/16		1/16	1		-1	77	F5	5	873
87	87	132	0.125	0	0	3/8	2	1	1/32		1/32	1		0	48	C3	3	891
87	87	132	0.5	0	0	3/8	1	2	1/8		1/8	1		0	72	C5	5	887
87	87	132	0.5	0	0	3/8	1	1	1/8		1/8	1		4	76	E5	5	883
87	87	1057/8	0.125	1/32	1/32	3/8	2	1	1/32		1/32	1		2	50	D3	3	892
87	87	529/4	0.125	1/16	1/16	3/8	2	1	1/32		1/32	1		4	52	E3	3	893
87	87	1059/8	0.125	3/32	3/32	3/8	2	1	1/32		1/32	1		2	50	D3	3	894
87	87	265/2	0.5	1/8	1/8	3/8	2	1	1/8		1/8	1		0	48	C3	3	895
87	87	531/4	0.25	3/16	3/16	3/8	1	2	1/16		1/16	1		4	76	E5	5	888
87	87	531/4	0.25	3/16	3/16	3/8	1	1	1/16		1/16	1		1	79	G5	5	884
87	87	133	0.25	1/4	1/4	3/8	1	2	1/16		1/16	1		2	74	D5	5	889
87	87	133	0.25	1/4	1/4	3/8	1	1	1/16		1/16	1		-1	77	F5	5	885
87	87	533/4	0.25	5/16	5/16	3/8	1	2	1/16		1/16	1		0	72	C5	5	890
87	87	533/4	0.25	5/16	5/16	3/8	1	1	1/16		1/16	1		4	76	E5	5	886
88	88	267/2	0.5	0	0	3/8	2	1	1/8		1/8	1		1	43	G2	2	904
88	88	267/2	0.25	0	0	3/8	1	2	1/16		1/16	1		5	71	B4	4	900
88	88	267/2	0.25	0	0	3/8	1	1	1/16		1/16	1		2	74	D5	5	896
88	88	535/4	0.5	1/16	1/16	3/8	1	2	1/8		1/8	1		5	71	B4	4	901
88	88	535/4	0.5	1/16	1/16	3/8	1	1	1/8		1/8	1		2	74	D5	5	897
88	88	134	0.5	1/8	1/8	3/8	2	1	1/8		1/8	1		1	55	G3	3	905
88	88	537/4	0.5	3/16	3/16	3/8	1	2	1/8		1/8	1		0	72	C5	5	902
88	88	537/4	0.5	3/16	3/16	3/8	1	1	1/8		1/8	1		4	76	E5	5	898
88	88	269/2	0.5	1/4	1/4	3/8	2	1	1/8		1/8	1		1	55	G3	3	906
88	88	539/4	0.25	5/16	5/16	3/8	1	2	1/16		1/16	1		3	69	A4	4	903
88	88	539/4	0.25	5/16	5/16	3/8	1	1	1/16		1/16	1		6	78	F#5	5	899
89	89	135	0.5	0	0	3/8	2	1	1/8		1/8	1		1	43	G2	2	915
89	89	135	0.25	0	0	3/8	1	2	1/16		1/16	1		5	71	B4	4	911
89	89	135	0.25	0	0	3/8	1	1	1/16		1/16	1		1	79	G5	5	907
89	89	541/4	0.5	1/16	1/16	3/8	1	2	1/8		1/8	1		5	71	B4	4	912
89	89	541/4	0.5	1/16	1/16	3/8	1	1	1/8		1/8	1		2	74	D5	5	908
89	89	271/2	0.5	1/8	1/8	3/8	2	1	1/8		1/8	1		1	55	G3	3	916
89	89	543/4	0.5	3/16	3/16	3/8	1	2	1/8		1/8	1		0	72	C5	5	913
89	89	543/4	0.5	3/16	3/16	3/8	1	1	1/8		1/8	1		4	76	E5	5	909
89	89	136	0.5	1/4	1/4	3/8	2	1	1/8		1/8	1		1	55	G3	3	917
89	89	545/4	0.25	5/16	5/16	3/8	1	2	1/16		1/16	1		3	69	A4	4	914
89	89	545/4	0.25	5/16	5/16	3/8	1	1	1/16		1/16	1		6	78	F#5	5	910
90	90	273/2	0.5	0	0	3/8	2	1	1/8		1/8	1		1	43	G2	2	926
90	90	273/2	0.25	0	0	3/8	1	2	1/16		1/16	1		5	71	B4	4	922
90	90	273/2	0.25	0	0	3/8	1	1	1/16		1/16	1		1	79	G5	5	918
90	90	547/4	0.5	1/16	1/16	3/8	1	2	1/8		1/8	1		5	71	B4	4	923
90	90	547/4	0.5	1/16	1/16	3/8	1	1	1/8		1/8	1		1	79	G5	5	919
90	90	137	0.5	1/8	1/8	3/8	2	1	1/8		1/8	1		1	55	G3	3	927
90	90	549/4	0.5	3/16	3/16	3/8	1	2	1/8		1/8	1		0	72	C5	5	924
90	90	549/4	0.5	3/16	3/16	3/8	1	1	1/8		1/8	1		3	81	A5	5	920
90	90	275/2	0.5	1/4	1/4	3/8	2	1	1/8		1/8	1		-1	53	F3	3	928
90	90	551/4	0.25	5/16	5/16	3/8	1	2	1/16		1/16	1		2	74	D5	5	925
90	90	551/4	0.25	5/16	5/16	3/8	1	1	1/16		1/16	1		5	83	B5	5	921
91	91	138	0.0	0	0	3/8	1	1	0	appoggiatura	1/8	1		5	83	B5	5	929
91	91	138	0.0	0	0	3/8	1	2	0	appoggiatura	1/8	1		2	74	D5	5	931
91	91	138	1.0	0	0	3/8	2	1	1/4		1/4	1		-3	51	Eb3	3	933
91	91	138	1.0	0	0	3/8	1	2	1/4		1/4	1		-3	75	Eb5	5	932
91	91	138	1.0	0	0	3/8	1	1	1/4		1/4	1		0	84	C6	6	930
92	92	279/2	0.5	0	0	3/8	2	2	1/8		1/8	1		0	48	C3	3	938
92	92	559/4	0.25	1/16	1/16	3/8	1	1	1/16		1/16	1		-3	87	Eb6	6	934
92	92	140	0.0	1/8	1/8	3/8	1	1	0	appoggiatura	1/8	1		1	79	G5	5	935
92	92	140	0.5	1/8	1/8	3/8	2	2	1/8		1/8	1		0	60	C4	4	939
92	92	140	1.0	1/8	1/8	3/8	1	1	1/4		1/4	1		6	78	F#5	5	936
92	92	281/2	0.5	1/4	1/4	3/8	2	2	1/8		1/8	1		0	60	C4	4	940
92	92	281/2	0.5	1/4	1/4	3/8	2	2	1/8		1/8	1		-3	63	Eb4	4	940
92	92	281/2	0.5	1/4	1/4	3/8	2	1	1/8		1/8	1		3	69	A4	4	937
93	93	141	0.5	0	0	3/8	2	2	1/8		1/8	1		5	59	B3	3	954
93	93	141	0.5	0	0	3/8	2	2	1/8		1/8	1		2	62	D4	4	954
93	93	141	0.5	0	0	3/8	2	1	1/8		1/8	1		1	67	G4	4	953
93	93	141	0.125	0	0	3/8	1	1	1/32		1/32	1		1	79	G5	5	941
93	93	1129/8	0.125	1/32	1/32	3/8	1	1	1/32		1/32	1		3	81	A5	5	942
93	93	565/4	0.125	1/16	1/16	3/8	1	1	1/32		1/32	1		5	83	B5	5	943
93	93	1131/8	0.125	3/32	3/32	3/8	1	1	1/32		1/32	1		0	84	C6	6	944
93	93	283/2	0.125	1/8	1/8	3/8	1	1	1/32		1/32	1		2	86	D6	6	945
93	93	1133/8	0.125	5/32	5/32	3/8	1	1	1/32		1/32	1		0	84	C6	6	946
93	93	567/4	0.125	3/16	3/16	3/8	1	1	1/32		1/32	1		5	83	B5	5	947
93	93	1135/8	0.125	7/32	7/32	3/8	1	1	1/32		1/32	1		3	81	A5	5	948
93	93	142	0.125	1/4	1/4	3/8	1	1	1/32		1/32	1		1	79	G5	5	949
93	93	1137/8	0.125	9/32	9/32	3/8	1	1	1/32		1/32	1		-1	77	F5	5	950
93	93	569/4	0.125	5/16	5/16	3/8	1	1	1/32		1/32	1		-3	75	Eb5	5	951
93	93	1139/8	0.125	11/32	11/32	3/8	1	1	1/32		1/32	1		2	74	D5	5	952
94	94	285/2	0.5	0	0	3/8	2	2	1/8		1/8	1		0	48	C3	3	960
94	94	285/2	0.25	0	0	3/8	1	1	1/16		1/16	1		-3	75	Eb5	5	955
94	94	571/4	0.25	1/16	1/16	3/8	1	1	1/16		1/16	1		-3	87	Eb6	6	956
94	94	143	0.0	1/8	1/8	3/8	1	1	0	appoggiatura	1/8	1		1	79	G5	5	957
94	94	143	0.5	1/8	1/8	3/8	2	2	1/8		1/8	1		0	60	C4	4	961
94	94	143	1.0	1/8	1/8	3/8	1	1	1/4		1/4	1		6	78	F#5	5	958
94	94	287/2	0.5	1/4	1/4	3/8	2	2	1/8		1/8	1		0	60	C4	4	962
94	94	287/2	0.5	1/4	1/4	3/8	2	2	1/8		1/8	1		-3	63	Eb4	4	962
94	94	287/2	0.5	1/4	1/4	3/8	2	1	1/8		1/8	1		3	69	A4	4	959
95	95	144	0.5	0	0	3/8	2	2	1/8		1/8	1		5	59	B3	3	976
95	95	144	0.5	0	0	3/8	2	2	1/8		1/8	1		2	62	D4	4	976
95	95	144	0.5	0	0	3/8	2	1	1/8		1/8	1		1	67	G4	4	975
95	95	144	0.125	0	0	3/8	1	1	1/32		1/32	1		1	79	G5	5	963
95	95	1153/8	0.125	1/32	1/32	3/8	1	1	1/32		1/32	1		3	81	A5	5	964
95	95	577/4	0.125	1/16	1/16	3/8	1	1	1/32		1/32	1		5	83	B5	5	965
95	95	1155/8	0.125	3/32	3/32	3/8	1	1	1/32		1/32	1		0	84	C6	6	966
95	95	289/2	0.125	1/8	1/8	3/8	1	1	1/32		1/32	1		2	86	D6	6	967
95	95	1157/8	0.125	5/32	5/32	3/8	1	1	1/32		1/32	1		0	84	C6	6	968
95	95	579/4	0.125	3/16	3/16	3/8	1	1	1/32		1/32	1		5	83	B5	5	969
95	95	1159/8	0.125	7/32	7/32	3/8	1	1	1/32		1/32	1		3	81	A5	5	970
95	95	145	0.125	1/4	1/4	3/8	1	1	1/32		1/32	1		1	79	G5	5	971
95	95	1161/8	0.125	9/32	9/32	3/8	1	1	1/32		1/32	1		-1	77	F5	5	972
95	95	581/4	0.125	5/16	5/16	3/8	1	1	1/32		1/32	1		4	76	E5	5	973
95	95	1163/8	0.125	11/32	11/32	3/8	1	1	1/32		1/32	1		2	74	D5	5	974
96	96	291/2	0.0	0	0	3/8	1	1	0	grace32	1/32	1		-1	77	F5	5	977
96	96	291/2	0.5	0	0	3/8	2	2	1/8		1/8	1		0	60	C4	4	992
96	96	291/2	0.5	0	0	3/8	2	1	1/8		1/8	1		1	67	G4	4	989
96	96	291/2	0.25	0	0	3/8	1	1	1/16		1/16	1		4	76	E5	5	978
96	96	583/4	0.125	1/16	1/16	3/8	1	1	1/32		1/32	1		2	74	D5	5	979
96	96	1167/8	0.125	3/32	3/32	3/8	1	1	1/32		1/32	1		4	76	E5	5	980
96	96	146	0.0	1/8	1/8	3/8	1	1	0	grace32	1/32	1		1	79	G5	5	981
96	96	146	0.5	1/8	1/8	3/8	2	2	1/8		1/8	1		3	57	A3	3	993
96	96	146	0.5	1/8	1/8	3/8	2	1	1/8		1/8	1		0	60	C4	4	990
96	96	146	0.25	1/8	1/8	3/8	1	1	1/16		1/16	1		-1	77	F5	5	982
96	96	585/4	0.125	3/16	3/16	3/8	1	1	1/32		1/32	1		4	76	E5	5	983
96	96	1171/8	0.125	7/32	7/32	3/8	1	1	1/32		1/32	1		-1	77	F5	5	984
96	96	293/2	0.0	1/4	1/4	3/8	1	1	0	grace32	1/32	1		3	81	A5	5	985
96	96	293/2	0.5	1/4	1/4	3/8	2	2	1/8		1/8	1		4	52	E3	3	994
96	96	293/2	0.5	1/4	1/4	3/8	2	1	1/8		1/8	1		0	60	C4	4	991
96	96	293/2	0.25	1/4	1/4	3/8	1	1	1/16		1/16	1		1	79	G5	5	986
96	96	587/4	0.125	5/16	5/16	3/8	1	1	1/32		1/32	1		-1	77	F5	5	987
96	96	1175/8	0.125	11/32	11/32	3/8	1	1	1/32		1/32	1		1	79	G5	5	988
97	97	147	0.0	0	0	3/8	1	1	0	grace32	1/32	1		-2	82	Bb5	5	995
97	97	147	0.5	0	0	3/8	2	2	1/8		1/8	1		-1	53	F3	3	1011
97	97	147	0.5	0	0	3/8	2	1	1/8		1/8	1		0	60	C4	4	1008
97	97	147	0.25	0	0	3/8	1	1	1/16		1/16	1		3	81	A5	5	996
97	97	589/4	0.125	1/16	1/16	3/8	1	1	1/32		1/32	1		1	79	G5	5	997
97	97	1179/8	0.125	3/32	3/32	3/8	1	1	1/32		1/32	1		3	81	A5	5	998
97	97	295/2	0.0	1/8	1/8	3/8	1	1	0	grace32	1/32	1		0	84	C6	6	999
97	97	295/2	0.5	1/8	1/8	3/8	2	2	1/8		1/8	1		2	50	D3	3	1012
97	97	295/2	0.5	1/8	1/8	3/8	2	1	1/8		1/8	1		2	62	D4	4	1009
97	97	295/2	0.25	1/8	1/8	3/8	1	1	1/16		1/16	1		5	83	B5	5	1000
97	97	591/4	0.125	3/16	3/16	3/8	1	1	1/32		1/32	1		3	81	A5	5	1001
97	97	1183/8	0.125	7/32	7/32	3/8	1	1	1/32		1/32	1		5	83	B5	5	1002
97	97	148	0.0	1/4	1/4	3/8	1	1	0	grace32	1/32	1		2	86	D6	6	1003
97	97	148	0.5	1/4	1/4	3/8	2	2	1/8		1/8	1		4	52	E3	3	1013
97	97	148	0.5	1/4	1/4	3/8	2	1	1/8		1/8	1		1	55	G3	3	1010
97	97	148	0.125	1/4	1/4	3/8	1	1	1/32		1/32	1		0	84	C6	6	1004
97	97	1185/8	0.125	9/32	9/32	3/8	1	1	1/32		1/32	1		5	83	B5	5	1005
97	97	593/4	0.125	5/16	5/16	3/8	1	1	1/32		1/32	1		0	84	C6	6	1006
97	97	1187/8	0.125	11/32	11/32	3/8	1	1	1/32		1/32	1		4	88	E6	6	1007
98	98	297/2	0.0	0	0	3/8	1	1	0	appoggiatura	1/8	1		1	79	G5	5	1014
98	98	297/2	1.5	0	0	3/8	1	1	3/8		1/4	3/2		-1	77	F5	5	1015
98	98	149	0.5	1/8	1/8	3/8	2	2	1/8		1/8	1		3	57	A3	3	1018
98	98	149	0.5	1/8	1/8	3/8	2	1	1/8		1/8	1		0	60	C4	4	1016
98	98	299/2	0.5	1/4	1/4	3/8	2	2	1/8		1/8	1		5	59	B3	3	1019
98	98	299/2	0.5	1/4	1/4	3/8	2	1	1/8		1/8	1		2	62	D4	4	1017
99	99	150	0.5	0	0	3/8	2	1	1/8		1/8	1		0	60	C4	4	1024
99	99	150	0.5	0	0	3/8	2	2	1/8		1/8	1		0	60	C4	4	1027
99	99	150	0.25	0	0	3/8	1	1	1/16		1/16	1		4	76	E5	5	1020
99	99	601/4	0.125	1/16	1/16	3/8	1	1	1/32		1/32	1		0	84	C6	6	1021
99	99	1203/8	0.125	3/32	3/32	3/8	1	1	1/32		1/32	1		2	86	D6	6	1022
99	99	301/2	0.5	1/8	1/8	3/8	2	2	1/8		1/8	1		-1	53	F3	3	1028
99	99	301/2	0.5	1/8	1/8	3/8	2	1	1/8		1/8	1		0	60	C4	4	1025
99	99	301/2	1.0	1/8	1/8	3/8	1	1	1/4		1/4	1		2	86	D6	6	1023
99	99	151	0.5	1/4	1/4	3/8	2	2	1/8		1/8	1		1	55	G3	3	1029
99	99	151	0.5	1/4	1/4	3/8	2	1	1/8		1/8	1		5	59	B3	3	1026
100	100	303/2	0.5	0	0	3/8	2	2	1/8		1/8	1		3	57	A3	3	1036
100	100	303/2	1.0	0	0	3/8	2	1	1/4		1/4	1		0	60	C4	4	1034
100	100	303/2	0.25	0	0	3/8	1	1	1/16		1/16	1		0	84	C6	6	1030
100	100	607/4	0.125	1/16	1/16	3/8	1	1	1/32		1/32	1		0	72	C5	5	1031
100	100	1215/8	0.125	3/32	3/32	3/8	1	1	1/32		1/32	1		2	74	D5	5	1032
100	100	152	0.5	1/8	1/8	3/8	2	2	1/8		1/8	1		-1	53	F3	3	1037
100	100	152	1.0	1/8	1/8	3/8	1	1	1/4		1/4	1		2	74	D5	5	1033
100	100	305/2	0.5	1/4	1/4	3/8	2	2	1/8		1/8	1		1	55	G3	3	1038
100	100	305/2	0.5	1/4	1/4	3/8	2	1	1/8		1/8	1		5	59	B3	3	1035
101	101	153	1.0	0	0	3/8	2	2	1/4		1/4	1		0	48	C3	3	1041
101	101	153	1.0	0	0	3/8	2	1	1/4		1/4	1		0	60	C4	4	1040
101	101	153	1.0	0	0	3/8	1	1	1/4		1/4	1		0	72	C5	5	1039
