mc	mn	mc_onset	mn_onset	timesig	staff	voice	duration	gracenote	nominal_duration	scalar	tied	tpc	midi	volta	chord_id
1	1	0	0	4/4	2	1	1/4		1/4	1		0	36		15
1	1	0	0	4/4	2	1	1/4		1/4	1		4	40		15
1	1	0	0	4/4	2	1	1/4		1/4	1		1	43		15
1	1	0	0	4/4	2	1	1/4		1/4	1		0	48		15
1	1	1/16	1/16	4/4	1	1	1/16		1/16	1		0	72		0
1	1	1/8	1/8	4/4	1	1	1/16		1/16	1		4	76		1
1	1	3/16	3/16	4/4	1	1	1/16		1/16	1		0	72		2
1	1	1/4	1/4	4/4	1	1	1/16		1/16	1		1	79		3
1	1	5/16	5/16	4/4	1	1	1/16		1/16	1		4	76		4
1	1	3/8	3/8	4/4	1	1	1/16		1/16	1		0	84		5
1	1	7/16	7/16	4/4	1	1	1/16		1/16	1		1	79		6
1	1	1/2	1/2	4/4	1	1	1/16		1/16	1		4	76		7
1	1	9/16	9/16	4/4	1	1	1/16		1/16	1		0	72		8
1	1	5/8	5/8	4/4	1	1	1/16		1/16	1		1	79		9
1	1	11/16	11/16	4/4	1	1	1/16		1/16	1		4	76		10
1	1	3/4	3/4	4/4	1	1	1/16		1/16	1		0	84		11
1	1	13/16	13/16	4/4	1	1	1/16		1/16	1		1	79		12
1	1	7/8	7/8	4/4	1	1	1/16		1/16	1		4	76		13
1	1	15/16	15/16	4/4	1	1	1/16		1/16	1		0	72		14
2	2	0	0	4/4	1	2	1/8		1/8	1		-1	77		22
2	2	0	0	4/4	1	1	1/8		1/8	1		3	81		16
2	2	1/8	1/8	4/4	2	1	1/8		1/8	1		0	48		27
2	2	1/8	1/8	4/4	1	2	1/4		1/4	1		3	81		23
2	2	1/8	1/8	4/4	1	1	1/4		1/4	1		-1	89		17
2	2	1/4	1/4	4/4	2	1	1/8		1/8	1		-1	53		28
2	2	3/8	3/8	4/4	2	1	1/8		1/8	1		3	57		29
2	2	3/8	3/8	4/4	1	2	1/8		1/8	1		-1	77		24
2	2	3/8	3/8	4/4	1	1	1/8		1/8	1		3	81		18
2	2	1/2	1/2	4/4	1	1	0	grace16	1/16	1		-2	82		19
2	2	1/2	1/2	4/4	1	2	1/8		1/8	1		-1	77		25
2	2	1/2	1/2	4/4	1	1	1/8		1/8	1		3	81		20
2	2	5/8	5/8	4/4	2	1	1/8		1/8	1		0	48		30
2	2	5/8	5/8	4/4	1	2	1/8		1/8	1		4	76		26
2	2	5/8	5/8	4/4	1	1	1/8		1/8	1		1	79		21
2	2	3/4	3/4	4/4	2	1	1/8		1/8	1		4	52		31
2	2	7/8	7/8	4/4	2	1	1/8		1/8	1		0	48		32
3	3	0	0	4/4	1	2	1/8		1/8	1		2	74		40
3	3	0	0	4/4	1	1	1/8		1/8	1		-1	77		33
3	3	1/8	1/8	4/4	2	1	1/8		1/8	1		1	43		46
3	3	1/8	1/8	4/4	1	2	1/4		1/4	1		-1	77		41
3	3	1/8	1/8	4/4	1	1	1/4		1/4	1		2	86		34
3	3	1/4	1/4	4/4	2	1	1/8		1/8	1		3	45		47
3	3	3/8	3/8	4/4	2	1	1/8		1/8	1		5	47		48
3	3	3/8	3/8	4/4	1	2	1/8		1/8	1		2	74		42
3	3	3/8	3/8	4/4	1	1	1/8		1/8	1		-1	77		35
3	3	1/2	1/2	4/4	1	1	0	grace16	1/16	1		1	79		36
3	3	1/2	1/2	4/4	1	2	1/8		1/8	1		2	74		43
3	3	1/2	1/2	4/4	1	1	1/8		1/8	1		-1	77		37
3	3	5/8	5/8	4/4	2	1	1/8		1/8	1		0	48		49
3	3	5/8	5/8	4/4	1	2	1/8		1/8	1		0	72		44
3	3	5/8	5/8	4/4	1	1	1/8		1/8	1		4	76		38
3	3	3/4	3/4	4/4	2	1	1/8		1/8	1		4	52		50
3	3	7/8	7/8	4/4	2	1	1/8		1/8	1		1	55		51
3	3	7/8	7/8	4/4	1	2	1/8		1/8	1		2	62		45
3	3	7/8	7/8	4/4	1	1	1/8		1/8	1		-1	65		39
4	4	0	0	4/4	1	1	0	grace16	1/16	1		1	67		52
4	4	0	0	4/4	1	2	1/8		1/8	1		2	62		55
4	4	0	0	4/4	1	1	1/8		1/8	1		-1	65		53
4	4	1/16	1/16	4/4	2	1	1/16		1/16	1		0	36		57
4	4	1/8	1/8	4/4	2	1	1/16		1/16	1		4	40		58
4	4	1/8	1/8	4/4	1	2	1/8		1/8	1		0	60		56
4	4	1/8	1/8	4/4	1	1	1/8		1/8	1		4	64		54
4	4	3/16	3/16	4/4	2	1	1/16		1/16	1		0	36		59
4	4	1/4	1/4	4/4	2	1	1/16		1/16	1		1	43		60
4	4	5/16	5/16	4/4	2	1	1/16		1/16	1		4	40		61
4	4	3/8	3/8	4/4	2	1	1/16		1/16	1		0	48		62
4	4	7/16	7/16	4/4	2	1	1/16		1/16	1		1	43		63
4	4	1/2	1/2	4/4	2	1	1/16		1/16	1		4	40		64
4	4	9/16	9/16	4/4	2	1	1/16		1/16	1		0	36		65
4	4	5/8	5/8	4/4	2	1	1/16		1/16	1		1	43		66
4	4	11/16	11/16	4/4	2	1	1/16		1/16	1		4	40		67
4	4	3/4	3/4	4/4	2	1	1/16		1/16	1		0	48		68
4	4	13/16	13/16	4/4	2	1	1/16		1/16	1		1	43		69
4	4	7/8	7/8	4/4	2	1	1/16		1/16	1		4	40		70
4	4	15/16	15/16	4/4	2	1	1/16		1/16	1		0	36		71
5	5	0	0	4/4	2	1	1/8		1/8	1		0	48		83
5	5	0	0	4/4	1	2	1/8		1/8	1		-1	65		78
5	5	0	0	4/4	1	1	1/8		1/8	1		3	69		72
5	5	1/8	1/8	4/4	2	1	1/8		1/8	1		0	36		84
5	5	1/8	1/8	4/4	1	2	1/4		1/4	1		3	69		79
5	5	1/8	1/8	4/4	1	1	1/4		1/4	1		-1	77		73
5	5	1/4	1/4	4/4	2	1	1/8		1/8	1		-1	41		85
5	5	3/8	3/8	4/4	2	1	1/8		1/8	1		3	45		86
5	5	3/8	3/8	4/4	1	2	1/8		1/8	1		-1	65		80
5	5	3/8	3/8	4/4	1	1	1/8		1/8	1		3	69		74
5	5	1/2	1/2	4/4	1	1	0	grace16	1/16	1		-2	70		75
5	5	1/2	1/2	4/4	1	2	1/8		1/8	1		-1	65		81
5	5	1/2	1/2	4/4	1	1	1/8		1/8	1		3	69		76
5	5	5/8	5/8	4/4	2	1	1/8		1/8	1		0	48		87
5	5	5/8	5/8	4/4	1	2	1/8		1/8	1		4	64		82
5	5	5/8	5/8	4/4	1	1	1/8		1/8	1		1	67		77
5	5	3/4	3/4	4/4	2	1	1/8		1/8	1		4	52		88
5	5	7/8	7/8	4/4	2	1	1/8		1/8	1		0	48		89
6	6	0	0	4/4	1	2	1/8		1/8	1		2	62		97
6	6	0	0	4/4	1	1	1/8		1/8	1		-1	65		90
6	6	1/8	1/8	4/4	2	1	1/8		1/8	1		1	43		103
6	6	1/8	1/8	4/4	1	2	1/4		1/4	1		-1	65		98
6	6	1/8	1/8	4/4	1	1	1/4		1/4	1		2	74		91
6	6	1/4	1/4	4/4	2	1	1/8		1/8	1		3	45		104
6	6	3/8	3/8	4/4	2	1	1/8		1/8	1		5	47		105
6	6	3/8	3/8	4/4	1	2	1/8		1/8	1		2	62		99
6	6	3/8	3/8	4/4	1	1	1/8		1/8	1		-1	65		92
6	6	1/2	1/2	4/4	1	1	0	grace16	1/16	1		1	67		93
6	6	1/2	1/2	4/4	1	2	1/8		1/8	1		2	62		100
6	6	1/2	1/2	4/4	1	1	1/8		1/8	1		-1	65		94
6	6	5/8	5/8	4/4	2	1	1/8		1/8	1		0	48		106
6	6	5/8	5/8	4/4	1	2	1/8		1/8	1		0	60		101
6	6	5/8	5/8	4/4	1	1	1/8		1/8	1		4	64		95
6	6	3/4	3/4	4/4	2	1	1/8		1/8	1		4	52		107
6	6	7/8	7/8	4/4	2	1	1/8		1/8	1		1	55		108
6	6	7/8	7/8	4/4	1	2	1/8		1/8	1		2	62		102
6	6	7/8	7/8	4/4	1	1	1/8		1/8	1		-1	65		96
7	7	0	0	4/4	1	1	1/16		1/16	1		4	64		109
7	7	1/16	1/16	4/4	1	1	1/16		1/16	1		0	60		110
7	7	1/8	1/8	4/4	2	2	1/8		1/8	1		0	48		126
7	7	1/8	1/8	4/4	2	1	1/8		1/8	1		4	52		121
7	7	1/8	1/8	4/4	1	1	1/8		1/8	1		1	67		111
7	7	1/4	1/4	4/4	2	2	1/8		1/8	1		4	52		127
7	7	1/4	1/4	4/4	2	1	1/8		1/8	1		0	60		122
7	7	1/4	1/4	4/4	1	1	1/4		1/4	1	1	1	67		112
7	7	3/8	3/8	4/4	2	2	1/8		1/8	1		0	48		128
7	7	3/8	3/8	4/4	2	1	1/8		1/8	1		4	52		123
7	7	1/2	1/2	4/4	2	2	1/8		1/8	1		5	47		129
7	7	1/2	1/2	4/4	2	1	1/8		1/8	1		2	50		124
7	7	1/2	1/2	4/4	1	1	1/16		1/16	1	-1	1	67		113
7	7	9/16	9/16	4/4	1	1	1/16		1/16	1		3	69		114
7	7	5/8	5/8	4/4	2	2	1/8		1/8	1		1	43		130
7	7	5/8	5/8	4/4	2	1	1/8		1/8	1		2	50		125
7	7	5/8	5/8	4/4	1	1	1/16		1/16	1		5	71		115
7	7	11/16	11/16	4/4	1	1	1/16		1/16	1		0	72		116
7	7	3/4	3/4	4/4	1	1	1/16		1/16	1		2	74		117
7	7	13/16	13/16	4/4	1	1	1/16		1/16	1		5	71		118
7	7	7/8	7/8	4/4	1	1	1/16		1/16	1		1	67		119
7	7	15/16	15/16	4/4	1	1	1/16		1/16	1		-1	65		120
8	8	0	0	4/4	1	1	1/16		1/16	1		4	64		131
8	8	1/16	1/16	4/4	1	1	1/16		1/16	1		0	60		132
8	8	1/8	1/8	4/4	2	2	1/8		1/8	1		0	48		150
8	8	1/8	1/8	4/4	2	1	1/8		1/8	1		4	52		144
8	8	1/8	1/8	4/4	1	1	1/8		1/8	1		1	67		133
8	8	1/4	1/4	4/4	2	2	1/8		1/8	1		5	47		151
8	8	1/4	1/4	4/4	2	1	1/8		1/8	1		-1	53		145
8	8	5/16	5/16	4/4	1	1	1/16		1/16	1		8	68		134
8	8	3/8	3/8	4/4	2	2	1/8		1/8	1		0	48		152
8	8	3/8	3/8	4/4	2	1	1/8		1/8	1		4	52		146
8	8	3/8	3/8	4/4	1	1	1/8		1/8	1	1	3	69		135
8	8	1/2	1/2	4/4	2	2	1/8		1/8	1		0	48		153
8	8	1/2	1/2	4/4	2	1	1/8		1/8	1		4	52		147
8	8	1/2	1/2	4/4	1	1	1/16		1/16	1	-1	3	69		136
8	8	9/16	9/16	4/4	1	1	1/16		1/16	1		5	71		137
8	8	5/8	5/8	4/4	2	2	1/8		1/8	1		3	45		154
8	8	5/8	5/8	4/4	2	1	1/8		1/8	1		4	52		148
8	8	5/8	5/8	4/4	1	1	1/16		1/16	1		0	72		138
8	8	11/16	11/16	4/4	1	1	1/16		1/16	1		2	74		139
8	8	3/4	3/4	4/4	1	1	1/16		1/16	1		4	76		140
8	8	13/16	13/16	4/4	1	1	1/16		1/16	1		0	72		141
8	8	7/8	7/8	4/4	2	2	1/8		1/8	1		0	48		155
8	8	7/8	7/8	4/4	2	1	1/8		1/8	1		4	52		149
8	8	7/8	7/8	4/4	1	1	1/16		1/16	1		3	69		142
8	8	15/16	15/16	4/4	1	1	1/16		1/16	1		4	64		143
9	9	0	0	4/4	1	1	1/4		1/4	1		1	67		156
9	9	1/8	1/8	4/4	2	2	1/8		1/8	1		7	49		169
9	9	1/8	1/8	4/4	2	1	1/8		1/8	1		3	57		162
9	9	1/4	1/4	4/4	2	2	1/8		1/8	1		2	50		170
9	9	1/4	1/4	4/4	2	1	1/8		1/8	1		3	57		163
9	9	1/4	1/4	4/4	1	1	1/8		1/8	1		6	66		157
9	9	3/8	3/8	4/4	2	2	1/8		1/8	1		4	52		171
9	9	3/8	3/8	4/4	2	1	1/8		1/8	1		1	55		164
9	9	3/8	3/8	4/4	1	1	1/8		1/8	1		10	70		158
9	9	1/2	1/2	4/4	2	2	1/8		1/8	1		2	50		172
9	9	1/2	1/2	4/4	2	1	1/8		1/8	1		6	54		165
9	9	1/2	1/2	4/4	1	1	1/16		1/16	1		5	71		159
9	9	9/16	9/16	4/4	1	1	1/16		1/16	1		2	74		160
9	9	5/8	5/8	4/4	2	2	1/8		1/8	1		2	50		173
9	9	5/8	5/8	4/4	2	1	1/8		1/8	1		5	59		166
9	9	5/8	5/8	4/4	1	1	1/8		1/8	1		6	78		161
9	9	3/4	3/4	4/4	2	2	1/8		1/8	1		7	49		174
9	9	3/4	3/4	4/4	2	1	1/8		1/8	1		10	58		167
9	9	7/8	7/8	4/4	2	2	1/8		1/8	1		2	50		175
9	9	7/8	7/8	4/4	2	1	1/8		1/8	1		5	59		168
10	10	0	0	4/4	1	1	1/16		1/16	1		1	67		176
10	10	1/16	1/16	4/4	1	1	1/16		1/16	1		4	64		177
10	10	1/8	1/8	4/4	2	2	1/8		1/8	1		4	52		195
10	10	1/8	1/8	4/4	2	1	1/8		1/8	1		1	55		189
10	10	1/8	1/8	4/4	1	1	1/8		1/8	1		10	70		178
10	10	1/4	1/4	4/4	2	2	1/8		1/8	1		9	51		196
10	10	1/4	1/4	4/4	2	1	1/8		1/8	1		6	54		190
10	10	5/16	5/16	4/4	1	1	1/16		1/16	1		5	71		179
10	10	3/8	3/8	4/4	2	2	1/8		1/8	1		4	52		197
10	10	3/8	3/8	4/4	2	1	1/8		1/8	1		1	55		191
10	10	3/8	3/8	4/4	1	1	1/8		1/8	1	1	0	72		180
10	10	1/2	1/2	4/4	2	2	1/8		1/8	1		4	52		198
10	10	1/2	1/2	4/4	2	1	1/8		1/8	1		1	55		192
10	10	1/2	1/2	4/4	1	1	1/16		1/16	1	-1	0	72		181
10	10	9/16	9/16	4/4	1	1	1/16		1/16	1		2	74		182
10	10	5/8	5/8	4/4	2	2	1/8		1/8	1		0	48		199
10	10	5/8	5/8	4/4	2	1	1/8		1/8	1		1	55		193
10	10	5/8	5/8	4/4	1	1	1/16		1/16	1		4	76		183
10	10	11/16	11/16	4/4	1	1	1/16		1/16	1		6	78		184
10	10	3/4	3/4	4/4	1	1	1/16		1/16	1		1	79		185
10	10	13/16	13/16	4/4	1	1	1/16		1/16	1		4	76		186
10	10	7/8	7/8	4/4	2	2	1/8		1/8	1		4	52		200
10	10	7/8	7/8	4/4	2	1	1/8		1/8	1		1	55		194
10	10	7/8	7/8	4/4	1	1	1/16		1/16	1		0	72		187
10	10	15/16	15/16	4/4	1	1	1/16		1/16	1		1	67		188
11	11	0	0	4/4	1	1	1/4		1/4	1		5	71		201
11	11	1/8	1/8	4/4	2	2	1/8		1/8	1		4	52		214
11	11	1/8	1/8	4/4	2	1	1/8		1/8	1		7	61		207
11	11	1/4	1/4	4/4	2	2	1/8		1/8	1		6	54		215
11	11	1/4	1/4	4/4	2	1	1/8		1/8	1		2	62		208
11	11	1/4	1/4	4/4	1	1	1/8		1/8	1		10	70		202
11	11	3/8	3/8	4/4	2	2	1/8		1/8	1		1	55		216
11	11	3/8	3/8	4/4	2	1	1/8		1/8	1		4	64		209
11	11	3/8	3/8	4/4	1	1	1/8		1/8	1		7	73		203
11	11	1/2	1/2	4/4	2	2	1/8		1/8	1		6	54		217
11	11	1/2	1/2	4/4	2	1	1/8		1/8	1		3	57		210
11	11	1/2	1/2	4/4	1	1	1/16		1/16	1		2	74		204
11	11	9/16	9/16	4/4	1	1	1/16		1/16	1		6	78		205
11	11	5/8	5/8	4/4	2	2	1/8		1/8	1		6	54		218
11	11	5/8	5/8	4/4	2	1	1/8		1/8	1		2	62		211
11	11	5/8	5/8	4/4	1	1	1/8		1/8	1		3	81		206
11	11	3/4	3/4	4/4	2	2	1/8		1/8	1		4	52		219
11	11	3/4	3/4	4/4	2	1	1/8		1/8	1		7	61		212
11	11	7/8	7/8	4/4	2	2	1/8		1/8	1		6	54		220
11	11	7/8	7/8	4/4	2	1	1/8		1/8	1		2	62		213
12	12	0	0	4/4	2	2	1/4		1/4	1		1	55		235
12	12	0	0	4/4	2	1	3/8		1/4	3/2		2	62		231
12	12	0	0	4/4	1	1	1/8		1/8	1		5	71		221
12	12	1/8	1/8	4/4	1	1	1/4		1/4	1		1	79		222
12	12	1/4	1/4	4/4	2	2	1/4		1/4	1		6	54		236
12	12	3/8	3/8	4/4	2	1	1/8		1/8	1		9	63		232
12	12	3/8	3/8	4/4	1	1	1/16		1/16	1		3	81		223
12	12	7/16	7/16	4/4	1	1	1/16		1/16	1		5	83		224
12	12	1/2	1/2	4/4	2	2	1/4		1/4	1		4	52		237
12	12	1/2	1/2	4/4	2	1	1/4		1/4	1		4	64		233
12	12	1/2	1/2	4/4	1	1	3/16		1/8	3/2		1	79		225
12	12	11/16	11/16	4/4	1	1	1/32		1/32	1		6	78		226
12	12	23/32	23/32	4/4	1	1	1/32		1/32	1		1	79		227
12	12	3/4	3/4	4/4	2	2	1/4		1/4	1		5	59		238
12	12	3/4	3/4	4/4	2	1	1/4		1/4	1		2	62		234
12	12	3/4	3/4	4/4	1	1	3/16		1/8	3/2		1	79		228
12	12	15/16	15/16	4/4	1	1	1/32		1/32	1		6	78		229
12	12	31/32	31/32	4/4	1	1	1/32		1/32	1		1	79		230
13	13	0	0	4/4	2	2	1/4		1/4	1		0	60		253
13	13	0	0	4/4	2	1	1/4		1/4	1		4	64		249
13	13	0	0	4/4	1	1	1/8		1/8	1		3	69		239
13	13	1/8	1/8	4/4	1	1	1/4		1/4	1		3	81		240
13	13	1/4	1/4	4/4	2	2	1/8		1/8	1		2	62		254
13	13	1/4	1/4	4/4	2	1	1/4		1/4	1		6	66		250
13	13	3/8	3/8	4/4	1	1	0	grace16	1/16	1		0	84		241
13	13	3/8	3/8	4/4	2	2	1/8		1/8	1		9	63		255
13	13	3/8	3/8	4/4	1	1	1/8		1/8	1		5	83		242
13	13	1/2	1/2	4/4	2	1	1/4		1/4	1		4	64		251
13	13	1/2	1/2	4/4	2	2	1/4		1/4	1		4	64		256
13	13	1/2	1/2	4/4	1	1	3/16		1/8	3/2		1	79		243
13	13	11/16	11/16	4/4	1	1	1/32		1/32	1		6	78		244
13	13	23/32	23/32	4/4	1	1	1/32		1/32	1		1	79		245
13	13	3/4	3/4	4/4	2	2	1/4		1/4	1		5	59		257
13	13	3/4	3/4	4/4	2	1	1/4		1/4	1		2	62		252
13	13	3/4	3/4	4/4	1	1	3/16		1/8	3/2		1	79		246
13	13	15/16	15/16	4/4	1	1	1/32		1/32	1		6	78		247
13	13	31/32	31/32	4/4	1	1	1/32		1/32	1		1	79		248
14	14	0	0	4/4	2	2	1/4		1/4	1		0	60		271
14	14	0	0	4/4	2	1	1/4		1/4	1		4	64		267
14	14	0	0	4/4	1	1	1/8		1/8	1		3	69		258
14	14	1/8	1/8	4/4	1	1	1/4		1/4	1		3	81		259
14	14	1/4	1/4	4/4	2	2	1/8		1/8	1		2	62		272
14	14	1/4	1/4	4/4	2	1	1/4		1/4	1		6	66		268
14	14	3/8	3/8	4/4	1	1	0	grace16	1/16	1		0	84		260
14	14	3/8	3/8	4/4	2	2	1/8		1/8	1		9	63		273
14	14	3/8	3/8	4/4	1	1	1/8		1/8	1		5	83		261
14	14	1/2	1/2	4/4	2	2	1/8		1/8	1		4	64		274
14	14	1/2	1/2	4/4	2	1	1/4		1/4	1		4	64		269
14	14	1/2	1/2	4/4	1	1	1/16		1/16	1		3	81		262
14	14	9/16	9/16	4/4	1	1	1/16		1/16	1		1	79		263
14	14	5/8	5/8	4/4	2	2	1/8		1/8	1		4	52		275
14	14	5/8	5/8	4/4	1	1	1/16		1/16	1		5	83		264
14	14	11/16	11/16	4/4	1	1	1/16		1/16	1		1	79		265
14	14	3/4	3/4	4/4	1	1	1/4		1/4	1		7	73		266
14	14	7/8	7/8	4/4	2	2	1/8		1/8	1		1	55		276
14	14	7/8	7/8	4/4	2	1	1/8		1/8	1		4	64		270
15	15	0	0	4/4	1	1	1/16		1/16	1		1	79		277
15	15	1/16	1/16	4/4	1	1	1/16		1/16	1		6	78		278
15	15	1/8	1/8	4/4	2	2	1/8		1/8	1		6	54		294
15	15	1/8	1/8	4/4	2	1	1/8		1/8	1		2	62		289
15	15	1/8	1/8	4/4	1	1	1/16		1/16	1		3	81		279
15	15	3/16	3/16	4/4	1	1	1/16		1/16	1		6	78		280
15	15	1/4	1/4	4/4	1	1	1/4		1/4	1		0	72		281
15	15	3/8	3/8	4/4	2	2	1/8		1/8	1		6	54		295
15	15	3/8	3/8	4/4	2	1	1/8		1/8	1		2	62		290
15	15	1/2	1/2	4/4	2	2	1/8		1/8	1		1	55		296
15	15	1/2	1/2	4/4	2	1	1/8		1/8	1		2	62		291
15	15	1/2	1/2	4/4	1	1	1/24		1/16	2/3		5	71		282
15	15	13/24	13/24	4/4	1	1	1/24		1/16	2/3		1	79		283
15	15	7/12	7/12	4/4	1	1	1/24		1/16	2/3		3	81		284
15	15	5/8	5/8	4/4	2	2	1/8		1/8	1		1	55		297
15	15	5/8	5/8	4/4	2	1	1/8		1/8	1		2	62		292
15	15	5/8	5/8	4/4	1	1	1/24		1/16	2/3		5	83		285
15	15	2/3	2/3	4/4	1	1	1/24		1/16	2/3		3	81		286
15	15	17/24	17/24	4/4	1	1	1/24		1/16	2/3		1	79		287
15	15	3/4	3/4	4/4	1	1	1/4		1/4	1	1	7	73		288
15	15	7/8	7/8	4/4	2	2	1/8		1/8	1		1	55		298
15	15	7/8	7/8	4/4	2	1	1/8		1/8	1		4	64		293
16	16	0	0	4/4	1	1	1/24		1/16	2/3		2	74		299
16	16	1/24	1/24	4/4	1	1	1/24		1/16	2/3		6	78		300
16	16	1/12	1/12	4/4	1	1	1/24		1/16	2/3		1	79		301
16	16	1/8	1/8	4/4	2	2	1/8		1/8	1		6	54		317
16	16	1/8	1/8	4/4	2	1	1/8		1/8	1		2	62		314
16	16	1/8	1/8	4/4	1	1	1/24		1/16	2/3		3	81		302
16	16	1/6	1/6	4/4	1	1	1/24		1/16	2/3		1	79		303
16	16	5/24	5/24	4/4	1	1	1/24		1/16	2/3		6	78		304
16	16	1/4	1/4	4/4	1	1	1/4		1/4	1		0	72		305
16	16	3/8	3/8	4/4	2	2	1/8		1/8	1		6	54		318
16	16	3/8	3/8	4/4	2	1	1/8		1/8	1		2	62		315
16	16	1/2	1/2	4/4	2	2	1/4		1/4	1		1	55		319
16	16	1/2	1/2	4/4	2	1	1/4		1/4	1		2	62		316
16	16	1/2	1/2	4/4	1	1	1/16		1/16	1		5	71		306
16	16	9/16	9/16	4/4	1	1	1/16		1/16	1		4	76		307
16	16	5/8	5/8	4/4	1	1	1/16		1/16	1		2	74		308
16	16	11/16	11/16	4/4	1	1	1/16		1/16	1		1	79		309
16	16	3/4	3/4	4/4	1	1	1/16		1/16	1		6	78		310
16	16	13/16	13/16	4/4	1	1	1/16		1/16	1		5	83		311
16	16	7/8	7/8	4/4	1	1	1/16		1/16	1		3	81		312
16	16	15/16	15/16	4/4	1	1	1/16		1/16	1		4	88		313
17	17	0	0	4/4	1	1	1/4		1/4	1		4	88		320
17	17	1/8	1/8	4/4	2	1	1/8		1/8	1		2	62		326
17	17	1/4	1/4	4/4	2	1	1/8		1/8	1		4	64		327
17	17	1/4	1/4	4/4	1	1	3/16		1/8	3/2		2	86		321
17	17	3/8	3/8	4/4	2	1	1/8		1/8	1		6	66		328
17	17	7/16	7/16	4/4	1	1	1/16		1/16	1		0	84		322
17	17	1/2	1/2	4/4	1	1	1/4		1/4	1		0	84		323
17	17	5/8	5/8	4/4	2	1	1/8		1/8	1		1	55		329
17	17	3/4	3/4	4/4	2	1	1/8		1/8	1		1	55		330
17	17	3/4	3/4	4/4	1	1	3/16		1/8	3/2		5	83		324
17	17	7/8	7/8	4/4	2	1	1/16		1/16	1		1	55		331
17	17	15/16	15/16	4/4	2	1	1/16		1/16	1		5	59		332
17	17	15/16	15/16	4/4	1	1	1/16		1/16	1		-1	77		325
18	18	0	0	4/4	2	1	1/8		1/8	1		0	60		344
18	18	0	0	4/4	1	1	3/16		1/8	3/2		-1	77		333
18	18	1/8	1/8	4/4	2	1	1/8		1/8	1		0	48		345
18	18	3/16	3/16	4/4	1	1	1/32		1/32	1		4	76		334
18	18	7/32	7/32	4/4	1	1	1/32		1/32	1		2	74		335
18	18	1/4	1/4	4/4	1	1	1/24		1/16	2/3		0	72		336
18	18	7/24	7/24	4/4	1	1	1/24		1/16	2/3		5	71		337
18	18	1/3	1/3	4/4	1	1	1/24		1/16	2/3		3	69		338
18	18	3/8	3/8	4/4	1	1	1/24		1/16	2/3		1	67		339
18	18	5/12	5/12	4/4	1	1	1/24		1/16	2/3		6	66		340
18	18	11/24	11/24	4/4	1	1	1/24		1/16	2/3		4	64		341
18	18	1/2	1/2	4/4	1	1	3/8		1/4	3/2	1	2	62		342
18	18	5/8	5/8	4/4	2	2	1/8		1/8	1		6	54		349
18	18	5/8	5/8	4/4	2	1	1/8		1/8	1		3	57		346
18	18	3/4	3/4	4/4	2	2	1/8		1/8	1		1	55		350
18	18	3/4	3/4	4/4	2	1	1/8		1/8	1		5	59		347
18	18	7/8	7/8	4/4	2	2	1/8		1/8	1		3	57		351
18	18	7/8	7/8	4/4	2	1	1/8		1/8	1		0	60		348
18	18	7/8	7/8	4/4	1	1	1/8		1/8	1	0	2	62		343
19	19	0	0	4/4	1	1	1/4		1/4	1	0	2	62		352
19	19	1/8	1/8	4/4	2	2	1/8		1/8	1		6	54		367
19	19	1/8	1/8	4/4	2	1	1/8		1/8	1		0	60		363
19	19	1/4	1/4	4/4	2	2	1/8		1/8	1		1	55		368
19	19	1/4	1/4	4/4	2	1	1/8		1/8	1		5	59		364
19	19	1/4	1/4	4/4	1	1	1/8		1/8	1	0	2	62		353
19	19	3/8	3/8	4/4	2	2	1/8		1/8	1		6	54		369
19	19	3/8	3/8	4/4	2	1	1/8		1/8	1		0	60		365
19	19	3/8	3/8	4/4	1	1	1/8		1/8	1	0	2	62		354
19	19	1/2	1/2	4/4	2	2	1/4		1/4	1		1	55		370
19	19	1/2	1/2	4/4	2	1	1/4		1/4	1		5	59		366
19	19	1/2	1/2	4/4	1	1	1/8		1/8	1	-1	2	62		355
19	19	1/2	1/2	4/4	1	2	1/8		1/8	1		2	62		359
19	19	5/8	5/8	4/4	1	2	1/8		1/8	1		5	71		360
19	19	5/8	5/8	4/4	1	1	1/8		1/8	1		2	74		356
19	19	3/4	3/4	4/4	1	2	1/8		1/8	1		3	69		361
19	19	3/4	3/4	4/4	1	1	1/8		1/8	1		0	72		357
19	19	7/8	7/8	4/4	1	2	1/8		1/8	1		1	67		362
19	19	7/8	7/8	4/4	1	1	1/8		1/8	1		5	71		358
20	20	0	0	4/4	2	1	1/4		1/4	1		0	48		381
20	20	1/8	1/8	4/4	1	2	1/8		1/8	1		1	67		377
20	20	1/8	1/8	4/4	1	1	1/8		1/8	1		4	76		371
20	20	1/4	1/4	4/4	1	2	1/8		1/8	1		4	64		378
20	20	1/4	1/4	4/4	1	1	1/8		1/8	1		0	72		372
20	20	3/8	3/8	4/4	2	1	1/8		1/8	1		0	48		382
20	20	3/8	3/8	4/4	1	2	1/8		1/8	1		0	60		379
20	20	3/8	3/8	4/4	1	1	1/8		1/8	1		3	69		373
20	20	1/2	1/2	4/4	2	1	1/4		1/4	1		2	50		383
20	20	1/2	1/2	4/4	1	2	1/4		1/4	1		-2	58		380
20	20	1/2	1/2	4/4	1	1	1/8		1/8	1		1	67		374
20	20	5/8	5/8	4/4	1	1	1/4		1/4	1		7	61		375
20	20	3/4	3/4	4/4	2	2	1/4		1/4	1		-3	51		385
20	20	3/4	3/4	4/4	2	1	1/4		1/4	1		1	55		384
20	20	7/8	7/8	4/4	1	1	1/8		1/8	1		7	61		376
21	21	0	0	4/4	2	1	1/8		1/8	1		2	50		398
21	21	0	0	4/4	1	2	1/8		1/8	1		6	54		392
21	21	0	0	4/4	1	1	1/8		1/8	1		2	62		386
21	21	1/8	1/8	4/4	2	1	1/8		1/8	1		0	48		399
21	21	1/8	1/8	4/4	1	2	1/8		1/8	1		1	67		393
21	21	1/8	1/8	4/4	1	1	1/8		1/8	1		4	76		387
21	21	1/4	1/4	4/4	1	2	1/8		1/8	1		4	64		394
21	21	1/4	1/4	4/4	1	1	1/8		1/8	1		0	72		388
21	21	3/8	3/8	4/4	2	1	1/8		1/8	1		0	48		400
21	21	3/8	3/8	4/4	1	2	1/8		1/8	1		0	60		395
21	21	3/8	3/8	4/4	1	1	1/8		1/8	1		3	69		389
21	21	1/2	1/2	4/4	2	1	1/4		1/4	1		2	50		401
21	21	1/2	1/2	4/4	1	2	1/4		1/4	1		5	59		396
21	21	1/2	1/2	4/4	1	1	1/4		1/4	1		1	67		390
21	21	3/4	3/4	4/4	2	1	1/4		1/4	1		2	38		402
21	21	3/4	3/4	4/4	1	2	1/4		1/4	1		3	57		397
21	21	3/4	3/4	4/4	1	1	1/4		1/4	1		6	66		391
22	22	0	0	4/4	2	2	1/4		1/4	1		1	43		422
22	22	0	0	4/4	2	1	1/4		1/4	1		1	55		417
22	22	0	0	4/4	1	1	1/16		1/16	1		1	67		403
22	22	1/16	1/16	4/4	1	1	1/16		1/16	1		1	55		404
22	22	1/8	1/8	4/4	1	1	1/16		1/16	1		5	59		405
22	22	3/16	3/16	4/4	1	1	1/16		1/16	1		1	55		406
22	22	1/4	1/4	4/4	2	2	1/4		1/4	1		5	47		423
22	22	1/4	1/4	4/4	2	1	1/4		1/4	1		1	55		418
22	22	1/4	1/4	4/4	1	1	1/16		1/16	1		2	62		407
22	22	5/16	5/16	4/4	1	1	1/16		1/16	1		5	59		408
22	22	3/8	3/8	4/4	1	1	1/16		1/16	1		1	67		409
22	22	7/16	7/16	4/4	1	1	1/16		1/16	1		2	62		410
22	22	1/2	1/2	4/4	2	2	1/8		1/8	1		2	50		424
22	22	1/2	1/2	4/4	2	1	1/8		1/8	1		1	55		419
22	22	1/2	1/2	4/4	1	1	1/16		1/16	1		5	59		411
22	22	9/16	9/16	4/4	1	1	1/16		1/16	1		1	55		412
22	22	5/8	5/8	4/4	2	2	1/8		1/8	1		5	47		425
22	22	5/8	5/8	4/4	2	1	1/8		1/8	1		1	55		420
22	22	5/8	5/8	4/4	1	1	1/16		1/16	1		2	62		413
22	22	11/16	11/16	4/4	1	1	1/16		1/16	1		5	59		414
22	22	3/4	3/4	4/4	1	1	1/8		1/8	1		1	55		415
22	22	13/16	13/16	4/4	2	2	1/16		1/16	1		2	50		426
22	22	7/8	7/8	4/4	2	2	1/16		1/16	1		5	47		427
22	22	15/16	15/16	4/4	2	2	1/16		1/16	1		9	51		428
22	22	15/16	15/16	4/4	2	1	1/16		1/16	1		6	54		421
22	22	15/16	15/16	4/4	1	1	1/16		1/16	1		3	57		416
23	23	0	0	4/4	1	2	1/8		1/8	1		4	52		434
23	23	0	0	4/4	2	1	1/8		1/8	1		4	52		440
23	23	0	0	4/4	1	1	1/8		1/8	1		1	55		429
23	23	1/8	1/8	4/4	2	1	1/8		1/8	1		5	47		441
23	23	1/8	1/8	4/4	1	2	1/8		1/8	1		2	62		435
23	23	1/8	1/8	4/4	1	1	1/8		1/8	1		1	67		430
23	23	1/4	1/4	4/4	2	1	1/8		1/8	1		0	48		442
23	23	1/4	1/4	4/4	1	2	1/8		1/8	1		4	64		436
23	23	3/8	3/8	4/4	2	1	1/8		1/8	1		2	50		443
23	23	3/8	3/8	4/4	1	2	1/8		1/8	1		3	57		437
23	23	3/8	3/8	4/4	1	1	1/8		1/8	1		6	66		431
23	23	1/2	1/2	4/4	2	1	1/8		1/8	1		1	55		444
23	23	1/2	1/2	4/4	1	2	1/4		1/4	1		3	57		438
23	23	1/2	1/2	4/4	1	1	1/4		1/4	1		6	66		432
23	23	5/8	5/8	4/4	2	1	1/8		1/8	1		1	43		445
23	23	3/4	3/4	4/4	1	2	1/4		1/4	1		5	59		439
23	23	3/4	3/4	4/4	1	1	1/4		1/4	1		1	67		433
24	24	0	0	4/4	2	2	1/8		1/8	1		1	67		469
24	24	0	0	4/4	2	1	1/8		1/8	1		5	71		463
24	24	0	0	4/4	1	1	3/16		1/8	3/2		2	74		446
24	24	1/8	1/8	4/4	2	2	1/8		1/8	1		1	67		470
24	24	1/8	1/8	4/4	2	1	1/8		1/8	1		5	71		464
24	24	3/16	3/16	4/4	1	1	1/16		1/16	1		-1	77		447
24	24	1/4	1/4	4/4	1	1	1/24		1/16	2/3		2	86		448
24	24	7/24	7/24	4/4	1	1	1/24		1/16	2/3		0	84		449
24	24	1/3	1/3	4/4	1	1	1/24		1/16	2/3		5	83		450
24	24	3/8	3/8	4/4	1	1	1/24		1/16	2/3		3	81		451
24	24	5/12	5/12	4/4	1	1	1/24		1/16	2/3		1	79		452
24	24	7/16	7/16	4/4	2	1	1/16		1/16	1		5	71		465
24	24	11/24	11/24	4/4	1	1	1/24		1/16	2/3		-1	77		453
24	24	1/2	1/2	4/4	1	1	0	grace16	1/16	1		-1	77		454
24	24	1/2	1/2	4/4	2	2	1/8		1/8	1		1	67		471
24	24	1/2	1/2	4/4	2	1	1/8		1/8	1		0	72		466
24	24	1/2	1/2	4/4	1	1	3/16		1/8	3/2		4	76		455
24	24	5/8	5/8	4/4	2	2	1/8		1/8	1		1	67		472
24	24	5/8	5/8	4/4	2	1	1/8		1/8	1		0	72		467
24	24	11/16	11/16	4/4	1	1	1/16		1/16	1		1	79		456
24	24	3/4	3/4	4/4	1	1	1/24		1/16	2/3		0	84		457
24	24	19/24	19/24	4/4	1	1	1/24		1/16	2/3		5	83		458
24	24	5/6	5/6	4/4	1	1	1/24		1/16	2/3		3	81		459
24	24	7/8	7/8	4/4	1	1	1/24		1/16	2/3		1	79		460
24	24	11/12	11/12	4/4	1	1	1/24		1/16	2/3		-1	77		461
24	24	15/16	15/16	4/4	2	1	1/16		1/16	1		0	72		468
24	24	23/24	23/24	4/4	1	1	1/24		1/16	2/3		4	76		462
25	25	0	0	4/4	2	2	1/8		1/8	1		1	67		494
25	25	0	0	4/4	2	1	1/8		1/8	1		5	71		488
25	25	0	0	4/4	1	1	1/24		1/16	2/3		2	74		473
25	25	1/24	1/24	4/4	1	1	1/24		1/16	2/3		-1	77		474
25	25	1/12	1/12	4/4	1	1	1/24		1/16	2/3		5	83		475
25	25	1/8	1/8	4/4	2	2	1/8		1/8	1		1	67		495
25	25	1/8	1/8	4/4	2	1	1/8		1/8	1		5	71		489
25	25	1/8	1/8	4/4	1	1	1/24		1/16	2/3		2	86		476
25	25	1/6	1/6	4/4	1	1	1/24		1/16	2/3		-1	89		477
25	25	5/24	5/24	4/4	1	1	1/24		1/16	2/3		4	88		478
25	25	1/4	1/4	4/4	1	1	1/24		1/16	2/3		2	86		479
25	25	7/24	7/24	4/4	1	1	1/24		1/16	2/3		0	84		480
25	25	1/3	1/3	4/4	1	1	1/24		1/16	2/3		5	83		481
25	25	3/8	3/8	4/4	1	1	1/24		1/16	2/3		3	81		482
25	25	5/12	5/12	4/4	1	1	1/24		1/16	2/3		1	79		483
25	25	11/24	11/24	4/4	1	1	1/24		1/16	2/3		-1	77		484
25	25	1/2	1/2	4/4	1	1	0	grace16	1/16	1		-1	77		485
25	25	1/2	1/2	4/4	2	1	1/8		1/8	1		1	67		490
25	25	1/2	1/2	4/4	1	1	1/8		1/8	1		0	72		486
25	25	1/2	1/2	4/4	1	1	1/8		1/8	1		4	76		486
25	25	5/8	5/8	4/4	2	1	1/8		1/8	1		1	55		491
25	25	5/8	5/8	4/4	1	1	1/8		1/8	1		5	71		487
25	25	5/8	5/8	4/4	1	1	1/8		1/8	1		2	74		487
25	25	3/4	3/4	4/4	2	1	1/8		1/8	1		5	59		492
25	25	7/8	7/8	4/4	2	1	1/8		1/8	1		2	62		493
26	26	0	0	4/4	2	1	1/4		1/4	1		1	55		509
26	26	0	0	4/4	1	2	1/4		1/4	1		5	71		508
26	26	0	0	4/4	1	1	1/8		1/8	1		2	74		496
26	26	1/8	1/8	4/4	1	1	1/8		1/8	1	1	2	74		497
26	26	1/4	1/4	4/4	2	1	1/4		1/4	1		1	67		510
26	26	1/4	1/4	4/4	1	1	1/16		1/16	1	-1	2	74		498
26	26	5/16	5/16	4/4	1	1	1/16		1/16	1		4	76		499
26	26	3/8	3/8	4/4	1	1	1/16		1/16	1		2	74		500
26	26	7/16	7/16	4/4	1	1	1/16		1/16	1		1	79		501
26	26	1/2	1/2	4/4	1	1	1/8		1/8	1		2	74		502
26	26	5/8	5/8	4/4	1	1	1/8		1/8	1	1	2	74		503
26	26	3/4	3/4	4/4	2	2	1/4		1/4	1		-1	65		512
26	26	3/4	3/4	4/4	2	1	1/4		1/4	1		5	71		511
26	26	3/4	3/4	4/4	1	1	1/16		1/16	1	-1	2	74		504
26	26	13/16	13/16	4/4	1	1	1/16		1/16	1		4	76		505
26	26	7/8	7/8	4/4	1	1	1/16		1/16	1		2	74		506
26	26	15/16	15/16	4/4	1	1	1/16		1/16	1		8	80		507
27	27	0	0	4/4	2	2	1/4		1/4	1		4	64		525
27	27	0	0	4/4	2	1	1/4		1/4	1		8	68		519
27	27	0	0	4/4	1	1	1/16		1/16	1		5	83		513
27	27	1/16	1/16	4/4	1	1	1/16		1/16	1		2	74		514
27	27	1/8	1/8	4/4	1	1	1/4		1/4	1		-1	77		515
27	27	1/4	1/4	4/4	2	2	1/4		1/4	1		4	64		526
27	27	1/4	1/4	4/4	2	1	1/4		1/4	1		8	68		520
27	27	3/8	3/8	4/4	1	1	1/8		1/8	1		4	76		516
27	27	1/2	1/2	4/4	1	1	0	appoggiatura	1/8	1		2	74		517
27	27	1/2	1/2	4/4	2	1	1/8		1/8	1		3	57		521
27	27	1/2	1/2	4/4	1	1	1/4		1/4	1		3	69		518
27	27	1/2	1/2	4/4	1	1	1/4		1/4	1		0	72		518
27	27	5/8	5/8	4/4	2	1	1/8		1/8	1		0	60		522
27	27	3/4	3/4	4/4	2	1	1/8		1/8	1		4	64		523
27	27	7/8	7/8	4/4	2	1	1/8		1/8	1		4	52		524
28	28	0	0	4/4	2	1	1/4		1/4	1		-1	53		540
28	28	0	0	4/4	1	2	1/4		1/4	1		3	69		539
28	28	0	0	4/4	1	1	1/8		1/8	1		0	72		527
28	28	1/8	1/8	4/4	1	1	1/8		1/8	1	1	0	72		528
28	28	1/4	1/4	4/4	2	2	1/4		1/4	1		-1	65		543
28	28	1/4	1/4	4/4	2	1	1/4		1/4	1		3	69		541
28	28	1/4	1/4	4/4	1	1	1/16		1/16	1	-1	0	72		529
28	28	5/16	5/16	4/4	1	1	1/16		1/16	1		2	74		530
28	28	3/8	3/8	4/4	1	1	1/16		1/16	1		0	72		531
28	28	7/16	7/16	4/4	1	1	1/16		1/16	1		-1	77		532
28	28	1/2	1/2	4/4	1	1	1/8		1/8	1		0	72		533
28	28	5/8	5/8	4/4	1	1	1/8		1/8	1	1	0	72		534
28	28	3/4	3/4	4/4	2	2	1/4		1/4	1		-3	63		544
28	28	3/4	3/4	4/4	2	1	1/4		1/4	1		3	69		542
28	28	3/4	3/4	4/4	1	1	1/16		1/16	1	-1	0	72		535
28	28	13/16	13/16	4/4	1	1	1/16		1/16	1		2	74		536
28	28	7/8	7/8	4/4	1	1	1/16		1/16	1		0	72		537
28	28	15/16	15/16	4/4	1	1	1/16		1/16	1		6	78		538
29	29	0	0	4/4	2	2	1/4		1/4	1		2	62		555
29	29	0	0	4/4	2	1	1/4		1/4	1		6	66		552
29	29	0	0	4/4	1	1	1/16		1/16	1		3	81		545
29	29	1/16	1/16	4/4	1	1	1/16		1/16	1		0	72		546
29	29	1/8	1/8	4/4	1	1	1/4		1/4	1		-3	75		547
29	29	1/4	1/4	4/4	2	2	1/4		1/4	1		2	62		556
29	29	1/4	1/4	4/4	2	1	1/4		1/4	1		6	66		553
29	29	3/8	3/8	4/4	1	1	1/8		1/8	1		2	74		548
29	29	1/2	1/2	4/4	1	1	0	appoggiatura	1/8	1		0	72		549
29	29	1/2	1/2	4/4	1	1	1/4		1/4	1		1	67		550
29	29	1/2	1/2	4/4	1	1	1/4		1/4	1		5	71		550
29	29	1/2	1/2	4/4	2	1	1/4		1/4	1		4	76		554
29	29	3/4	3/4	4/4	1	1	1/4		1/4	1		1	67		551
29	29	3/4	3/4	4/4	1	1	1/4		1/4	1		5	71		551
29	29	3/4	3/4	4/4	1	1	1/4		1/4	1		2	74		551
30	30	0	0	4/4	2	1	1/4		1/4	1		-1	53		561
30	30	0	0	4/4	2	1	1/4		1/4	1		1	55		561
30	30	0	0	4/4	2	1	1/4		1/4	1		5	59		561
30	30	0	0	4/4	2	1	1/4		1/4	1		2	62		561
30	30	1/4	1/4	4/4	1	1	1/4		1/4	1		-1	65		557
30	30	1/4	1/4	4/4	1	1	1/4		1/4	1		1	67		557
30	30	1/4	1/4	4/4	1	1	1/4		1/4	1		5	71		557
30	30	1/4	1/4	4/4	1	1	1/4		1/4	1		2	74		557
30	30	1/2	1/2	4/4	2	1	1/4		1/4	1		-1	53		562
30	30	1/2	1/2	4/4	2	1	1/4		1/4	1		8	56		562
30	30	1/2	1/2	4/4	2	1	1/4		1/4	1		5	59		562
30	30	1/2	1/2	4/4	2	1	1/4		1/4	1		2	62		562
30	30	3/4	3/4	4/4	1	3	1/4		1/4	1		-1	65		560
30	30	3/4	3/4	4/4	1	3	1/4		1/4	1		8	68		560
30	30	3/4	3/4	4/4	1	2	1/4		1/4	1	1	5	71		559
30	30	3/4	3/4	4/4	1	1	1/4		1/4	1	1	2	74		558
31	31	0	0	4/4	2	1	1/4		1/4	1		4	52		577
31	31	0	0	4/4	2	1	1/4		1/4	1		8	56		577
31	31	0	0	4/4	2	1	1/4		1/4	1		5	59		577
31	31	0	0	4/4	2	1	1/4		1/4	1		2	62		577
31	31	0	0	4/4	1	2	1/8		1/8	1	-1	5	71		570
31	31	0	0	4/4	1	1	1/8		1/8	1	-1	2	74		563
31	31	1/8	1/8	4/4	1	2	1/8		1/8	1		2	74		571
31	31	1/8	1/8	4/4	1	1	1/8		1/8	1		-1	77		564
31	31	1/4	1/4	4/4	1	2	1/8		1/8	1		0	72		572
31	31	1/4	1/4	4/4	1	1	1/8		1/8	1		4	76		565
31	31	3/8	3/8	4/4	1	2	1/8		1/8	1		5	71		573
31	31	3/8	3/8	4/4	1	1	1/8		1/8	1		2	74		566
31	31	1/2	1/2	4/4	2	1	1/4		1/4	1		4	40		578
31	31	5/8	5/8	4/4	1	2	1/8		1/8	1		-1	65		574
31	31	5/8	5/8	4/4	1	1	1/8		1/8	1		2	74		567
31	31	3/4	3/4	4/4	1	2	1/8		1/8	1		4	64		575
31	31	3/4	3/4	4/4	1	1	1/8		1/8	1		0	72		568
31	31	7/8	7/8	4/4	1	2	1/8		1/8	1		2	62		576
31	31	7/8	7/8	4/4	1	1	1/8		1/8	1		5	71		569
32	32	0	0	4/4	2	1	1/4		1/4	1		3	45		595
32	32	0	0	4/4	2	1	1/4		1/4	1		0	48		595
32	32	0	0	4/4	2	1	1/4		1/4	1		4	52		595
32	32	0	0	4/4	2	1	1/4		1/4	1		3	57		595
32	32	0	0	4/4	1	2	1/8		1/8	1		0	60		594
32	32	1/16	1/16	4/4	1	1	1/16		1/16	1		3	69		579
32	32	1/8	1/8	4/4	1	1	1/16		1/16	1		0	72		580
32	32	3/16	3/16	4/4	1	1	1/16		1/16	1		3	69		581
32	32	1/4	1/4	4/4	1	1	1/16		1/16	1		4	76		582
32	32	5/16	5/16	4/4	1	1	1/16		1/16	1		0	72		583
32	32	3/8	3/8	4/4	1	1	1/16		1/16	1		3	81		584
32	32	7/16	7/16	4/4	1	1	1/16		1/16	1		4	76		585
32	32	1/2	1/2	4/4	1	1	1/16		1/16	1		0	72		586
32	32	9/16	9/16	4/4	1	1	1/16		1/16	1		3	69		587
32	32	5/8	5/8	4/4	1	1	1/16		1/16	1		4	76		588
32	32	11/16	11/16	4/4	1	1	1/16		1/16	1		0	72		589
32	32	3/4	3/4	4/4	1	1	1/16		1/16	1		3	81		590
32	32	13/16	13/16	4/4	1	1	1/16		1/16	1		4	76		591
32	32	7/8	7/8	4/4	1	1	1/16		1/16	1		0	72		592
32	32	15/16	15/16	4/4	1	1	1/16		1/16	1		3	69		593
33	33	0	0	4/4	1	2	1/8		1/8	1		2	74		602
33	33	0	0	4/4	1	1	1/8		1/8	1		-1	77		596
33	33	1/8	1/8	4/4	2	1	1/8		1/8	1		3	57		607
33	33	1/8	1/8	4/4	1	2	1/4		1/4	1		-1	77		603
33	33	1/8	1/8	4/4	1	1	1/4		1/4	1		2	86		597
33	33	1/4	1/4	4/4	2	1	1/8		1/8	1		2	62		608
33	33	3/8	3/8	4/4	2	1	1/8		1/8	1		-1	65		609
33	33	3/8	3/8	4/4	1	2	1/8		1/8	1		2	74		604
33	33	3/8	3/8	4/4	1	1	1/8		1/8	1		-1	77		598
33	33	1/2	1/2	4/4	1	1	0	grace16	1/16	1		1	79		599
33	33	1/2	1/2	4/4	1	2	1/8		1/8	1		2	74		605
33	33	1/2	1/2	4/4	1	1	1/8		1/8	1		-1	77		600
33	33	5/8	5/8	4/4	2	1	1/8		1/8	1		3	57		610
33	33	5/8	5/8	4/4	1	2	1/8		1/8	1		0	72		606
33	33	5/8	5/8	4/4	1	1	1/8		1/8	1		4	76		601
33	33	3/4	3/4	4/4	2	1	1/8		1/8	1		0	60		611
33	33	7/8	7/8	4/4	2	1	1/8		1/8	1		3	57		612
34	34	0	0	4/4	1	1	1/8		1/8	1		5	71		613
34	34	0	0	4/4	1	1	1/8		1/8	1		2	74		613
34	34	1/8	1/8	4/4	2	1	1/8		1/8	1		4	52		625
34	34	1/8	1/8	4/4	1	2	1/4		1/4	1		-1	77		620
34	34	1/8	1/8	4/4	1	1	1/4		1/4	1		2	86		614
34	34	1/4	1/4	4/4	2	1	1/8		1/8	1		6	54		626
34	34	3/8	3/8	4/4	2	1	1/8		1/8	1		8	56		627
34	34	3/8	3/8	4/4	1	2	1/8		1/8	1		5	71		621
34	34	3/8	3/8	4/4	1	1	1/8		1/8	1		2	74		615
34	34	1/2	1/2	4/4	1	1	0	appoggiatura	1/8	1		4	76		616
34	34	1/2	1/2	4/4	1	2	1/8		1/8	1		5	71		622
34	34	1/2	1/2	4/4	1	1	1/8		1/8	1		2	74		617
34	34	5/8	5/8	4/4	2	1	1/8		1/8	1		3	45		628
34	34	5/8	5/8	4/4	1	2	1/8		1/8	1		3	69		623
34	34	5/8	5/8	4/4	1	1	1/8		1/8	1		0	72		618
34	34	3/4	3/4	4/4	2	1	1/8		1/8	1		0	48		629
34	34	7/8	7/8	4/4	2	1	1/8		1/8	1		4	52		630
34	34	7/8	7/8	4/4	1	2	1/8		1/8	1		5	59		624
34	34	7/8	7/8	4/4	1	1	1/8		1/8	1		2	62		619
35	35	0	0	4/4	1	1	0	grace16	1/16	1		4	64		631
35	35	0	0	4/4	1	2	1/8		1/8	1		5	59		634
35	35	0	0	4/4	1	1	1/8		1/8	1		2	62		632
35	35	1/16	1/16	4/4	2	1	1/16		1/16	1		3	33		636
35	35	1/8	1/8	4/4	2	1	1/16		1/16	1		0	36		637
35	35	1/8	1/8	4/4	1	2	1/8		1/8	1		3	57		635
35	35	1/8	1/8	4/4	1	1	1/8		1/8	1		0	60		633
35	35	3/16	3/16	4/4	2	1	1/16		1/16	1		3	33		638
35	35	1/4	1/4	4/4	2	1	1/16		1/16	1		4	40		639
35	35	5/16	5/16	4/4	2	1	1/16		1/16	1		0	36		640
35	35	3/8	3/8	4/4	2	1	1/16		1/16	1		3	45		641
35	35	7/16	7/16	4/4	2	1	1/16		1/16	1		4	40		642
35	35	1/2	1/2	4/4	2	1	1/16		1/16	1		0	36		643
35	35	9/16	9/16	4/4	2	1	1/16		1/16	1		3	33		644
35	35	5/8	5/8	4/4	2	1	1/16		1/16	1		4	40		645
35	35	11/16	11/16	4/4	2	1	1/16		1/16	1		0	36		646
35	35	3/4	3/4	4/4	2	1	1/16		1/16	1		3	45		647
35	35	13/16	13/16	4/4	2	1	1/16		1/16	1		4	40		648
35	35	7/8	7/8	4/4	2	1	1/16		1/16	1		0	36		649
35	35	15/16	15/16	4/4	2	1	1/16		1/16	1		3	33		650
36	36	0	0	4/4	2	1	1/8		1/8	1		3	45		662
36	36	0	0	4/4	1	2	1/8		1/8	1		2	62		657
36	36	0	0	4/4	1	1	1/8		1/8	1		-1	65		651
36	36	1/8	1/8	4/4	2	1	1/8		1/8	1		3	33		663
36	36	1/8	1/8	4/4	1	2	1/4		1/4	1		-1	65		658
36	36	1/8	1/8	4/4	1	1	1/4		1/4	1		2	74		652
36	36	1/4	1/4	4/4	2	1	1/8		1/8	1		2	38		664
36	36	3/8	3/8	4/4	2	1	1/8		1/8	1		-1	41		665
36	36	3/8	3/8	4/4	1	2	1/8		1/8	1		2	62		659
36	36	3/8	3/8	4/4	1	1	1/8		1/8	1		-1	65		653
36	36	1/2	1/2	4/4	1	1	0	grace16	1/16	1		1	67		654
36	36	1/2	1/2	4/4	1	2	1/8		1/8	1		2	62		660
36	36	1/2	1/2	4/4	1	1	1/8		1/8	1		-1	65		655
36	36	5/8	5/8	4/4	2	1	1/8		1/8	1		3	45		666
36	36	5/8	5/8	4/4	1	2	1/8		1/8	1		0	60		661
36	36	5/8	5/8	4/4	1	1	1/8		1/8	1		4	64		656
36	36	3/4	3/4	4/4	2	1	1/8		1/8	1		0	48		667
36	36	7/8	7/8	4/4	2	1	1/8		1/8	1		3	45		668
37	37	0	0	4/4	2	1	1/4		1/4	1		4	52		681
37	37	0	0	4/4	1	2	1/8		1/8	1		5	59		675
37	37	0	0	4/4	1	1	1/8		1/8	1		2	62		669
37	37	1/8	1/8	4/4	1	2	1/4		1/4	1		2	62		676
37	37	1/8	1/8	4/4	1	1	1/4		1/4	1		5	71		670
37	37	1/4	1/4	4/4	2	1	1/8		1/8	1		4	40		682
37	37	3/8	3/8	4/4	2	1	1/8		1/8	1		8	56		683
37	37	3/8	3/8	4/4	1	2	1/8		1/8	1		5	59		677
37	37	3/8	3/8	4/4	1	1	1/8		1/8	1		2	62		671
37	37	1/2	1/2	4/4	2	1	1/8		1/8	1		3	57		684
37	37	1/2	1/2	4/4	1	2	1/4		1/4	1		5	59		678
37	37	1/2	1/2	4/4	1	1	1/4		1/4	1		2	62		672
37	37	5/8	5/8	4/4	2	1	1/8		1/8	1		3	45		685
37	37	3/4	3/4	4/4	1	2	1/8		1/8	1		3	57		679
37	37	3/4	3/4	4/4	1	1	1/8		1/8	1		0	60		673
37	37	7/8	7/8	4/4	1	2	1/8		1/8	1		5	71		680
37	37	7/8	7/8	4/4	1	1	1/8		1/8	1		2	74		674
38	38	0	0	4/4	1	2	1/4		1/4	1		5	71		688
38	38	0	0	4/4	1	1	1/4		1/4	1		2	74		686
38	38	1/16	1/16	4/4	2	1	1/16		1/16	1		4	52		690
38	38	1/8	1/8	4/4	2	1	1/16		1/16	1		6	54		691
38	38	3/16	3/16	4/4	2	1	1/16		1/16	1		8	56		692
38	38	1/4	1/4	4/4	2	1	1/16		1/16	1		3	57		693
38	38	1/4	1/4	4/4	1	2	1/4		1/4	1		3	69		689
38	38	1/4	1/4	4/4	1	1	1/4		1/4	1		0	72		687
38	38	5/16	5/16	4/4	2	1	1/16		1/16	1		0	60		694
38	38	3/8	3/8	4/4	2	1	1/16		1/16	1		4	64		695
38	38	7/16	7/16	4/4	2	1	1/16		1/16	1		1	55		696
38	38	1/2	1/2	4/4	2	2	1/4		1/4	1		6	54		700
38	38	5/8	5/8	4/4	2	1	1/8		1/8	1		0	60		697
38	38	5/8	5/8	4/4	2	1	1/8		1/8	1		4	64		697
38	38	3/4	3/4	4/4	2	1	1/8		1/8	1		5	59		698
38	38	3/4	3/4	4/4	2	1	1/8		1/8	1		2	62		698
38	38	7/8	7/8	4/4	2	2	1/8		1/8	1		6	54		701
38	38	7/8	7/8	4/4	2	1	1/8		1/8	1		3	57		699
38	38	7/8	7/8	4/4	2	1	1/8		1/8	1		0	60		699
39	39	0	0	4/4	2	1	1/8		1/8	1		1	55		710
39	39	0	0	4/4	1	1	1/4		1/4	1		3	57		702
39	39	0	0	4/4	1	1	1/4		1/4	1		0	60		702
39	39	1/8	1/8	4/4	2	1	1/8		1/8	1		1	43		711
39	39	1/4	1/4	4/4	1	1	1/8		1/8	1		1	55		703
39	39	1/4	1/4	4/4	1	1	1/8		1/8	1		5	59		703
39	39	3/8	3/8	4/4	1	1	1/8		1/8	1		3	69		704
39	39	3/8	3/8	4/4	1	2	1/8		1/8	1		0	72		707
39	39	1/2	1/2	4/4	1	2	1/4		1/4	1	1	3	69		708
39	39	1/2	1/2	4/4	1	1	1/4		1/4	1		0	72		705
39	39	9/16	9/16	4/4	2	1	1/16		1/16	1		2	50		712
39	39	5/8	5/8	4/4	2	1	1/16		1/16	1		4	52		713
39	39	11/16	11/16	4/4	2	1	1/16		1/16	1		6	54		714
39	39	3/4	3/4	4/4	2	1	1/16		1/16	1		1	55		715
39	39	3/4	3/4	4/4	1	2	1/4		1/4	1		1	67		709
39	39	3/4	3/4	4/4	1	1	1/4		1/4	1		5	71		706
39	39	13/16	13/16	4/4	2	1	1/16		1/16	1		5	59		716
39	39	7/8	7/8	4/4	2	1	1/16		1/16	1		2	62		717
39	39	15/16	15/16	4/4	2	1	1/16		1/16	1		-1	53		718
40	40	0	0	4/4	2	2	1/8		1/8	1		4	52		736
40	40	0	0	4/4	2	1	1/8		1/8	1		0	60		732
40	40	0	0	4/4	1	1	1/16		1/16	1		1	67		719
40	40	1/16	1/16	4/4	1	1	3/16		1/8	3/2	1	1	79		720
40	40	1/8	1/8	4/4	2	2	1/8		1/8	1		4	52		737
40	40	1/8	1/8	4/4	2	1	1/8		1/8	1		0	60		733
40	40	1/4	1/4	4/4	2	2	1/4		1/4	1		4	52		738
40	40	1/4	1/4	4/4	2	1	1/4		1/4	1		0	60		734
40	40	1/4	1/4	4/4	1	1	1/16		1/16	1	-1	1	79		721
40	40	5/16	5/16	4/4	1	1	1/16		1/16	1		-1	77		722
40	40	3/8	3/8	4/4	1	1	1/16		1/16	1		4	76		723
40	40	7/16	7/16	4/4	1	1	1/16		1/16	1		2	74		724
40	40	1/2	1/2	4/4	1	1	1/16		1/16	1		0	72		725
40	40	9/16	9/16	4/4	1	1	1/16		1/16	1		-2	70		726
40	40	5/8	5/8	4/4	1	1	1/16		1/16	1	-1	3	69		727
40	40	11/16	11/16	4/4	1	1	1/16		1/16	1		8	68		728
40	40	3/4	3/4	4/4	2	2	1/4		1/4	1		4	52		739
40	40	3/4	3/4	4/4	2	1	1/4		1/4	1		0	60		735
40	40	13/16	13/16	4/4	1	1	1/16		1/16	1		3	69		729
40	40	7/8	7/8	4/4	1	1	1/16		1/16	1		8	68		730
40	40	15/16	15/16	4/4	1	1	1/16		1/16	1		3	69		731
41	41	0	0	4/4	1	1	1/16		1/16	1		3	69		740
41	41	1/16	1/16	4/4	1	1	3/16		1/8	3/2	1	-1	77		741
41	41	1/8	1/8	4/4	2	2	1/8		1/8	1		4	52		756
41	41	1/8	1/8	4/4	2	1	1/8		1/8	1		0	60		753
41	41	1/4	1/4	4/4	2	2	1/4		1/4	1		2	50		757
41	41	1/4	1/4	4/4	2	1	1/4		1/4	1		5	59		754
41	41	1/4	1/4	4/4	1	1	1/16		1/16	1	-1	-1	77		742
41	41	5/16	5/16	4/4	1	1	1/16		1/16	1		4	76		743
41	41	3/8	3/8	4/4	1	1	1/16		1/16	1		2	74		744
41	41	7/16	7/16	4/4	1	1	1/16		1/16	1		0	72		745
41	41	1/2	1/2	4/4	1	1	1/16		1/16	1		5	71		746
41	41	9/16	9/16	4/4	1	1	1/16		1/16	1		3	69		747
41	41	5/8	5/8	4/4	1	1	1/16		1/16	1		1	67		748
41	41	11/16	11/16	4/4	1	1	1/16		1/16	1		6	66		749
41	41	3/4	3/4	4/4	2	2	1/4		1/4	1		2	50		758
41	41	3/4	3/4	4/4	2	1	1/4		1/4	1		5	59		755
41	41	13/16	13/16	4/4	1	1	1/16		1/16	1		1	67		750
41	41	7/8	7/8	4/4	1	1	1/16		1/16	1		6	66		751
41	41	15/16	15/16	4/4	1	1	1/16		1/16	1		1	67		752
42	42	0	0	4/4	1	1	1/16		1/16	1		1	67		759
42	42	1/16	1/16	4/4	1	1	3/16		1/8	3/2	1	4	76		760
42	42	1/8	1/8	4/4	2	2	1/8		1/8	1		2	50		775
42	42	1/8	1/8	4/4	2	1	1/8		1/8	1		5	59		772
42	42	1/4	1/4	4/4	2	2	1/4		1/4	1		0	48		776
42	42	1/4	1/4	4/4	2	1	1/4		1/4	1		3	57		773
42	42	1/4	1/4	4/4	1	1	1/16		1/16	1	-1	4	76		761
42	42	5/16	5/16	4/4	1	1	1/16		1/16	1		2	74		762
42	42	3/8	3/8	4/4	1	1	1/16		1/16	1		0	72		763
42	42	7/16	7/16	4/4	1	1	1/16		1/16	1		5	71		764
42	42	1/2	1/2	4/4	1	1	1/16		1/16	1		3	69		765
42	42	9/16	9/16	4/4	1	1	1/16		1/16	1		1	67		766
42	42	5/8	5/8	4/4	1	1	1/16		1/16	1		-1	65		767
42	42	11/16	11/16	4/4	1	1	1/16		1/16	1		4	64		768
42	42	3/4	3/4	4/4	2	2	1/4		1/4	1		0	48		777
42	42	3/4	3/4	4/4	2	1	1/4		1/4	1		3	57		774
42	42	13/16	13/16	4/4	1	1	1/16		1/16	1		-1	65		769
42	42	7/8	7/8	4/4	1	1	1/16		1/16	1		4	64		770
42	42	15/16	15/16	4/4	1	1	1/16		1/16	1		-1	65		771
43	43	0	0	4/4	1	1	1/16		1/16	1		-1	65		778
43	43	1/16	1/16	4/4	1	1	3/16		1/8	3/2	1	2	74		779
43	43	1/8	1/8	4/4	2	2	1/8		1/8	1		0	48		794
43	43	1/8	1/8	4/4	2	1	1/8		1/8	1		3	57		791
43	43	1/4	1/4	4/4	2	2	1/4		1/4	1		5	47		795
43	43	1/4	1/4	4/4	2	1	1/4		1/4	1		1	55		792
43	43	1/4	1/4	4/4	1	1	1/16		1/16	1	-1	2	74		780
43	43	5/16	5/16	4/4	1	1	1/16		1/16	1		0	72		781
43	43	3/8	3/8	4/4	1	1	1/16		1/16	1		5	71		782
43	43	7/16	7/16	4/4	1	1	1/16		1/16	1		3	69		783
43	43	1/2	1/2	4/4	1	1	1/16		1/16	1		1	67		784
43	43	9/16	9/16	4/4	1	1	1/16		1/16	1		-1	65		785
43	43	5/8	5/8	4/4	1	1	1/16		1/16	1		4	64		786
43	43	11/16	11/16	4/4	1	1	1/16		1/16	1		9	63		787
43	43	3/4	3/4	4/4	2	2	1/4		1/4	1		0	48		796
43	43	3/4	3/4	4/4	2	1	1/4		1/4	1		1	55		793
43	43	13/16	13/16	4/4	1	1	1/16		1/16	1		4	64		788
43	43	7/8	7/8	4/4	1	1	1/16		1/16	1		9	63		789
43	43	15/16	15/16	4/4	1	1	1/16		1/16	1		4	64		790
44	44	0	0	4/4	1	1	1/4		1/4	1		4	64		797
44	44	1/16	1/16	4/4	2	2	1/16		1/16	1		0	48		809
44	44	1/8	1/8	4/4	2	2	1/16		1/16	1		5	47		810
44	44	1/8	1/8	4/4	2	1	1/8		1/8	1	1	1	55		805
44	44	3/16	3/16	4/4	2	2	1/16		1/16	1		0	48		811
44	44	1/4	1/4	4/4	2	2	1/4		1/4	1		0	48		812
44	44	1/4	1/4	4/4	2	1	1/4		1/4	1	-1	1	55		806
44	44	5/16	5/16	4/4	1	1	1/16		1/16	1		4	64		798
44	44	3/8	3/8	4/4	1	1	1/16		1/16	1		9	63		799
44	44	7/16	7/16	4/4	1	1	1/16		1/16	1		4	64		800
44	44	1/2	1/2	4/4	1	1	1/4		1/4	1		4	64		801
44	44	9/16	9/16	4/4	2	2	1/16		1/16	1		5	47		813
44	44	5/8	5/8	4/4	2	2	1/16		1/16	1		10	46		814
44	44	5/8	5/8	4/4	2	1	1/8		1/8	1	1	1	55		807
44	44	11/16	11/16	4/4	2	2	1/16		1/16	1		5	47		815
44	44	3/4	3/4	4/4	2	2	1/4		1/4	1		5	47		816
44	44	3/4	3/4	4/4	2	1	1/4		1/4	1	-1	1	55		808
44	44	13/16	13/16	4/4	1	1	1/16		1/16	1		4	64		802
44	44	7/8	7/8	4/4	1	1	1/16		1/16	1		9	63		803
44	44	15/16	15/16	4/4	1	1	1/16		1/16	1		4	64		804
45	45	0	0	4/4	1	1	1/16		1/16	1		4	64		817
45	45	1/16	1/16	4/4	2	1	1/16		1/16	1		10	46		823
45	45	1/16	1/16	4/4	1	1	1/16		1/16	1	-1	7	73		818
45	45	1/8	1/8	4/4	2	1	1/16		1/16	1		5	47		824
45	45	1/8	1/8	4/4	1	1	1/4		1/4	1		1	67		819
45	45	3/16	3/16	4/4	2	1	1/16		1/16	1		10	46		825
45	45	1/4	1/4	4/4	2	1	1/16		1/16	1		5	47		826
45	45	5/16	5/16	4/4	2	1	1/16		1/16	1		10	46		827
45	45	3/8	3/8	4/4	2	1	1/16		1/16	1		5	47		828
45	45	3/8	3/8	4/4	1	1	1/8		1/8	1		6	66		820
45	45	7/16	7/16	4/4	2	1	1/16		1/16	1		10	46		829
45	45	1/2	1/2	4/4	1	1	1/4		1/4	1		4	64		821
45	45	9/16	9/16	4/4	2	1	1/16		1/16	1		10	46		830
45	45	5/8	5/8	4/4	2	1	1/16		1/16	1		5	47		831
45	45	11/16	11/16	4/4	2	1	1/16		1/16	1		10	46		832
45	45	3/4	3/4	4/4	2	1	1/16		1/16	1		5	47		833
45	45	3/4	3/4	4/4	1	1	1/4		1/4	1		9	63		822
45	45	13/16	13/16	4/4	2	1	1/16		1/16	1		10	46		834
45	45	7/8	7/8	4/4	2	1	1/16		1/16	1		5	47		835
45	45	15/16	15/16	4/4	2	1	1/16		1/16	1		10	46		836
46	46	0	0	4/4	1	1	1/16		1/16	1		2	62		837
46	46	1/16	1/16	4/4	2	1	1/16		1/16	1		8	44		843
46	46	1/16	1/16	4/4	1	1	1/16		1/16	1		5	71		838
46	46	1/8	1/8	4/4	2	1	1/16		1/16	1		3	45		844
46	46	1/8	1/8	4/4	1	1	1/4		1/4	1		-1	65		839
46	46	3/16	3/16	4/4	2	1	1/16		1/16	1		8	44		845
46	46	1/4	1/4	4/4	2	1	1/16		1/16	1		3	45		846
46	46	5/16	5/16	4/4	2	1	1/16		1/16	1		8	44		847
46	46	3/8	3/8	4/4	2	1	1/16		1/16	1		3	45		848
46	46	3/8	3/8	4/4	1	1	1/8		1/8	1		4	64		840
46	46	7/16	7/16	4/4	2	1	1/16		1/16	1		8	44		849
46	46	1/2	1/2	4/4	1	1	1/4		1/4	1		2	62		841
46	46	9/16	9/16	4/4	2	1	1/16		1/16	1		8	44		850
46	46	5/8	5/8	4/4	2	1	1/16		1/16	1		3	45		851
46	46	11/16	11/16	4/4	2	1	1/16		1/16	1		8	44		852
46	46	3/4	3/4	4/4	2	1	1/16		1/16	1		3	45		853
46	46	3/4	3/4	4/4	1	1	1/4		1/4	1		7	61		842
46	46	13/16	13/16	4/4	2	1	1/16		1/16	1		8	44		854
46	46	7/8	7/8	4/4	2	1	1/16		1/16	1		3	45		855
46	46	15/16	15/16	4/4	2	1	1/16		1/16	1		8	44		856
47	47	0	0	4/4	1	1	1/16		1/16	1		0	60		857
47	47	1/16	1/16	4/4	2	1	1/16		1/16	1		6	42		863
47	47	1/16	1/16	4/4	1	1	1/16		1/16	1		3	69		858
47	47	1/8	1/8	4/4	2	1	1/16		1/16	1		1	43		864
47	47	1/8	1/8	4/4	1	1	1/4		1/4	1		-3	63		859
47	47	3/16	3/16	4/4	2	1	1/16		1/16	1		6	42		865
47	47	1/4	1/4	4/4	2	1	1/16		1/16	1		1	43		866
47	47	5/16	5/16	4/4	2	1	1/16		1/16	1		6	42		867
47	47	3/8	3/8	4/4	2	1	1/16		1/16	1		1	43		868
47	47	3/8	3/8	4/4	1	1	1/8		1/8	1		2	62		860
47	47	7/16	7/16	4/4	2	1	1/16		1/16	1		6	42		869
47	47	1/2	1/2	4/4	1	1	1/4		1/4	1		0	60		861
47	47	9/16	9/16	4/4	2	1	1/16		1/16	1		6	42		870
47	47	5/8	5/8	4/4	2	1	1/16		1/16	1		1	43		871
47	47	11/16	11/16	4/4	2	1	1/16		1/16	1		6	42		872
47	47	3/4	3/4	4/4	2	1	1/16		1/16	1		1	43		873
47	47	3/4	3/4	4/4	1	1	1/4		1/4	1		5	59		862
47	47	13/16	13/16	4/4	2	1	1/16		1/16	1		6	42		874
47	47	7/8	7/8	4/4	2	1	1/16		1/16	1		1	43		875
47	47	15/16	15/16	4/4	2	1	1/16		1/16	1		-1	41		876
48	48	0	0	4/4	2	1	1/4		1/4	1		4	40		890
48	48	0	0	4/4	1	1	1/16		1/16	1		0	60		877
48	48	1/16	1/16	4/4	1	1	1/16		1/16	1		0	72		878
48	48	1/8	1/8	4/4	1	1	1/16		1/16	1		5	71		879
48	48	3/16	3/16	4/4	1	1	1/16		1/16	1		0	72		880
48	48	1/4	1/4	4/4	2	1	1/4		1/4	1		3	57		891
48	48	1/4	1/4	4/4	2	1	1/4		1/4	1		4	64		891
48	48	5/16	5/16	4/4	1	1	1/16		1/16	1		0	72		881
48	48	3/8	3/8	4/4	1	1	1/16		1/16	1		5	71		882
48	48	7/16	7/16	4/4	1	1	1/16		1/16	1		0	72		883
48	48	1/2	1/2	4/4	2	1	1/4		1/4	1		1	55		892
48	48	1/2	1/2	4/4	2	1	1/4		1/4	1		4	64		892
48	48	9/16	9/16	4/4	1	1	1/16		1/16	1		0	72		884
48	48	5/8	5/8	4/4	1	1	1/16		1/16	1		5	71		885
48	48	11/16	11/16	4/4	1	1	1/16		1/16	1		0	72		886
48	48	3/4	3/4	4/4	2	1	1/4		1/4	1		6	54		893
48	48	3/4	3/4	4/4	2	1	1/4		1/4	1		2	62		893
48	48	13/16	13/16	4/4	1	1	1/16		1/16	1		3	81		887
48	48	7/8	7/8	4/4	1	1	1/16		1/16	1		2	74		888
48	48	15/16	15/16	4/4	1	1	1/16		1/16	1		0	72		889
49	49	0	0	4/4	2	1	1/4		1/4	1		1	55		907
49	49	0	0	4/4	2	1	1/4		1/4	1		2	62		907
49	49	0	0	4/4	1	1	1/16		1/16	1		5	71		894
49	49	1/16	1/16	4/4	1	1	1/16		1/16	1		-1	77		895
49	49	1/8	1/8	4/4	1	1	1/16		1/16	1		4	76		896
49	49	3/16	3/16	4/4	1	1	1/16		1/16	1		-1	77		897
49	49	1/4	1/4	4/4	2	1	1/4		1/4	1		3	57		908
49	49	1/4	1/4	4/4	2	1	1/4		1/4	1		0	60		908
49	49	5/16	5/16	4/4	1	1	1/16		1/16	1		-1	77		898
49	49	3/8	3/8	4/4	1	1	1/16		1/16	1		4	76		899
49	49	7/16	7/16	4/4	1	1	1/16		1/16	1		-1	77		900
49	49	1/2	1/2	4/4	2	1	1/4		1/4	1		5	59		909
49	49	1/2	1/2	4/4	2	1	1/4		1/4	1		2	62		909
49	49	9/16	9/16	4/4	1	1	1/16		1/16	1		-1	77		901
49	49	5/8	5/8	4/4	1	1	1/16		1/16	1		4	76		902
49	49	11/16	11/16	4/4	1	1	1/16		1/16	1		-1	77		903
49	49	3/4	3/4	4/4	2	1	1/4		1/4	1		1	55		910
49	49	3/4	3/4	4/4	2	1	1/4		1/4	1		5	59		910
49	49	13/16	13/16	4/4	1	1	1/16		1/16	1		2	86		904
49	49	7/8	7/8	4/4	1	1	1/16		1/16	1		1	79		905
49	49	15/16	15/16	4/4	1	1	1/16		1/16	1		-1	77		906
50	50	0	0	4/4	2	1	1/4		1/4	1		0	48		927
50	50	0	0	4/4	2	1	1/4		1/4	1		4	52		927
50	50	0	0	4/4	2	1	1/4		1/4	1		1	55		927
50	50	0	0	4/4	2	1	1/4		1/4	1		0	60		927
50	50	0	0	4/4	1	1	1/16		1/16	1		4	76		911
50	50	1/16	1/16	4/4	1	1	1/16		1/16	1		0	72		912
50	50	1/8	1/8	4/4	1	1	1/16		1/16	1		4	76		913
50	50	3/16	3/16	4/4	1	1	1/16		1/16	1		0	72		914
50	50	1/4	1/4	4/4	1	1	1/16		1/16	1		1	79		915
50	50	5/16	5/16	4/4	1	1	1/16		1/16	1		4	76		916
50	50	3/8	3/8	4/4	1	1	1/16		1/16	1		0	84		917
50	50	7/16	7/16	4/4	1	1	1/16		1/16	1		1	79		918
50	50	1/2	1/2	4/4	1	1	1/16		1/16	1		4	76		919
50	50	9/16	9/16	4/4	1	1	1/16		1/16	1		0	72		920
50	50	5/8	5/8	4/4	1	1	1/16		1/16	1		1	79		921
50	50	11/16	11/16	4/4	1	1	1/16		1/16	1		4	76		922
50	50	3/4	3/4	4/4	1	1	1/16		1/16	1		0	84		923
50	50	13/16	13/16	4/4	1	1	1/16		1/16	1		1	79		924
50	50	7/8	7/8	4/4	1	1	1/16		1/16	1		4	76		925
50	50	15/16	15/16	4/4	1	1	1/16		1/16	1		0	72		926
51	51	0	0	4/4	1	2	1/8		1/8	1		-1	77		934
51	51	0	0	4/4	1	1	1/8		1/8	1		3	81		928
51	51	1/8	1/8	4/4	2	1	1/8		1/8	1		0	48		939
51	51	1/8	1/8	4/4	1	2	1/4		1/4	1		3	81		935
51	51	1/8	1/8	4/4	1	1	1/4		1/4	1		-1	89		929
51	51	1/4	1/4	4/4	2	1	1/8		1/8	1		-1	53		940
51	51	3/8	3/8	4/4	2	1	1/8		1/8	1		3	57		941
51	51	3/8	3/8	4/4	1	2	1/8		1/8	1		-1	77		936
51	51	3/8	3/8	4/4	1	1	1/8		1/8	1		3	81		930
51	51	1/2	1/2	4/4	1	1	0	grace16	1/16	1		-2	82		931
51	51	1/2	1/2	4/4	1	2	1/8		1/8	1		-1	77		937
51	51	1/2	1/2	4/4	1	1	1/8		1/8	1		3	81		932
51	51	5/8	5/8	4/4	2	1	1/8		1/8	1		0	48		942
51	51	5/8	5/8	4/4	1	2	1/8		1/8	1		4	76		938
51	51	5/8	5/8	4/4	1	1	1/8		1/8	1		1	79		933
51	51	3/4	3/4	4/4	2	1	1/8		1/8	1		4	52		943
51	51	7/8	7/8	4/4	2	1	1/8		1/8	1		0	48		944
52	52	0	0	4/4	1	2	1/8		1/8	1		2	74		952
52	52	0	0	4/4	1	1	1/8		1/8	1		-1	77		945
52	52	1/8	1/8	4/4	2	1	1/8		1/8	1		1	43		958
52	52	1/8	1/8	4/4	1	2	1/4		1/4	1		-1	77		953
52	52	1/8	1/8	4/4	1	1	1/4		1/4	1		2	86		946
52	52	1/4	1/4	4/4	2	1	1/8		1/8	1		3	45		959
52	52	3/8	3/8	4/4	2	1	1/8		1/8	1		5	47		960
52	52	3/8	3/8	4/4	1	2	1/8		1/8	1		2	74		954
52	52	3/8	3/8	4/4	1	1	1/8		1/8	1		-1	77		947
52	52	1/2	1/2	4/4	1	1	0	grace16	1/16	1		1	79		948
52	52	1/2	1/2	4/4	1	2	1/8		1/8	1		2	74		955
52	52	1/2	1/2	4/4	1	1	1/8		1/8	1		-1	77		949
52	52	5/8	5/8	4/4	2	1	1/8		1/8	1		0	48		961
52	52	5/8	5/8	4/4	1	2	1/8		1/8	1		0	72		956
52	52	5/8	5/8	4/4	1	1	1/8		1/8	1		4	76		950
52	52	3/4	3/4	4/4	2	1	1/8		1/8	1		4	52		962
52	52	7/8	7/8	4/4	2	1	1/8		1/8	1		1	55		963
52	52	7/8	7/8	4/4	1	2	1/8		1/8	1		2	62		957
52	52	7/8	7/8	4/4	1	1	1/8		1/8	1		-1	65		951
53	53	0	0	4/4	1	1	0	grace16	1/16	1		1	67		964
53	53	0	0	4/4	1	2	1/8		1/8	1		2	62		967
53	53	0	0	4/4	1	1	1/8		1/8	1		-1	65		965
53	53	1/16	1/16	4/4	2	1	1/16		1/16	1		0	36		969
53	53	1/8	1/8	4/4	2	1	1/16		1/16	1		4	40		970
53	53	1/8	1/8	4/4	1	2	1/8		1/8	1		0	60		968
53	53	1/8	1/8	4/4	1	1	1/8		1/8	1		4	64		966
53	53	3/16	3/16	4/4	2	1	1/16		1/16	1		0	36		971
53	53	1/4	1/4	4/4	2	1	1/16		1/16	1		1	43		972
53	53	5/16	5/16	4/4	2	1	1/16		1/16	1		4	40		973
53	53	3/8	3/8	4/4	2	1	1/16		1/16	1		0	48		974
53	53	7/16	7/16	4/4	2	1	1/16		1/16	1		1	43		975
53	53	1/2	1/2	4/4	2	1	1/16		1/16	1		4	40		976
53	53	9/16	9/16	4/4	2	1	1/16		1/16	1		0	36		977
53	53	5/8	5/8	4/4	2	1	1/16		1/16	1		1	43		978
53	53	11/16	11/16	4/4	2	1	1/16		1/16	1		4	40		979
53	53	3/4	3/4	4/4	2	1	1/16		1/16	1		0	48		980
53	53	13/16	13/16	4/4	2	1	1/16		1/16	1		1	43		981
53	53	7/8	7/8	4/4	2	1	1/16		1/16	1		4	40		982
53	53	15/16	15/16	4/4	2	1	1/16		1/16	1		0	36		983
54	54	0	0	4/4	2	1	1/8		1/8	1		0	48		995
54	54	0	0	4/4	1	2	1/8		1/8	1		-1	65		990
54	54	0	0	4/4	1	1	1/8		1/8	1		3	69		984
54	54	1/8	1/8	4/4	2	1	1/8		1/8	1		0	36		996
54	54	1/8	1/8	4/4	1	2	1/4		1/4	1		3	69		991
54	54	1/8	1/8	4/4	1	1	1/4		1/4	1		-1	77		985
54	54	1/4	1/4	4/4	2	1	1/8		1/8	1		-1	41		997
54	54	3/8	3/8	4/4	2	1	1/8		1/8	1		3	45		998
54	54	3/8	3/8	4/4	1	2	1/8		1/8	1		-1	65		992
54	54	3/8	3/8	4/4	1	1	1/8		1/8	1		3	69		986
54	54	1/2	1/2	4/4	1	1	0	grace16	1/16	1		-2	70		987
54	54	1/2	1/2	4/4	1	2	1/8		1/8	1		-1	65		993
54	54	1/2	1/2	4/4	1	1	1/8		1/8	1		3	69		988
54	54	5/8	5/8	4/4	2	1	1/8		1/8	1		0	48		999
54	54	5/8	5/8	4/4	1	2	1/8		1/8	1		4	64		994
54	54	5/8	5/8	4/4	1	1	1/8		1/8	1		1	67		989
54	54	3/4	3/4	4/4	2	1	1/8		1/8	1		4	52		1000
54	54	7/8	7/8	4/4	2	1	1/8		1/8	1		0	48		1001
55	55	0	0	4/4	1	2	1/8		1/8	1		2	62		1009
55	55	0	0	4/4	1	1	1/8		1/8	1		-1	65		1002
55	55	1/8	1/8	4/4	2	1	1/8		1/8	1		1	43		1015
55	55	1/8	1/8	4/4	1	2	1/4		1/4	1		-1	65		1010
55	55	1/8	1/8	4/4	1	1	1/4		1/4	1		2	74		1003
55	55	1/4	1/4	4/4	2	1	1/8		1/8	1		3	45		1016
55	55	3/8	3/8	4/4	2	1	1/8		1/8	1		5	47		1017
55	55	3/8	3/8	4/4	1	2	1/8		1/8	1		2	62		1011
55	55	3/8	3/8	4/4	1	1	1/8		1/8	1		-1	65		1004
55	55	1/2	1/2	4/4	1	1	0	grace16	1/16	1		1	67		1005
55	55	1/2	1/2	4/4	1	2	1/8		1/8	1		2	62		1012
55	55	1/2	1/2	4/4	1	1	1/8		1/8	1		-1	65		1006
55	55	5/8	5/8	4/4	2	1	1/8		1/8	1		0	48		1018
55	55	5/8	5/8	4/4	1	2	1/8		1/8	1		0	60		1013
55	55	5/8	5/8	4/4	1	1	1/8		1/8	1		4	64		1007
55	55	3/4	3/4	4/4	2	1	1/8		1/8	1		4	52		1019
55	55	7/8	7/8	4/4	2	1	1/8		1/8	1		1	55		1020
55	55	7/8	7/8	4/4	1	2	1/8		1/8	1		5	59		1014
55	55	7/8	7/8	4/4	1	1	1/8		1/8	1		-1	65		1008
56	56	0	0	4/4	2	1	1/4		1/4	1		0	48		1033
56	56	0	0	4/4	1	2	1/8		1/8	1		0	60		1032
56	56	0	0	4/4	1	1	1/16		1/16	1		4	64		1021
56	56	1/16	1/16	4/4	1	1	1/16		1/16	1		3	69		1022
56	56	1/8	1/8	4/4	1	1	1/16		1/16	1		1	67		1023
56	56	3/16	3/16	4/4	1	1	1/16		1/16	1		0	72		1024
56	56	1/4	1/4	4/4	1	1	1/16		1/16	1		5	71		1025
56	56	5/16	5/16	4/4	1	1	1/16		1/16	1		4	76		1026
56	56	3/8	3/8	4/4	1	1	1/16		1/16	1		2	74		1027
56	56	7/16	7/16	4/4	1	1	1/16		1/16	1		3	81		1028
56	56	1/2	1/2	4/4	1	1	1/4		1/4	1		3	81		1029
56	56	5/8	5/8	4/4	2	2	1/8		1/8	1		1	55		1037
56	56	5/8	5/8	4/4	2	1	1/8		1/8	1		5	59		1034
56	56	3/4	3/4	4/4	2	2	1/8		1/8	1		3	57		1038
56	56	3/4	3/4	4/4	2	1	1/8		1/8	1		0	60		1035
56	56	3/4	3/4	4/4	1	1	3/16		1/8	3/2		1	79		1030
56	56	7/8	7/8	4/4	2	2	1/8		1/8	1		5	59		1039
56	56	7/8	7/8	4/4	2	1	1/8		1/8	1		2	62		1036
56	56	15/16	15/16	4/4	1	1	1/16		1/16	1		-1	77		1031
57	57	0	0	4/4	1	1	1/4		1/4	1		-1	77		1040
57	57	1/8	1/8	4/4	2	2	1/8		1/8	1		0	48		1056
57	57	1/8	1/8	4/4	2	1	1/8		1/8	1		0	60		1052
57	57	1/4	1/4	4/4	2	2	1/8		1/8	1		0	48		1057
57	57	1/4	1/4	4/4	2	1	1/8		1/8	1		1	55		1053
57	57	1/4	1/4	4/4	1	1	3/16		1/8	3/2		4	76		1041
57	57	3/8	3/8	4/4	2	2	1/16		1/16	1		0	48		1058
57	57	3/8	3/8	4/4	2	1	1/8		1/8	1		0	60		1054
57	57	7/16	7/16	4/4	2	2	1/16		1/16	1		4	52		1059
57	57	7/16	7/16	4/4	1	1	1/16		1/16	1		-2	70		1042
57	57	1/2	1/2	4/4	2	2	1/8		1/8	1		-1	53		1060
57	57	1/2	1/2	4/4	2	1	1/8		1/8	1		0	60		1055
57	57	1/2	1/2	4/4	1	1	3/16		1/8	3/2		-2	70		1043
57	57	5/8	5/8	4/4	2	2	1/8		1/8	1		-1	41		1061
57	57	11/16	11/16	4/4	1	1	1/32		1/32	1		3	69		1044
57	57	23/32	23/32	4/4	1	1	1/32		1/32	1		1	67		1045
57	57	3/4	3/4	4/4	1	1	1/24		1/16	2/3		-1	65		1046
57	57	19/24	19/24	4/4	1	1	1/24		1/16	2/3		4	64		1047
57	57	5/6	5/6	4/4	1	1	1/24		1/16	2/3		2	62		1048
57	57	7/8	7/8	4/4	1	1	1/24		1/16	2/3		0	60		1049
57	57	11/12	11/12	4/4	1	1	1/24		1/16	2/3		5	59		1050
57	57	23/24	23/24	4/4	1	1	1/24		1/16	2/3		3	57		1051
58	58	0	0	4/4	1	1	1		1	1	1	1	55		1062
58	58	1/8	1/8	4/4	2	2	1/8		1/8	1		5	47		1069
58	58	1/8	1/8	4/4	2	1	1/8		1/8	1		2	50		1063
58	58	1/4	1/4	4/4	2	2	1/8		1/8	1		0	48		1070
58	58	1/4	1/4	4/4	2	1	1/8		1/8	1		4	52		1064
58	58	3/8	3/8	4/4	2	2	1/8		1/8	1		2	50		1071
58	58	3/8	3/8	4/4	2	1	1/8		1/8	1		-1	53		1065
58	58	5/8	5/8	4/4	2	2	1/8		1/8	1		5	47		1072
58	58	5/8	5/8	4/4	2	1	1/8		1/8	1		-1	53		1066
58	58	3/4	3/4	4/4	2	2	1/8		1/8	1		0	48		1073
58	58	3/4	3/4	4/4	2	1	1/8		1/8	1		4	52		1067
58	58	7/8	7/8	4/4	2	2	1/8		1/8	1		5	47		1074
58	58	7/8	7/8	4/4	2	1	1/8		1/8	1		-1	53		1068
59	59	0	0	4/4	2	1	1/4		1/4	1		0	48		1089
59	59	0	0	4/4	1	2	1/8		1/8	1		4	52		1082
59	59	0	0	4/4	1	1	1/8		1/8	1	-1	1	55		1075
59	59	1/8	1/8	4/4	1	2	1/8		1/8	1		4	76		1083
59	59	1/8	1/8	4/4	1	1	1/8		1/8	1		1	79		1076
59	59	1/4	1/4	4/4	1	2	1/8		1/8	1		2	74		1084
59	59	1/4	1/4	4/4	1	1	1/8		1/8	1		-1	77		1077
59	59	3/8	3/8	4/4	1	2	1/8		1/8	1		0	72		1085
59	59	3/8	3/8	4/4	1	1	1/8		1/8	1		4	76		1078
59	59	1/2	1/2	4/4	2	1	1/4		1/4	1		-1	41		1090
59	59	5/8	5/8	4/4	1	2	1/8		1/8	1		0	72		1086
59	59	5/8	5/8	4/4	1	1	1/8		1/8	1		3	81		1079
59	59	3/4	3/4	4/4	1	2	1/8		1/8	1		-2	70		1087
59	59	3/4	3/4	4/4	1	1	1/8		1/8	1		1	79		1080
59	59	7/8	7/8	4/4	1	2	1/8		1/8	1		3	69		1088
59	59	7/8	7/8	4/4	1	1	1/8		1/8	1		-1	77		1081
60	60	0	0	4/4	2	1	1/8		1/8	1		-1	53		1102
60	60	1/8	1/8	4/4	2	1	1/8		1/8	1		-1	41		1103
60	60	1/8	1/8	4/4	1	2	1/8		1/8	1		0	72		1097
60	60	1/8	1/8	4/4	1	1	1/8		1/8	1		3	81		1091
60	60	1/4	1/4	4/4	1	2	1/8		1/8	1		3	69		1098
60	60	1/4	1/4	4/4	1	1	1/8		1/8	1		-1	77		1092
60	60	3/8	3/8	4/4	2	1	1/8		1/8	1		-1	53		1104
60	60	3/8	3/8	4/4	1	2	1/8		1/8	1		-1	65		1099
60	60	3/8	3/8	4/4	1	1	1/8		1/8	1		2	74		1093
60	60	1/2	1/2	4/4	2	1	1/4		1/4	1		1	55		1105
60	60	1/2	1/2	4/4	1	2	1/4		1/4	1		-3	63		1100
60	60	1/2	1/2	4/4	1	1	1/8		1/8	1		0	72		1094
60	60	5/8	5/8	4/4	1	1	1/4		1/4	1		6	66		1095
60	60	3/4	3/4	4/4	2	1	1/4		1/4	1		-4	56		1106
60	60	3/4	3/4	4/4	1	2	1/4		1/4	1		0	60		1101
60	60	7/8	7/8	4/4	1	1	1/8		1/8	1		6	66		1096
61	61	0	0	4/4	2	1	1/8		1/8	1		1	55		1119
61	61	0	0	4/4	1	2	1/8		1/8	1		5	59		1113
61	61	0	0	4/4	1	1	1/8		1/8	1		1	67		1107
61	61	1/8	1/8	4/4	2	1	1/8		1/8	1		-1	53		1120
61	61	1/8	1/8	4/4	1	2	1/8		1/8	1		0	72		1114
61	61	1/8	1/8	4/4	1	1	1/8		1/8	1		3	81		1108
61	61	1/4	1/4	4/4	1	2	1/8		1/8	1		3	69		1115
61	61	1/4	1/4	4/4	1	1	1/8		1/8	1		-1	77		1109
61	61	3/8	3/8	4/4	2	1	1/8		1/8	1		-1	53		1121
61	61	3/8	3/8	4/4	1	2	1/8		1/8	1		-1	65		1116
61	61	3/8	3/8	4/4	1	1	1/8		1/8	1		2	74		1110
61	61	1/2	1/2	4/4	2	1	1/4		1/4	1		1	55		1122
61	61	1/2	1/2	4/4	1	2	1/4		1/4	1		4	64		1117
61	61	1/2	1/2	4/4	1	1	1/4		1/4	1		0	72		1111
61	61	3/4	3/4	4/4	2	1	1/4		1/4	1		1	43		1123
61	61	3/4	3/4	4/4	1	2	1/4		1/4	1		2	62		1118
61	61	3/4	3/4	4/4	1	1	1/4		1/4	1		5	71		1112
62	62	0	0	4/4	2	1	1/4		1/4	1		0	48		1139
62	62	0	0	4/4	1	2	1/16		1/16	1		0	60		1138
62	62	0	0	4/4	1	2	1/16		1/16	1		4	64		1138
62	62	0	0	4/4	1	1	1/16		1/16	1		0	72		1124
62	62	1/16	1/16	4/4	1	1	1/16		1/16	1		0	60		1125
62	62	1/8	1/8	4/4	1	1	1/16		1/16	1		4	64		1126
62	62	3/16	3/16	4/4	1	1	1/16		1/16	1		0	60		1127
62	62	1/4	1/4	4/4	2	2	1/4		1/4	1		4	52		1144
62	62	1/4	1/4	4/4	2	1	1/4		1/4	1		0	60		1140
62	62	1/4	1/4	4/4	1	1	1/16		1/16	1		1	67		1128
62	62	5/16	5/16	4/4	1	1	1/16		1/16	1		4	64		1129
62	62	3/8	3/8	4/4	1	1	1/16		1/16	1		0	72		1130
62	62	7/16	7/16	4/4	1	1	1/16		1/16	1		1	67		1131
62	62	1/2	1/2	4/4	2	2	1/8		1/8	1		1	55		1145
62	62	1/2	1/2	4/4	2	1	1/8		1/8	1		0	60		1141
62	62	1/2	1/2	4/4	1	1	1/16		1/16	1		4	64		1132
62	62	9/16	9/16	4/4	1	1	1/16		1/16	1		0	60		1133
62	62	5/8	5/8	4/4	2	2	1/8		1/8	1		4	52		1146
62	62	5/8	5/8	4/4	2	1	1/8		1/8	1		0	60		1142
62	62	5/8	5/8	4/4	1	1	1/16		1/16	1		1	67		1134
62	62	11/16	11/16	4/4	1	1	1/16		1/16	1		4	64		1135
62	62	3/4	3/4	4/4	1	1	1/8		1/8	1		0	60		1136
62	62	13/16	13/16	4/4	2	2	1/16		1/16	1		1	55		1147
62	62	7/8	7/8	4/4	2	2	1/16		1/16	1		4	52		1148
62	62	15/16	15/16	4/4	2	2	1/16		1/16	1		8	56		1149
62	62	15/16	15/16	4/4	2	1	1/16		1/16	1		5	59		1143
62	62	15/16	15/16	4/4	1	1	1/16		1/16	1		2	62		1137
63	63	0	0	4/4	1	2	1/8		1/8	1		3	57		1155
63	63	0	0	4/4	2	1	1/8		1/8	1		3	57		1161
63	63	0	0	4/4	1	1	1/8		1/8	1		0	60		1150
63	63	1/8	1/8	4/4	2	1	1/8		1/8	1		4	52		1162
63	63	1/8	1/8	4/4	1	2	1/8		1/8	1		1	67		1156
63	63	1/8	1/8	4/4	1	1	1/8		1/8	1		0	72		1151
63	63	1/4	1/4	4/4	2	1	1/8		1/8	1		-1	53		1163
63	63	1/4	1/4	4/4	1	2	1/8		1/8	1		3	69		1157
63	63	3/8	3/8	4/4	2	1	1/8		1/8	1		1	55		1164
63	63	3/8	3/8	4/4	1	2	1/8		1/8	1		2	62		1158
63	63	3/8	3/8	4/4	1	1	1/8		1/8	1		5	71		1152
63	63	1/2	1/2	4/4	2	1	1/8		1/8	1		0	60		1165
63	63	1/2	1/2	4/4	1	2	1/4		1/4	1		2	62		1159
63	63	1/2	1/2	4/4	1	1	1/4		1/4	1		5	71		1153
63	63	5/8	5/8	4/4	2	1	1/8		1/8	1		0	48		1166
63	63	3/4	3/4	4/4	1	2	1/4		1/4	1		4	64		1160
63	63	3/4	3/4	4/4	1	1	1/4		1/4	1		0	72		1154
