mc	mn	mc_onset	mn_onset	timesig	staff	voice	duration	gracenote	nominal_duration	scalar	tied	tpc	midi	chord_id
1	1	0	0	3/4	1	2	1/4		1/4	1		3	69	3
1	1	0	0	3/4	1	1	1/4		1/4	1		0	72	0
1	1	0	0	3/4	1	1	1/4		1/4	1		4	76	0
1	1	1/4	1/4	3/4	1	2	1/4		1/4	1		8	68	4
1	1	1/4	1/4	3/4	1	1	1/4		1/4	1		2	74	1
1	1	1/4	1/4	3/4	1	1	1/4		1/4	1		-1	77	1
1	1	11/16	11/16	3/4	1	2	1/16		1/16	1		8	68	5
1	1	11/16	11/16	3/4	1	1	1/16		1/16	1		2	74	2
1	1	11/16	11/16	3/4	1	1	1/16		1/16	1		-1	77	2
2	2	0	0	3/4	1	1	0	grace16	1/16	1		4	76	6
2	2	0	0	3/4	1	1	0	grace16	1/16	1		1	79	7
2	2	0	0	3/4	1	2	1/4		1/4	1		3	69	11
2	2	0	0	3/4	1	1	1/4		1/4	1		2	74	8
2	2	0	0	3/4	1	1	1/4		1/4	1		-1	77	8
2	2	1/4	1/4	3/4	2	1	1/4		1/4	1		3	57	12
2	2	1/4	1/4	3/4	1	1	1/4		1/4	1		0	72	9
2	2	1/4	1/4	3/4	1	1	1/4		1/4	1		4	76	9
2	2	11/16	11/16	3/4	1	1	1/16		1/16	1		3	81	10
3	3	0	0	3/4	1	1	1/4		1/4	1		0	72	13
3	3	1/8	1/8	3/4	1	2	1/8		1/8	1		2	62	20
3	3	1/8	1/8	3/4	1	2	1/8		1/8	1		3	69	20
3	3	1/4	1/4	3/4	1	2	1/8		1/8	1		2	62	21
3	3	1/4	1/4	3/4	1	2	1/8		1/8	1		3	69	21
3	3	1/4	1/4	3/4	1	1	3/16		1/8	3/2		5	71	14
3	3	3/8	3/8	3/4	1	2	1/8		1/8	1		2	62	22
3	3	3/8	3/8	3/4	1	2	1/8		1/8	1		3	69	22
3	3	7/16	7/16	3/4	1	1	1/16		1/16	1		-1	77	15
3	3	1/2	1/2	3/4	1	1	0	grace32	1/32	1		1	79	16
3	3	1/2	1/2	3/4	1	1	1/16		1/16	1		-1	77	17
3	3	9/16	9/16	3/4	1	1	1/16		1/16	1		4	76	18
3	3	5/8	5/8	3/4	1	2	1/8		1/8	1		4	64	23
3	3	5/8	5/8	3/4	1	2	1/8		1/8	1		8	68	23
3	3	11/16	11/16	3/4	1	1	1/16		1/16	1		5	71	19
4	4	0	0	3/4	1	1	1/4		1/4	1		2	74	24
4	4	1/8	1/8	3/4	1	2	1/8		1/8	1		-1	65	30
4	4	1/8	1/8	3/4	1	2	1/8		1/8	1		3	69	30
4	4	1/4	1/4	3/4	1	2	1/8		1/8	1		-1	65	31
4	4	1/4	1/4	3/4	1	2	1/8		1/8	1		3	69	31
4	4	1/4	1/4	3/4	1	1	3/16		1/8	3/2		0	72	25
4	4	3/8	3/8	3/4	1	2	1/8		1/8	1		-1	65	32
4	4	3/8	3/8	3/4	1	2	1/8		1/8	1		3	69	32
4	4	7/16	7/16	3/4	1	1	1/16		1/16	1		3	81	26
4	4	1/2	1/2	3/4	1	1	3/16		1/8	3/2		3	81	27
4	4	5/8	5/8	3/4	1	2	1/8		1/8	1		0	60	33
4	4	5/8	5/8	3/4	1	3	1/8		1/8	1		4	64	34
4	4	11/16	11/16	3/4	1	1	1/32		1/32	1		5	83	28
4	4	23/32	23/32	3/4	1	1	1/32		1/32	1		0	84	29
5	5	0	0	3/4	1	1	1/16		1/16	1		0	84	35
5	5	1/16	1/16	3/4	1	1	1/16		1/16	1		-1	77	36
5	5	1/8	1/8	3/4	1	2	1/8		1/8	1		2	62	41
5	5	1/8	1/8	3/4	1	2	1/8		1/8	1		3	69	41
5	5	1/4	1/4	3/4	1	2	1/8		1/8	1		2	62	42
5	5	1/4	1/4	3/4	1	2	1/8		1/8	1		3	69	42
5	5	3/8	3/8	3/4	1	2	1/8		1/8	1		2	62	43
5	5	3/8	3/8	3/4	1	2	1/8		1/8	1		3	69	43
5	5	7/16	7/16	3/4	1	1	1/16		1/16	1		-1	77	37
5	5	1/2	1/2	3/4	1	1	1/8		1/8	1		-1	77	38
5	5	5/8	5/8	3/4	1	2	1/8		1/8	1		4	64	44
5	5	5/8	5/8	3/4	1	2	1/8		1/8	1		8	68	44
5	5	5/8	5/8	3/4	1	1	1/16		1/16	1		4	76	39
5	5	11/16	11/16	3/4	1	1	1/16		1/16	1		5	71	40
6	6	0	0	3/4	2	1	1/4		1/4	1		3	57	50
6	6	0	0	3/4	1	2	1/8		1/8	1		3	69	48
6	6	0	0	3/4	1	1	3/16		1/8	3/2	1	0	72	45
6	6	1/8	1/8	3/4	1	2	1/8		1/8	1		4	64	49
6	6	3/16	3/16	3/4	1	1	1/16		1/16	1		5	71	46
6	6	1/4	1/4	3/4	1	1	1/4		1/4	1		0	60	47
6	6	1/4	1/4	3/4	1	1	1/4		1/4	1		3	69	47
6	6	3/8	3/8	3/4	2	1	1/8		1/8	1		3	57	51
6	6	1/2	1/2	3/4	2	1	1/8		1/8	1		0	60	52
6	6	5/8	5/8	3/4	2	1	1/8		1/8	1		4	64	53
7	7	0	0	3/4	1	2	1/4		1/4	1		3	69	57
7	7	0	0	3/4	1	1	1/4		1/4	1		4	76	54
7	7	0	0	3/4	1	1	1/4		1/4	1		0	84	54
7	7	1/4	1/4	3/4	1	2	1/4		1/4	1		1	67	58
7	7	1/4	1/4	3/4	1	1	1/4		1/4	1	-1	0	72	55
7	7	1/4	1/4	3/4	1	1	1/4		1/4	1		4	76	55
7	7	11/16	11/16	3/4	2	1	1/16		1/16	1		6	66	60
7	7	11/16	11/16	3/4	1	2	1/16		1/16	1		0	72	59
7	7	11/16	11/16	3/4	1	1	1/16		1/16	1		4	76	56
8	8	0	0	3/4	1	1	0	grace16	1/16	1		2	74	61
8	8	0	0	3/4	1	1	0	grace32	1/32	1		-1	77	62
8	8	0	0	3/4	2	1	1/4		1/4	1		1	67	68
8	8	0	0	3/4	1	2	1/4		1/4	1		0	72	66
8	8	0	0	3/4	1	1	1/4		1/4	1		4	76	63
8	8	1/4	1/4	3/4	2	1	1/4		1/4	1		1	55	69
8	8	1/4	1/4	3/4	1	2	1/4		1/4	1		5	71	67
8	8	1/4	1/4	3/4	1	1	1/4		1/4	1		2	74	64
8	8	11/16	11/16	3/4	1	1	1/16		1/16	1		1	67	65
9	9	0	0	3/4	2	2	1/8		1/8	1		4	52	81
9	9	0	0	3/4	2	1	1/8		1/8	1		1	55	77
9	9	0	0	3/4	1	1	3/16		1/8	3/2		0	72	70
9	9	1/8	1/8	3/4	2	2	1/8		1/8	1		0	48	82
9	9	1/8	1/8	3/4	2	1	1/8		1/8	1		4	52	78
9	9	3/16	3/16	3/4	1	1	1/16		1/16	1		1	79	71
9	9	1/4	1/4	3/4	1	1	3/16		1/8	3/2		-1	77	72
9	9	3/8	3/8	3/4	2	2	1/8		1/8	1		0	48	83
9	9	3/8	3/8	3/4	2	1	1/8		1/8	1		1	55	79
9	9	7/16	7/16	3/4	1	1	1/16		1/16	1		4	76	73
9	9	1/2	1/2	3/4	1	1	1/16		1/16	1		2	74	74
9	9	9/16	9/16	3/4	1	1	1/16		1/16	1		0	72	75
9	9	5/8	5/8	3/4	2	2	1/8		1/8	1		4	52	84
9	9	5/8	5/8	3/4	2	1	1/8		1/8	1		0	60	80
9	9	11/16	11/16	3/4	1	1	1/16		1/16	1		1	67	76
10	10	0	0	3/4	2	2	1/8		1/8	1		-1	53	98
10	10	0	0	3/4	2	1	1/16		1/16	1		0	60	93
10	10	0	0	3/4	1	1	1/8		1/8	1		-2	70	85
10	10	1/16	1/16	3/4	2	1	1/16		1/16	1		7	61	94
10	10	1/8	1/8	3/4	2	2	1/8		1/8	1		-1	53	99
10	10	1/8	1/8	3/4	2	1	1/8		1/8	1		2	62	95
10	10	1/8	1/8	3/4	1	1	1/16		1/16	1		3	69	86
10	10	3/16	3/16	3/4	1	1	1/16		1/16	1		3	81	87
10	10	1/4	1/4	3/4	1	1	3/16		1/8	3/2		1	79	88
10	10	3/8	3/8	3/4	2	2	1/8		1/8	1		2	50	100
10	10	3/8	3/8	3/4	2	1	1/8		1/8	1		2	62	96
10	10	7/16	7/16	3/4	1	1	1/16		1/16	1		-1	77	89
10	10	1/2	1/2	3/4	1	1	1/16		1/16	1		4	76	90
10	10	9/16	9/16	3/4	1	1	1/16		1/16	1		2	74	91
10	10	5/8	5/8	3/4	2	2	1/8		1/8	1		6	54	101
10	10	5/8	5/8	3/4	2	1	1/8		1/8	1		2	62	97
10	10	11/16	11/16	3/4	1	1	1/16		1/16	1		3	69	92
11	11	0	0	3/4	2	2	1/8		1/8	1		1	55	123
11	11	0	0	3/4	1	1	1/4		1/4	1	1	0	72	102
11	11	1/8	1/8	3/4	2	2	1/8		1/8	1		1	55	124
11	11	1/8	1/8	3/4	2	1	1/8		1/8	1		4	64	120
11	11	1/4	1/4	3/4	2	2	1/8		1/8	1		1	55	125
11	11	1/4	1/4	3/4	2	1	1/8		1/8	1		2	62	121
11	11	1/4	1/4	3/4	1	1	1/24		1/16	2/3	-1	0	72	103
11	11	7/24	7/24	3/4	1	1	1/24		1/16	2/3		5	71	104
11	11	1/3	1/3	3/4	1	1	1/24		1/16	2/3		2	74	105
11	11	3/8	3/8	3/4	2	2	1/8		1/8	1		1	55	126
11	11	3/8	3/8	3/4	2	1	1/8		1/8	1		5	59	122
11	11	3/8	3/8	3/4	1	1	1/24		1/16	2/3		-1	77	106
11	11	5/12	5/12	3/4	1	1	1/24		1/16	2/3		4	76	107
11	11	11/24	11/24	3/4	1	1	1/24		1/16	2/3		2	74	108
11	11	1/2	1/2	3/4	1	1	0	grace32	1/32	2/3		4	76	109
11	11	1/2	1/2	3/4	2	2	1/8		1/8	1		1	55	127
11	11	1/2	1/2	3/4	1	2	1/8		1/8	1		4	64	116
11	11	1/2	1/2	3/4	1	1	1/24		1/16	2/3		2	74	110
11	11	13/24	13/24	3/4	1	1	1/24		1/16	2/3		0	72	111
11	11	7/12	7/12	3/4	1	1	1/24		1/16	2/3		4	76	112
11	11	5/8	5/8	3/4	2	2	1/8		1/8	1		1	55	128
11	11	5/8	5/8	3/4	1	2	1/24		1/16	2/3		4	76	117
11	11	5/8	5/8	3/4	1	1	1/24		1/16	2/3		1	79	113
11	11	2/3	2/3	3/4	1	2	1/24		1/16	2/3		2	74	118
11	11	2/3	2/3	3/4	1	1	1/24		1/16	2/3		-1	77	114
11	11	17/24	17/24	3/4	1	2	1/24		1/16	2/3		0	72	119
11	11	17/24	17/24	3/4	1	1	1/24		1/16	2/3		4	76	115
12	12	0	0	3/4	1	1	0	appoggiatura	1/8	1		-1	77	129
12	12	0	0	3/4	1	2	0	appoggiatura	1/8	1		2	74	132
12	12	0	0	3/4	2	1	1/4		1/4	1		6	54	135
12	12	0	0	3/4	1	2	1/4		1/4	1		0	72	133
12	12	0	0	3/4	1	1	1/4		1/4	1		4	76	130
12	12	1/4	1/4	3/4	2	1	1/8		1/8	1		1	55	136
12	12	1/4	1/4	3/4	1	2	1/4		1/4	1		5	71	134
12	12	1/4	1/4	3/4	1	1	1/4		1/4	1		2	74	131
12	12	3/8	3/8	3/4	2	1	1/8		1/8	1		1	43	137
12	12	1/2	1/2	3/4	2	1	1/8		1/8	1		5	47	138
12	12	5/8	5/8	3/4	2	1	1/8		1/8	1		2	50	139
13	13	0	0	3/4	2	1	1/8		1/8	1		1	55	155
13	13	0	0	3/4	1	1	3/16		1/8	3/2		1	67	140
13	13	1/8	1/8	3/4	2	1	1/8		1/8	1		1	43	156
13	13	3/16	3/16	3/4	1	1	1/32		1/32	1		3	69	141
13	13	7/32	7/32	3/4	1	1	1/32		1/32	1		5	71	142
13	13	1/4	1/4	3/4	1	2	3/16		1/8	3/2		1	67	149
13	13	1/4	1/4	3/4	1	1	3/16		1/8	3/2		5	71	143
13	13	3/8	3/8	3/4	2	1	1/8		1/8	1		1	43	157
13	13	7/16	7/16	3/4	1	2	1/32		1/32	1		3	69	150
13	13	7/16	7/16	3/4	1	1	1/32		1/32	1		0	72	144
13	13	15/32	15/32	3/4	1	2	1/32		1/32	1		5	71	151
13	13	15/32	15/32	3/4	1	1	1/32		1/32	1		2	74	145
13	13	1/2	1/2	3/4	1	2	3/16		1/8	3/2		5	71	152
13	13	1/2	1/2	3/4	1	1	3/16		1/8	3/2		2	74	146
13	13	5/8	5/8	3/4	2	1	1/8		1/8	1		1	43	158
13	13	11/16	11/16	3/4	1	2	1/32		1/32	1		0	72	153
13	13	11/16	11/16	3/4	1	1	1/32		1/32	1		4	76	147
13	13	23/32	23/32	3/4	1	2	1/32		1/32	1		2	74	154
13	13	23/32	23/32	3/4	1	1	1/32		1/32	1		-1	77	148
14	14	0	0	3/4	1	2	1/16		1/16	1		2	74	167
14	14	0	0	3/4	1	1	1/16		1/16	1		-1	77	159
14	14	1/16	1/16	3/4	1	2	1/32		1/32	1		4	76	168
14	14	1/16	1/16	3/4	1	1	1/32		1/32	1		1	79	160
14	14	3/32	3/32	3/4	1	2	1/32		1/32	1		-1	77	169
14	14	3/32	3/32	3/4	1	1	1/32		1/32	1		3	81	161
14	14	1/8	1/8	3/4	1	2	1/16		1/16	1		-1	77	170
14	14	1/8	1/8	3/4	1	1	1/16		1/16	1		3	81	162
14	14	3/16	3/16	3/4	1	2	1/16		1/16	1		-1	77	171
14	14	3/16	3/16	3/4	1	1	1/16		1/16	1		3	81	163
14	14	1/4	1/4	3/4	2	1	1/8		1/8	1		5	59	175
14	14	5/16	5/16	3/4	1	2	1/16		1/16	1		-1	77	172
14	14	5/16	5/16	3/4	1	1	1/16		1/16	1		3	81	164
14	14	3/8	3/8	3/4	2	1	1/8		1/8	1		5	59	176
14	14	7/16	7/16	3/4	1	2	1/16		1/16	1		-1	77	173
14	14	7/16	7/16	3/4	1	1	1/16		1/16	1		3	81	165
14	14	1/2	1/2	3/4	2	1	1/8		1/8	1		5	59	177
14	14	1/2	1/2	3/4	1	2	1/4		1/4	1		-1	77	174
14	14	1/2	1/2	3/4	1	1	1/4		1/4	1		3	81	166
14	14	5/8	5/8	3/4	2	1	1/8		1/8	1		5	59	178
15	15	0	0	3/4	2	1	1/8		1/8	1		0	60	191
15	15	0	0	3/4	1	2	1/8		1/8	1		4	76	184
15	15	0	0	3/4	1	1	1/8		1/8	1		1	79	179
15	15	1/8	1/8	3/4	2	1	1/8		1/8	1		-1	65	192
15	15	1/8	1/8	3/4	1	2	1/16		1/16	1		-1	77	185
15	15	1/8	1/8	3/4	1	1	1/16		1/16	1		3	81	180
15	15	3/16	3/16	3/4	1	2	1/16		1/16	1		2	74	186
15	15	3/16	3/16	3/4	1	1	1/16		1/16	1		-1	77	181
15	15	1/4	1/4	3/4	1	2	1/8		1/8	1		1	67	187
15	15	1/4	1/4	3/4	1	2	1/8		1/8	1		0	72	187
15	15	1/4	1/4	3/4	1	1	3/8		1/4	3/2		4	76	182
15	15	3/8	3/8	3/4	1	2	1/8		1/8	1		1	67	188
15	15	3/8	3/8	3/4	1	2	1/8		1/8	1		0	72	188
15	15	1/2	1/2	3/4	1	2	1/8		1/8	1		1	67	189
15	15	1/2	1/2	3/4	1	2	1/8		1/8	1		-2	70	189
15	15	5/8	5/8	3/4	1	2	1/8		1/8	1		1	67	190
15	15	5/8	5/8	3/4	1	2	1/8		1/8	1		-2	70	190
15	15	5/8	5/8	3/4	1	1	1/8		1/8	1		2	74	183
16	16	0	0	3/4	1	2	1/8		1/8	1		1	67	200
16	16	0	0	3/4	1	2	1/8		1/8	1		3	69	200
16	16	0	0	3/4	1	1	3/16		1/8	3/2		7	73	193
16	16	1/8	1/8	3/4	1	2	1/8		1/8	1		1	67	201
16	16	1/8	1/8	3/4	1	2	1/8		1/8	1		3	69	201
16	16	3/16	3/16	3/4	1	1	1/32		1/32	1		2	74	194
16	16	7/32	7/32	3/4	1	1	1/32		1/32	1		4	76	195
16	16	1/4	1/4	3/4	1	2	1/4		1/4	1		-1	65	202
16	16	1/4	1/4	3/4	1	2	1/4		1/4	1		3	69	202
16	16	1/4	1/4	3/4	1	1	1/8		1/8	1		2	74	196
16	16	3/8	3/8	3/4	1	1	1/8		1/8	1		3	81	197
16	16	1/2	1/2	3/4	1	1	1/8		1/8	1		-1	77	198
16	16	5/8	5/8	3/4	1	1	1/8		1/8	1		3	69	199
17	17	0	0	3/4	1	2	1/8		1/8	1		-1	65	212
17	17	0	0	3/4	1	2	1/8		1/8	1		1	67	212
17	17	0	0	3/4	1	1	3/16		1/8	3/2		5	71	203
17	17	1/8	1/8	3/4	1	2	1/8		1/8	1		-1	65	213
17	17	1/8	1/8	3/4	1	2	1/8		1/8	1		1	67	213
17	17	3/16	3/16	3/4	1	1	1/32		1/32	1		0	72	204
17	17	7/32	7/32	3/4	1	1	1/32		1/32	1		2	74	205
17	17	1/4	1/4	3/4	1	2	1/8		1/8	1		4	64	214
17	17	1/4	1/4	3/4	1	2	1/8		1/8	1		1	67	214
17	17	1/4	1/4	3/4	1	1	3/16		1/8	3/2		0	72	206
17	17	3/8	3/8	3/4	1	2	1/8		1/8	1		4	64	215
17	17	3/8	3/8	3/4	1	2	1/8		1/8	1		1	67	215
17	17	7/16	7/16	3/4	1	1	1/32		1/32	1		2	74	207
17	17	15/32	15/32	3/4	1	1	1/32		1/32	1		4	76	208
17	17	1/2	1/2	3/4	1	2	1/8		1/8	1		5	59	216
17	17	1/2	1/2	3/4	1	2	1/8		1/8	1		1	67	216
17	17	1/2	1/2	3/4	1	1	3/16		1/8	3/2		2	74	209
17	17	5/8	5/8	3/4	1	2	1/8		1/8	1		5	59	217
17	17	5/8	5/8	3/4	1	2	1/8		1/8	1		1	67	217
17	17	11/16	11/16	3/4	1	1	1/32		1/32	1		4	76	210
17	17	23/32	23/32	3/4	1	1	1/32		1/32	1		-1	77	211
18	18	0	0	3/4	1	2	1/8		1/8	1		5	59	221
18	18	0	0	3/4	1	2	1/8		1/8	1		1	67	221
18	18	0	0	3/4	1	1	1/8		1/8	1		-1	77	218
18	18	1/8	1/8	3/4	1	2	1/8		1/8	1		5	59	222
18	18	1/8	1/8	3/4	1	2	1/8		1/8	1		-1	65	222
18	18	1/8	1/8	3/4	1	1	1/8		1/8	1		1	67	219
18	18	1/4	1/4	3/4	1	2	1/4		1/4	1		5	59	223
18	18	1/4	1/4	3/4	1	2	1/4		1/4	1		-1	65	223
18	18	1/4	1/4	3/4	1	1	1/4		1/4	1		1	67	220
19	19	0	0	3/4	1	2	1/4		1/4	1		0	60	227
19	19	0	0	3/4	1	1	1/4		1/4	1		4	64	224
19	19	0	0	3/4	1	1	1/4		1/4	1		1	67	224
19	19	1/4	1/4	3/4	1	2	1/4		1/4	1		5	59	228
19	19	1/4	1/4	3/4	1	1	1/4		1/4	1		-1	65	225
19	19	1/4	1/4	3/4	1	1	1/4		1/4	1		3	69	225
19	19	11/16	11/16	3/4	1	2	1/16		1/16	1		5	59	229
19	19	11/16	11/16	3/4	1	1	1/16		1/16	1		-1	65	226
19	19	11/16	11/16	3/4	1	1	1/16		1/16	1		3	69	226
20	20	0	0	3/4	1	1	0	grace16	1/16	1		1	67	230
20	20	0	0	3/4	1	1	0	grace32	1/32	1		-2	70	231
20	20	0	0	3/4	1	2	1/4		1/4	1		0	60	235
20	20	0	0	3/4	1	1	1/4		1/4	1		-1	65	232
20	20	0	0	3/4	1	1	1/4		1/4	1		3	69	232
20	20	1/4	1/4	3/4	2	1	1/4		1/4	1		0	48	236
20	20	1/4	1/4	3/4	1	1	1/4		1/4	1		4	64	233
20	20	1/4	1/4	3/4	1	1	1/4		1/4	1		1	67	233
20	20	11/16	11/16	3/4	1	1	1/16		1/16	1		1	67	234
21	21	0	0	3/4	1	1	1/4		1/4	1		1	67	237
21	21	1/8	1/8	3/4	1	2	1/8		1/8	1		0	60	240
21	21	1/8	1/8	3/4	1	2	1/8		1/8	1		4	64	240
21	21	1/4	1/4	3/4	1	2	1/8		1/8	1		0	60	241
21	21	1/4	1/4	3/4	1	2	1/8		1/8	1		4	64	241
21	21	1/4	1/4	3/4	1	1	1/4		1/4	1		1	79	238
21	21	3/8	3/8	3/4	1	2	1/8		1/8	1		0	60	242
21	21	3/8	3/8	3/4	1	2	1/8		1/8	1		4	64	242
21	21	1/2	1/2	3/4	1	2	1/8		1/8	1		5	59	243
21	21	1/2	1/2	3/4	1	2	1/8		1/8	1		2	62	243
21	21	5/8	5/8	3/4	1	2	1/8		1/8	1		-2	58	244
21	21	5/8	5/8	3/4	1	2	1/8		1/8	1		2	62	244
21	21	11/16	11/16	3/4	1	1	1/16		1/16	1		1	79	239
22	22	0	0	3/4	1	1	3/16		1/8	3/2		1	79	245
22	22	1/8	1/8	3/4	2	1	1/8		1/8	1		3	57	256
22	22	1/8	1/8	3/4	1	2	1/8		1/8	1		7	61	251
22	22	3/16	3/16	3/4	1	1	1/32		1/32	1		-1	77	246
22	22	7/32	7/32	3/4	1	1	1/32		1/32	1		4	76	247
22	22	1/4	1/4	3/4	2	1	1/8		1/8	1		3	57	257
22	22	1/4	1/4	3/4	1	2	1/8		1/8	1		4	64	252
22	22	1/4	1/4	3/4	1	1	1/4		1/4	1		2	74	248
22	22	3/8	3/8	3/4	2	1	1/8		1/8	1		3	57	258
22	22	3/8	3/8	3/4	1	2	1/8		1/8	1		4	64	253
22	22	1/2	1/2	3/4	2	1	1/8		1/8	1		3	57	259
22	22	1/2	1/2	3/4	1	2	1/8		1/8	1		1	67	254
22	22	1/2	1/2	3/4	1	1	1/8		1/8	1		7	73	249
22	22	5/8	5/8	3/4	2	1	1/8		1/8	1		3	57	260
22	22	5/8	5/8	3/4	1	2	1/8		1/8	1		1	67	255
22	22	11/16	11/16	3/4	1	1	1/16		1/16	1		3	69	250
23	23	0	0	3/4	1	1	1/4		1/4	1		3	69	261
23	23	1/8	1/8	3/4	2	1	1/8		1/8	1		2	62	269
23	23	1/8	1/8	3/4	1	2	1/8		1/8	1		-1	65	264
23	23	1/4	1/4	3/4	2	1	1/8		1/8	1		2	62	270
23	23	1/4	1/4	3/4	1	2	1/8		1/8	1		-1	65	265
23	23	1/4	1/4	3/4	1	1	1/4		1/4	1		3	81	262
23	23	3/8	3/8	3/4	2	1	1/8		1/8	1		2	62	271
23	23	3/8	3/8	3/4	1	2	1/8		1/8	1		-1	65	266
23	23	1/2	1/2	3/4	2	1	1/8		1/8	1		7	61	272
23	23	1/2	1/2	3/4	1	2	1/8		1/8	1		4	64	267
23	23	5/8	5/8	3/4	2	1	1/8		1/8	1		0	60	273
23	23	5/8	5/8	3/4	1	2	1/8		1/8	1		4	64	268
23	23	11/16	11/16	3/4	1	1	1/16		1/16	1		3	81	263
24	24	0	0	3/4	1	1	3/16		1/8	3/2		3	81	274
24	24	1/8	1/8	3/4	2	1	1/8		1/8	1		5	59	284
24	24	1/8	1/8	3/4	1	2	1/8		1/8	1		9	63	279
24	24	3/16	3/16	3/4	1	1	1/32		1/32	1		1	79	275
24	24	7/32	7/32	3/4	1	1	1/32		1/32	1		6	78	276
24	24	1/4	1/4	3/4	1	1	0	grace4	1/4	1		4	76	277
24	24	1/4	1/4	3/4	2	1	1/8		1/8	1		5	59	285
24	24	1/4	1/4	3/4	1	2	1/8		1/8	1		6	66	280
24	24	1/4	1/4	3/4	1	1	1/2		1/2	1		9	75	278
24	24	3/8	3/8	3/4	2	1	1/8		1/8	1		5	59	286
24	24	3/8	3/8	3/4	1	2	1/8		1/8	1		6	66	281
24	24	1/2	1/2	3/4	2	1	1/8		1/8	1		5	59	287
24	24	1/2	1/2	3/4	1	2	1/8		1/8	1		3	69	282
24	24	5/8	5/8	3/4	2	1	1/8		1/8	1		5	59	288
24	24	5/8	5/8	3/4	1	2	1/8		1/8	1		3	69	283
25	25	0	0	3/4	2	1	1/4		1/4	1		4	64	295
25	25	0	0	3/4	1	2	1/4		1/4	1		1	67	292
25	25	0	0	3/4	1	1	1/4		1/4	1		5	71	289
25	25	1/4	1/4	3/4	2	1	1/4		1/4	1		9	63	296
25	25	1/4	1/4	3/4	1	2	1/4		1/4	1		3	69	293
25	25	1/4	1/4	3/4	1	1	1/4		1/4	1		0	72	290
25	25	11/16	11/16	3/4	2	1	1/16		1/16	1		9	63	297
25	25	11/16	11/16	3/4	1	2	1/16		1/16	1		3	69	294
25	25	11/16	11/16	3/4	1	1	1/16		1/16	1		0	72	291
26	26	0	0	3/4	1	1	0	grace16	1/16	1		5	71	298
26	26	0	0	3/4	1	1	0	grace32	1/32	1		2	74	299
26	26	0	0	3/4	2	1	1/4		1/4	1		4	64	305
26	26	0	0	3/4	1	2	1/4		1/4	1		3	69	303
26	26	0	0	3/4	1	1	1/4		1/4	1		0	72	300
26	26	1/4	1/4	3/4	2	1	1/4		1/4	1		4	52	306
26	26	1/4	1/4	3/4	1	2	1/4		1/4	1		1	67	304
26	26	1/4	1/4	3/4	1	1	1/4		1/4	1		5	71	301
26	26	11/16	11/16	3/4	1	1	1/16		1/16	1		4	76	302
27	27	0	0	3/4	1	1	1/4		1/4	1		1	67	307
27	27	1/8	1/8	3/4	2	2	1/8		1/8	1		3	57	315
27	27	1/8	1/8	3/4	2	1	1/8		1/8	1		4	64	310
27	27	1/4	1/4	3/4	2	2	1/8		1/8	1		3	57	316
27	27	1/4	1/4	3/4	2	1	1/8		1/8	1		4	64	311
27	27	1/4	1/4	3/4	1	1	1/4		1/4	1		6	66	308
27	27	3/8	3/8	3/4	2	2	1/8		1/8	1		3	57	317
27	27	3/8	3/8	3/4	2	1	1/8		1/8	1		4	64	312
27	27	1/2	1/2	3/4	2	2	1/8		1/8	1		5	59	318
27	27	1/2	1/2	3/4	2	1	1/8		1/8	1		2	62	313
27	27	5/8	5/8	3/4	2	2	1/8		1/8	1		3	57	319
27	27	5/8	5/8	3/4	2	1	1/8		1/8	1		2	62	314
27	27	11/16	11/16	3/4	1	1	1/16		1/16	1		2	74	309
28	28	0	0	3/4	1	1	1/4		1/4	1		-1	65	320
28	28	1/8	1/8	3/4	2	2	1/8		1/8	1		8	56	328
28	28	1/8	1/8	3/4	2	1	1/8		1/8	1		2	62	323
28	28	1/4	1/4	3/4	2	2	1/8		1/8	1		8	56	329
28	28	1/4	1/4	3/4	2	1	1/8		1/8	1		2	62	324
28	28	1/4	1/4	3/4	1	1	1/4		1/4	1		4	64	321
28	28	3/8	3/8	3/4	2	2	1/8		1/8	1		8	56	330
28	28	3/8	3/8	3/4	2	1	1/8		1/8	1		2	62	325
28	28	1/2	1/2	3/4	2	2	1/8		1/8	1		3	57	331
28	28	1/2	1/2	3/4	2	1	1/8		1/8	1		0	60	326
28	28	5/8	5/8	3/4	2	2	1/8		1/8	1		1	55	332
28	28	5/8	5/8	3/4	2	1	1/8		1/8	1		0	60	327
28	28	11/16	11/16	3/4	1	1	1/16		1/16	1		0	72	322
29	29	0	0	3/4	1	1	1/4		1/4	1		4	64	333
29	29	1/8	1/8	3/4	2	2	1/8		1/8	1		6	54	341
29	29	1/8	1/8	3/4	2	1	1/8		1/8	1		0	60	337
29	29	1/4	1/4	3/4	1	1	1/8		1/8	1		9	63	334
29	29	3/8	3/8	3/4	2	2	1/8		1/8	1		-1	53	342
29	29	3/8	3/8	3/4	2	1	1/8		1/8	1		0	60	338
29	29	3/8	3/8	3/4	1	1	1/4		1/4	1		3	69	335
29	29	1/2	1/2	3/4	2	2	1/8		1/8	1		-1	53	343
29	29	1/2	1/2	3/4	2	1	1/8		1/8	1		0	60	339
29	29	5/8	5/8	3/4	2	2	1/8		1/8	1		4	52	344
29	29	5/8	5/8	3/4	2	1	1/8		1/8	1		0	60	340
29	29	5/8	5/8	3/4	1	1	1/8		1/8	1		3	81	336
30	30	0	0	3/4	2	2	1/8		1/8	1		9	51	362
30	30	0	0	3/4	2	1	1/8		1/8	1		5	59	357
30	30	0	0	3/4	1	2	3/16		1/8	3/2		6	78	351
30	30	0	0	3/4	1	1	3/16		1/8	3/2		3	81	345
30	30	1/8	1/8	3/4	2	2	1/8		1/8	1		9	51	363
30	30	1/8	1/8	3/4	2	1	1/8		1/8	1		5	59	358
30	30	3/16	3/16	3/4	1	2	1/32		1/32	1		1	79	352
30	30	3/16	3/16	3/4	1	1	1/32		1/32	1		5	83	346
30	30	7/32	7/32	3/4	1	2	1/32		1/32	1		3	81	353
30	30	7/32	7/32	3/4	1	1	1/32		1/32	1		0	84	347
30	30	1/4	1/4	3/4	1	2	1/8		1/8	1		3	81	354
30	30	1/4	1/4	3/4	1	1	1/8		1/8	1		0	84	348
30	30	3/8	3/8	3/4	2	1	1/8		1/8	1		9	63	359
30	30	3/8	3/8	3/4	1	2	1/8		1/8	1		3	81	355
30	30	3/8	3/8	3/4	1	1	1/8		1/8	1		0	84	349
30	30	1/2	1/2	3/4	2	1	1/8		1/8	1		9	63	360
30	30	5/8	5/8	3/4	2	1	1/8		1/8	1		9	63	361
30	30	11/16	11/16	3/4	1	2	1/16		1/16	1		3	81	356
30	30	11/16	11/16	3/4	1	1	1/16		1/16	1		0	84	350
31	31	0	0	3/4	2	1	1/8		1/8	1		4	64	374
31	31	0	0	3/4	1	2	1/4		1/4	1		3	81	369
31	31	0	0	3/4	1	1	1/4		1/4	1		0	84	364
31	31	1/8	1/8	3/4	2	1	1/8		1/8	1		4	52	375
31	31	1/4	1/4	3/4	1	2	1/8		1/8	1		8	80	370
31	31	1/4	1/4	3/4	1	1	1/8		1/8	1		5	83	365
31	31	3/8	3/8	3/4	1	2	1/8		1/8	1		-1	77	371
31	31	3/8	3/8	3/4	1	1	1/8		1/8	1		2	86	366
31	31	1/2	1/2	3/4	1	2	1/8		1/8	1		4	76	372
31	31	1/2	1/2	3/4	1	1	1/8		1/8	1		0	84	367
31	31	5/8	5/8	3/4	2	1	1/8		1/8	1		4	64	376
31	31	5/8	5/8	3/4	1	2	1/8		1/8	1		2	74	373
31	31	5/8	5/8	3/4	1	1	1/8		1/8	1		5	83	368
32	32	0	0	3/4	1	1	0	appoggiatura	1/8	1		5	83	377
32	32	0	0	3/4	1	2	0	appoggiatura	1/8	1		2	74	380
32	32	0	0	3/4	2	1	1/4		1/4	1		9	63	383
32	32	0	0	3/4	1	2	1/4		1/4	1		0	72	381
32	32	0	0	3/4	1	1	1/4		1/4	1		3	81	378
32	32	1/4	1/4	3/4	2	1	1/4		1/4	1		4	64	384
32	32	1/4	1/4	3/4	1	2	1/4		1/4	1		5	71	382
32	32	1/4	1/4	3/4	1	1	1/4		1/4	1		8	80	379
33	33	0	0	3/4	1	2	1/4		1/4	1		3	69	388
33	33	0	0	3/4	1	1	1/4		1/4	1		0	72	385
33	33	0	0	3/4	1	1	1/4		1/4	1		4	76	385
33	33	1/4	1/4	3/4	1	2	1/4		1/4	1		8	68	389
33	33	1/4	1/4	3/4	1	1	1/4		1/4	1		2	74	386
33	33	1/4	1/4	3/4	1	1	1/4		1/4	1		-1	77	386
33	33	11/16	11/16	3/4	1	2	1/16		1/16	1		8	68	390
33	33	11/16	11/16	3/4	1	1	1/16		1/16	1		2	74	387
33	33	11/16	11/16	3/4	1	1	1/16		1/16	1		-1	77	387
34	34	0	0	3/4	1	1	0	grace16	1/16	1		4	76	391
34	34	0	0	3/4	1	1	0	grace32	1/32	1		1	79	392
34	34	0	0	3/4	1	2	1/4		1/4	1		3	69	396
34	34	0	0	3/4	1	1	1/4		1/4	1		2	74	393
34	34	0	0	3/4	1	1	1/4		1/4	1		-1	77	393
34	34	1/4	1/4	3/4	2	1	1/4		1/4	1		3	57	397
34	34	1/4	1/4	3/4	1	1	1/4		1/4	1		0	72	394
34	34	1/4	1/4	3/4	1	1	1/4		1/4	1		4	76	394
34	34	11/16	11/16	3/4	1	1	1/16		1/16	1		3	81	395
35	35	0	0	3/4	1	1	1/4		1/4	1		0	72	398
35	35	1/8	1/8	3/4	1	2	1/8		1/8	1		2	62	401
35	35	1/8	1/8	3/4	1	2	1/8		1/8	1		3	69	401
35	35	1/4	1/4	3/4	1	2	1/8		1/8	1		2	62	402
35	35	1/4	1/4	3/4	1	2	1/8		1/8	1		3	69	402
35	35	1/4	1/4	3/4	1	1	1/4		1/4	1		5	71	399
35	35	3/8	3/8	3/4	1	2	1/8		1/8	1		2	62	403
35	35	3/8	3/8	3/4	1	2	1/8		1/8	1		3	69	403
35	35	1/2	1/2	3/4	1	2	1/8		1/8	1		4	64	404
35	35	1/2	1/2	3/4	1	2	1/8		1/8	1		1	67	404
35	35	5/8	5/8	3/4	1	2	1/8		1/8	1		2	62	405
35	35	5/8	5/8	3/4	1	2	1/8		1/8	1		1	67	405
35	35	11/16	11/16	3/4	1	1	1/16		1/16	1		1	79	400
36	36	0	0	3/4	1	1	1/4		1/4	1		-2	70	406
36	36	1/8	1/8	3/4	1	2	1/8		1/8	1		7	61	409
36	36	1/8	1/8	3/4	1	2	1/8		1/8	1		1	67	409
36	36	1/4	1/4	3/4	1	2	1/8		1/8	1		7	61	410
36	36	1/4	1/4	3/4	1	2	1/8		1/8	1		1	67	410
36	36	1/4	1/4	3/4	1	1	1/4		1/4	1		3	69	407
36	36	3/8	3/8	3/4	1	2	1/8		1/8	1		7	61	411
36	36	3/8	3/8	3/4	1	2	1/8		1/8	1		1	67	411
36	36	1/2	1/2	3/4	1	2	1/8		1/8	1		2	62	412
36	36	1/2	1/2	3/4	1	2	1/8		1/8	1		-1	65	412
36	36	5/8	5/8	3/4	1	2	1/8		1/8	1		0	60	413
36	36	5/8	5/8	3/4	1	2	1/8		1/8	1		-1	65	413
36	36	11/16	11/16	3/4	1	1	1/16		1/16	1		-1	77	408
37	37	0	0	3/4	1	1	1/4		1/4	1		3	69	414
37	37	1/8	1/8	3/4	2	1	1/8		1/8	1		5	59	422
37	37	1/8	1/8	3/4	1	2	1/8		1/8	1		6	66	418
37	37	1/4	1/4	3/4	2	1	1/8		1/8	1		5	59	423
37	37	1/4	1/4	3/4	1	2	1/8		1/8	1		2	62	419
37	37	1/4	1/4	3/4	1	1	1/8		1/8	1		1	67	415
37	37	3/8	3/8	3/4	2	1	1/8		1/8	1		3	57	424
37	37	3/8	3/8	3/4	1	2	1/4		1/4	1		2	74	420
37	37	3/8	3/8	3/4	1	1	1/4		1/4	1		-1	77	416
37	37	1/2	1/2	3/4	2	1	1/4		1/4	1		8	56	425
37	37	5/8	5/8	3/4	1	2	1/8		1/8	1		0	72	421
37	37	5/8	5/8	3/4	1	1	1/8		1/8	1		4	76	417
38	38	0	0	3/4	1	1	0	appoggiatura	1/8	1		2	74	426
38	38	0	0	3/4	1	2	0	appoggiatura	1/8	1		5	71	429
38	38	0	0	3/4	2	1	1/4		1/4	1		3	57	432
38	38	0	0	3/4	1	2	1/4		1/4	1		3	69	430
38	38	0	0	3/4	1	1	1/4		1/4	1		0	72	427
38	38	1/4	1/4	3/4	2	1	1/8		1/8	1		4	52	433
38	38	1/4	1/4	3/4	1	2	1/4		1/4	1		8	68	431
38	38	1/4	1/4	3/4	1	1	1/4		1/4	1		5	71	428
38	38	3/8	3/8	3/4	2	1	1/8		1/8	1		4	40	434
38	38	1/2	1/2	3/4	2	1	1/8		1/8	1		8	44	435
38	38	5/8	5/8	3/4	2	1	1/8		1/8	1		5	47	436
39	39	0	0	3/4	2	1	1/8		1/8	1		4	52	452
39	39	0	0	3/4	1	1	3/16		1/8	3/2		4	64	437
39	39	1/8	1/8	3/4	2	1	1/8		1/8	1		4	40	453
39	39	3/16	3/16	3/4	1	1	1/32		1/32	1		6	66	438
39	39	7/32	7/32	3/4	1	1	1/32		1/32	1		8	68	439
39	39	1/4	1/4	3/4	1	2	3/16		1/8	3/2		4	64	446
39	39	1/4	1/4	3/4	1	1	3/16		1/8	3/2		8	68	440
39	39	3/8	3/8	3/4	2	1	1/8		1/8	1		4	40	454
39	39	7/16	7/16	3/4	1	2	1/32		1/32	1		6	66	447
39	39	7/16	7/16	3/4	1	1	1/32		1/32	1		3	69	441
39	39	15/32	15/32	3/4	1	2	1/32		1/32	1		8	68	448
39	39	15/32	15/32	3/4	1	1	1/32		1/32	1		5	71	442
39	39	1/2	1/2	3/4	1	2	3/16		1/8	3/2		8	68	449
39	39	1/2	1/2	3/4	1	1	3/16		1/8	3/2		5	71	443
39	39	5/8	5/8	3/4	2	1	1/8		1/8	1		4	40	455
39	39	11/16	11/16	3/4	1	2	1/32		1/32	1		3	69	450
39	39	11/16	11/16	3/4	1	1	1/32		1/32	1		0	72	444
39	39	23/32	23/32	3/4	1	2	1/32		1/32	1		5	71	451
39	39	23/32	23/32	3/4	1	1	1/32		1/32	1		2	74	445
40	40	0	0	3/4	1	2	1/16		1/16	1		5	71	464
40	40	0	0	3/4	1	1	1/16		1/16	1		2	74	456
40	40	1/16	1/16	3/4	1	2	1/32		1/32	1		0	72	465
40	40	1/16	1/16	3/4	1	1	1/32		1/32	1		4	76	457
40	40	3/32	3/32	3/4	1	2	1/32		1/32	1		2	74	466
40	40	3/32	3/32	3/4	1	1	1/32		1/32	1		-1	77	458
40	40	1/8	1/8	3/4	1	2	1/16		1/16	1		2	74	467
40	40	1/8	1/8	3/4	1	1	1/16		1/16	1		-1	77	459
40	40	3/16	3/16	3/4	1	2	1/16		1/16	1		2	74	468
40	40	3/16	3/16	3/4	1	1	1/16		1/16	1		-1	77	460
40	40	1/4	1/4	3/4	2	1	1/8		1/8	1		8	56	472
40	40	5/16	5/16	3/4	1	2	1/16		1/16	1		2	74	469
40	40	5/16	5/16	3/4	1	1	1/16		1/16	1		-1	77	461
40	40	3/8	3/8	3/4	2	1	1/8		1/8	1		8	56	473
40	40	7/16	7/16	3/4	1	2	1/16		1/16	1		2	74	470
40	40	7/16	7/16	3/4	1	1	1/16		1/16	1		-1	77	462
40	40	1/2	1/2	3/4	2	1	1/8		1/8	1		8	56	474
40	40	1/2	1/2	3/4	1	2	1/4		1/4	1		2	74	471
40	40	1/2	1/2	3/4	1	1	1/4		1/4	1		-1	77	463
40	40	5/8	5/8	3/4	2	1	1/8		1/8	1		8	56	475
41	41	0	0	3/4	2	1	1/8		1/8	1		3	57	489
41	41	0	0	3/4	1	2	1/8		1/8	1		0	72	482
41	41	0	0	3/4	1	1	1/8		1/8	1		4	76	476
41	41	1/8	1/8	3/4	2	1	1/8		1/8	1		2	62	490
41	41	1/8	1/8	3/4	1	2	1/16		1/16	1		2	74	483
41	41	1/8	1/8	3/4	1	1	1/16		1/16	1		-1	77	477
41	41	3/16	3/16	3/4	1	2	1/16		1/16	1		5	71	484
41	41	3/16	3/16	3/4	1	1	1/16		1/16	1		2	74	478
41	41	1/4	1/4	3/4	2	1	1/8		1/8	1		4	64	491
41	41	1/4	1/4	3/4	1	2	1/8		1/8	1		3	69	485
41	41	1/4	1/4	3/4	1	1	1/4		1/4	1		0	72	479
41	41	3/8	3/8	3/4	2	1	1/8		1/8	1		4	64	492
41	41	3/8	3/8	3/4	1	2	1/8		1/8	1		3	69	486
41	41	1/2	1/2	3/4	2	1	1/8		1/8	1		4	64	493
41	41	1/2	1/2	3/4	1	2	1/8		1/8	1		3	69	487
41	41	1/2	1/2	3/4	1	1	3/16		1/8	3/2		5	71	480
41	41	5/8	5/8	3/4	2	1	1/8		1/8	1		4	64	494
41	41	5/8	5/8	3/4	1	2	1/8		1/8	1		1	67	488
41	41	11/16	11/16	3/4	1	1	1/16		1/16	1		7	73	481
42	42	0	0	3/4	2	1	1/2		1/2	1	1	-1	65	503
42	42	0	0	3/4	1	2	1/2		1/2	1	1	3	69	500
42	42	0	0	3/4	1	1	1/2		1/2	1	1	7	73	495
42	42	1/2	1/2	3/4	2	1	1/8		1/8	1	-1	-1	65	504
42	42	1/2	1/2	3/4	1	2	1/8		1/8	1	-1	3	69	501
42	42	1/2	1/2	3/4	1	1	1/16		1/16	1	-1	7	73	496
42	42	9/16	9/16	3/4	1	1	1/16		1/16	1		2	74	497
42	42	5/8	5/8	3/4	2	1	1/8		1/8	1		2	62	505
42	42	5/8	5/8	3/4	1	2	1/8		1/8	1		5	71	502
42	42	5/8	5/8	3/4	1	1	3/32		1/16	3/2		-1	77	498
42	42	23/32	23/32	3/4	1	1	1/32		1/32	1		8	80	499
43	43	0	0	3/4	2	1	1/8		1/8	1		0	60	514
43	43	0	0	3/4	1	2	1/2		1/2	1		3	69	512
43	43	0	0	3/4	1	1	1/16		1/16	1		3	81	506
43	43	1/16	1/16	3/4	1	1	1/16		1/16	1		4	76	507
43	43	1/8	1/8	3/4	2	1	1/8		1/8	1		2	62	515
43	43	1/8	1/8	3/4	1	1	1/16		1/16	1		-1	77	508
43	43	3/16	3/16	3/4	1	1	1/16		1/16	1		2	74	509
43	43	1/4	1/4	3/4	1	1	0	grace4	1/4	1		0	72	510
43	43	1/4	1/4	3/4	2	1	1/4		1/4	1		4	64	516
43	43	1/4	1/4	3/4	1	1	1/2		1/2	1		5	71	511
43	43	1/2	1/2	3/4	2	1	1/4		1/4	1		4	52	517
43	43	1/2	1/2	3/4	1	2	1/4		1/4	1		8	68	513
44	44	0	0	3/4	2	1	1/2		1/2	1		3	57	519
44	44	0	0	3/4	1	1	1/2		1/2	1		3	69	518
