mc	mn	quarterbeats	quarterbeats_all_endings	duration_qb	volta	mc_onset	mn_onset	timesig	staff	voice	duration	gracenote	nominal_duration	scalar	tied	tpc	midi	name	octave	chord_id
1	1	0	0	1.0		0	0	4/4	2	2	1/4		1/4	1		0	60	C4	4	10
1	1	0	0	1.0		0	0	4/4	2	1	1/4		1/4	1		4	64	E4	4	6
1	1	0	0	0.25		0	0	4/4	1	1	1/16		1/16	1		1	79	G5	5	0
1	1	1/4	1/4	0.25		1/16	1/16	4/4	1	1	1/16		1/16	1		4	76	E5	5	1
1	1	1/2	1/2	0.25		1/8	1/8	4/4	1	1	1/16		1/16	1		2	74	D5	5	2
1	1	3/4	3/4	0.25		3/16	3/16	4/4	1	1	1/16		1/16	1		0	72	C5	5	3
1	1	1	1	1.0		1/4	1/4	4/4	2	2	1/4		1/4	1		2	62	D4	4	11
1	1	1	1	1.0		1/4	1/4	4/4	2	1	1/4		1/4	1		-1	65	F4	4	7
1	1	1	1	2.0		1/4	1/4	4/4	1	1	1/2		1/2	1		5	71	B4	4	4
1	1	2	2	1.0		1/2	1/2	4/4	2	2	1/4		1/4	1		2	62	D4	4	12
1	1	2	2	1.0		1/2	1/2	4/4	2	1	1/4		1/4	1		-1	65	F4	4	8
1	1	3	3	1.0		3/4	3/4	4/4	2	2	1/4		1/4	1		4	64	E4	4	13
1	1	3	3	1.0		3/4	3/4	4/4	2	1	1/4		1/4	1		1	67	G4	4	9
1	1	3	3	1.0		3/4	3/4	4/4	1	1	1/4		1/4	1		0	72	C5	5	5
2	2	4	4	0.25		0	0	4/4	1	1	1/16		1/16	1		1	79	G5	5	14
2	2	17/4	17/4	0.25		1/16	1/16	4/4	1	1	1/16		1/16	1		4	76	E5	5	15
2	2	9/2	9/2	0.25		1/8	1/8	4/4	1	1	1/16		1/16	1		2	74	D5	5	16
2	2	19/4	19/4	0.25		3/16	3/16	4/4	1	1	1/16		1/16	1		0	72	C5	5	17
2	2	5	5	1.0		1/4	1/4	4/4	2	1	1/4		1/4	1		4	64	E4	4	22
2	2	5	5	0.25		1/4	1/4	4/4	1	1	1/16		1/16	1		-2	70	Bb4	4	18
2	2	21/4	21/4	0.25		5/16	5/16	4/4	1	1	1/16		1/16	1		3	69	A4	4	19
2	2	11/2	11/2	0.25		3/8	3/8	4/4	1	1	1/16		1/16	1		8	68	G#4	4	20
2	2	23/4	23/4	0.25		7/16	7/16	4/4	1	1	1/16		1/16	1		3	69	A4	4	21
2	2	6	6	1.0		1/2	1/2	4/4	2	1	1/4		1/4	1		-1	65	F4	4	23
2	2	7	7	1.0		3/4	3/4	4/4	2	1	1/4		1/4	1		-1	53	F3	3	24
3	3	8	8	0.25		0	0	4/4	1	1	1/16		1/16	1		3	81	A5	5	25
3	3	33/4	33/4	0.25		1/16	1/16	4/4	1	1	1/16		1/16	1		-1	77	F5	5	26
3	3	17/2	17/2	0.25		1/8	1/8	4/4	1	1	1/16		1/16	1		4	76	E5	5	27
3	3	35/4	35/4	0.25		3/16	3/16	4/4	1	1	1/16		1/16	1		2	74	D5	5	28
3	3	9	9	1.0		1/4	1/4	4/4	2	2	1/4		1/4	1		-1	65	F4	4	35
3	3	9	9	1.0		1/4	1/4	4/4	2	1	1/4		1/4	1		3	69	A4	4	32
3	3	9	9	2.0		1/4	1/4	4/4	1	1	1/2		1/2	1		0	72	C5	5	29
3	3	10	10	1.0		1/2	1/2	4/4	2	1	1/4		1/4	1		-1	65	F4	4	33
3	3	10	10	1.0		1/2	1/2	4/4	2	2	1/4		1/4	1		-1	65	F4	4	36
3	3	10	10	1.0		1/2	1/2	4/4	2	1	1/4		1/4	1		3	69	A4	4	33
3	3	11	11	1.0		3/4	3/4	4/4	2	1	1/4		1/4	1		1	67	G4	4	34
3	3	11	11	1.0		3/4	3/4	4/4	2	2	1/4		1/4	1		1	67	G4	4	37
3	3	11	11	0.75		3/4	3/4	4/4	1	1	3/16		1/8	3/2		5	71	B4	4	30
3	3	47/4	47/4	0.25		15/16	15/16	4/4	1	1	1/16		1/16	1		7	73	C#5	5	31
4	4	12	12	0.25		0	0	4/4	1	1	1/16		1/16	1		2	74	D5	5	38
4	4	49/4	49/4	0.25		1/16	1/16	4/4	1	1	1/16		1/16	1		5	71	B4	4	39
4	4	25/2	25/2	0.25		1/8	1/8	4/4	1	1	1/16		1/16	1		3	69	A4	4	40
4	4	51/4	51/4	0.25		3/16	3/16	4/4	1	1	1/16		1/16	1		1	67	G4	4	41
4	4	13	13	1.0		1/4	1/4	4/4	2	1	1/4		1/4	1		5	59	B3	3	46
4	4	13	13	0.25		1/4	1/4	4/4	1	1	1/16		1/16	1		-1	65	F4	4	42
4	4	53/4	53/4	0.25		5/16	5/16	4/4	1	1	1/16		1/16	1		4	64	E4	4	43
4	4	27/2	27/2	0.25		3/8	3/8	4/4	1	1	1/16		1/16	1		9	63	D#4	4	44
4	4	55/4	55/4	0.25		7/16	7/16	4/4	1	1	1/16		1/16	1		4	64	E4	4	45
4	4	14	14	1.0		1/2	1/2	4/4	2	1	1/4		1/4	1		0	60	C4	4	47
4	4	15	15	1.0		3/4	3/4	4/4	2	1	1/4		1/4	1		0	48	C3	3	48
5	5	16	16	0.25		0	0	4/4	1	1	1/16		1/16	1		0	60	C4	4	49
5	5	65/4	65/4	0.25		1/16	1/16	4/4	1	1	1/16		1/16	1		1	67	G4	4	50
5	5	33/2	33/2	0.25		1/8	1/8	4/4	1	1	1/16		1/16	1		4	64	E4	4	51
5	5	67/4	67/4	0.25		3/16	3/16	4/4	1	1	1/16		1/16	1		0	72	C5	5	52
5	5	17	17	0.25		1/4	1/4	4/4	1	1	1/16		1/16	1		0	60	C4	4	53
5	5	69/4	69/4	0.25		5/16	5/16	4/4	1	1	1/16		1/16	1		1	67	G4	4	54
5	5	35/2	35/2	0.25		3/8	3/8	4/4	1	1	1/16		1/16	1		4	64	E4	4	55
5	5	71/4	71/4	0.25		7/16	7/16	4/4	1	1	1/16		1/16	1		4	76	E5	5	56
5	5	18	18	0.25		1/2	1/2	4/4	1	1	1/16		1/16	1		0	60	C4	4	57
5	5	73/4	73/4	0.25		9/16	9/16	4/4	1	1	1/16		1/16	1		1	67	G4	4	58
5	5	37/2	37/2	0.25		5/8	5/8	4/4	1	1	1/16		1/16	1		4	64	E4	4	59
5	5	75/4	75/4	0.25		11/16	11/16	4/4	1	1	1/16		1/16	1		1	79	G5	5	60
5	5	19	19	0.25		3/4	3/4	4/4	1	1	1/16		1/16	1		0	60	C4	4	61
5	5	77/4	77/4	0.25		13/16	13/16	4/4	1	1	1/16		1/16	1		1	67	G4	4	62
5	5	39/2	39/2	0.25		7/8	7/8	4/4	1	1	1/16		1/16	1		4	64	E4	4	63
5	5	79/4	79/4	0.25		15/16	15/16	4/4	1	1	1/16		1/16	1		4	76	E5	5	64
6	6	20	20	0.25		0	0	4/4	1	1	1/16		1/16	1		2	62	D4	4	65
6	6	81/4	81/4	0.25		1/16	1/16	4/4	1	1	1/16		1/16	1		1	67	G4	4	66
6	6	41/2	41/2	0.25		1/8	1/8	4/4	1	1	1/16		1/16	1		-1	65	F4	4	67
6	6	83/4	83/4	0.25		3/16	3/16	4/4	1	1	1/16		1/16	1		5	71	B4	4	68
6	6	21	21	0.25		1/4	1/4	4/4	1	1	1/16		1/16	1		5	59	B3	3	69
6	6	85/4	85/4	0.25		5/16	5/16	4/4	1	1	1/16		1/16	1		1	67	G4	4	70
6	6	43/2	43/2	0.25		3/8	3/8	4/4	1	1	1/16		1/16	1		-1	65	F4	4	71
6	6	87/4	87/4	0.25		7/16	7/16	4/4	1	1	1/16		1/16	1		2	74	D5	5	72
6	6	22	22	0.25		1/2	1/2	4/4	1	1	1/16		1/16	1		5	59	B3	3	73
6	6	89/4	89/4	0.25		9/16	9/16	4/4	1	1	1/16		1/16	1		1	67	G4	4	74
6	6	45/2	45/2	0.25		5/8	5/8	4/4	1	1	1/16		1/16	1		-1	65	F4	4	75
6	6	91/4	91/4	0.25		11/16	11/16	4/4	1	1	1/16		1/16	1		-1	77	F5	5	76
6	6	23	23	0.25		3/4	3/4	4/4	1	1	1/16		1/16	1		5	59	B3	3	77
6	6	93/4	93/4	0.25		13/16	13/16	4/4	1	1	1/16		1/16	1		1	67	G4	4	78
6	6	47/2	47/2	0.25		7/8	7/8	4/4	1	1	1/16		1/16	1		-1	65	F4	4	79
6	6	95/4	95/4	0.25		15/16	15/16	4/4	1	1	1/16		1/16	1		2	74	D5	5	80
7	7	24	24	0.25		0	0	4/4	1	1	1/16		1/16	1		0	60	C4	4	81
7	7	97/4	97/4	0.25		1/16	1/16	4/4	1	1	1/16		1/16	1		1	67	G4	4	82
7	7	49/2	49/2	0.25		1/8	1/8	4/4	1	1	1/16		1/16	1		4	64	E4	4	83
7	7	99/4	99/4	0.25		3/16	3/16	4/4	1	1	1/16		1/16	1		0	72	C5	5	84
7	7	25	25	0.25		1/4	1/4	4/4	1	1	1/16		1/16	1		0	60	C4	4	85
7	7	101/4	101/4	0.25		5/16	5/16	4/4	1	1	1/16		1/16	1		1	67	G4	4	86
7	7	51/2	51/2	0.25		3/8	3/8	4/4	1	1	1/16		1/16	1		4	64	E4	4	87
7	7	103/4	103/4	0.25		7/16	7/16	4/4	1	1	1/16		1/16	1		4	76	E5	5	88
7	7	26	26	0.25		1/2	1/2	4/4	1	1	1/16		1/16	1		0	60	C4	4	89
7	7	26	26	0.25		1/2	1/2	4/4	1	1	1/16		1/16	1		4	64	E4	4	89
7	7	105/4	105/4	0.25		9/16	9/16	4/4	1	1	1/16		1/16	1		1	67	G4	4	90
7	7	53/2	53/2	0.25		5/8	5/8	4/4	1	1	1/16		1/16	1		0	72	C5	5	91
7	7	107/4	107/4	0.25		11/16	11/16	4/4	1	1	1/16		1/16	1		4	76	E5	5	92
7	7	27	27	0.25		3/4	3/4	4/4	1	1	1/16		1/16	1		1	79	G5	5	93
7	7	109/4	109/4	0.25		13/16	13/16	4/4	1	1	1/16		1/16	1		4	76	E5	5	94
7	7	55/2	55/2	0.25		7/8	7/8	4/4	1	1	1/16		1/16	1		0	72	C5	5	95
7	7	111/4	111/4	0.25		15/16	15/16	4/4	1	1	1/16		1/16	1		1	67	G4	4	96
8	8	28	28	0.25		0	0	4/4	1	1	1/16		1/16	1		2	62	D4	4	97
8	8	113/4	113/4	0.25		1/16	1/16	4/4	1	1	1/16		1/16	1		1	67	G4	4	98
8	8	57/2	57/2	0.25		1/8	1/8	4/4	1	1	1/16		1/16	1		-1	65	F4	4	99
8	8	115/4	115/4	0.25		3/16	3/16	4/4	1	1	1/16		1/16	1		5	71	B4	4	100
8	8	29	29	0.25		1/4	1/4	4/4	1	1	1/16		1/16	1		5	59	B3	3	101
8	8	117/4	117/4	0.25		5/16	5/16	4/4	1	1	1/16		1/16	1		1	67	G4	4	102
8	8	59/2	59/2	0.25		3/8	3/8	4/4	1	1	1/16		1/16	1		-1	65	F4	4	103
8	8	119/4	119/4	0.25		7/16	7/16	4/4	1	1	1/16		1/16	1		2	74	D5	5	104
8	8	30	30	0.25		1/2	1/2	4/4	1	1	1/16		1/16	1		5	59	B3	3	105
8	8	30	30	0.25		1/2	1/2	4/4	1	1	1/16		1/16	1		2	62	D4	4	105
8	8	30	30	0.25		1/2	1/2	4/4	1	1	1/16		1/16	1		-1	65	F4	4	105
8	8	121/4	121/4	0.25		9/16	9/16	4/4	1	1	1/16		1/16	1		1	67	G4	4	106
8	8	61/2	61/2	0.25		5/8	5/8	4/4	1	1	1/16		1/16	1		5	71	B4	4	107
8	8	123/4	123/4	0.25		11/16	11/16	4/4	1	1	1/16		1/16	1		2	74	D5	5	108
8	8	31	31	0.25		3/4	3/4	4/4	1	1	1/16		1/16	1		1	79	G5	5	109
8	8	125/4	125/4	0.25		13/16	13/16	4/4	1	1	1/16		1/16	1		2	74	D5	5	110
8	8	63/2	63/2	0.25		7/8	7/8	4/4	1	1	1/16		1/16	1		5	71	B4	4	111
8	8	127/4	127/4	0.25		15/16	15/16	4/4	1	1	1/16		1/16	1		1	67	G4	4	112
9	9	32	32	0.25		0	0	4/4	2	1	1/16		1/16	1		3	57	A3	3	126
9	9	129/4	129/4	0.25		1/16	1/16	4/4	2	1	1/16		1/16	1		0	60	C4	4	127
9	9	65/2	65/2	0.25		1/8	1/8	4/4	2	1	1/16		1/16	1		6	66	F#4	4	128
9	9	131/4	131/4	0.25		3/16	3/16	4/4	2	1	1/16		1/16	1		3	69	A4	4	129
9	9	33	33	0.25		1/4	1/4	4/4	1	1	1/16		1/16	1		0	72	C5	5	113
9	9	133/4	133/4	0.25		5/16	5/16	4/4	1	1	1/16		1/16	1		6	78	F#5	5	114
9	9	67/2	67/2	0.25		3/8	3/8	4/4	1	1	1/16		1/16	1		3	81	A5	5	115
9	9	135/4	135/4	0.25		7/16	7/16	4/4	1	1	1/16		1/16	1		0	84	C6	6	116
9	9	34	34	0.25		1/2	1/2	4/4	1	1	1/16		1/16	1		5	83	B5	5	117
9	9	137/4	137/4	0.25		9/16	9/16	4/4	1	1	1/16		1/16	1		3	81	A5	5	118
9	9	69/2	69/2	0.25		5/8	5/8	4/4	1	1	1/16		1/16	1		1	79	G5	5	119
9	9	139/4	139/4	0.25		11/16	11/16	4/4	1	1	1/16		1/16	1		6	78	F#5	5	120
9	9	35	35	0.5		3/4	3/4	4/4	1	2	1/8		1/8	1		6	66	F#4	4	125
9	9	35	35	0.25		3/4	3/4	4/4	1	1	1/16		1/16	1		4	76	E5	5	121
9	9	141/4	141/4	0.25		13/16	13/16	4/4	1	1	1/16		1/16	1		2	74	D5	5	122
9	9	71/2	71/2	0.25		7/8	7/8	4/4	1	1	1/16		1/16	1		3	81	A5	5	123
9	9	143/4	143/4	0.25		15/16	15/16	4/4	1	1	1/16		1/16	1		0	72	C5	5	124
10	10	36	36	0.25		0	0	4/4	2	1	1/16		1/16	1		1	55	G3	3	143
10	10	36	36	0.5		0	0	4/4	1	2	1/8		1/8	1		5	71	B4	4	142
10	10	145/4	145/4	0.25		1/16	1/16	4/4	2	1	1/16		1/16	1		5	59	B3	3	144
10	10	73/2	73/2	0.25		1/8	1/8	4/4	2	1	1/16		1/16	1		2	62	D4	4	145
10	10	147/4	147/4	0.25		3/16	3/16	4/4	2	1	1/16		1/16	1		-1	65	F4	4	146
10	10	37	37	0.25		1/4	1/4	4/4	1	1	1/16		1/16	1		1	67	G4	4	130
10	10	149/4	149/4	0.25		5/16	5/16	4/4	1	1	1/16		1/16	1		5	71	B4	4	131
10	10	75/2	75/2	0.25		3/8	3/8	4/4	1	1	1/16		1/16	1		2	74	D5	5	132
10	10	151/4	151/4	0.25		7/16	7/16	4/4	1	1	1/16		1/16	1		-1	77	F5	5	133
10	10	38	38	0.25		1/2	1/2	4/4	1	1	1/16		1/16	1		4	76	E5	5	134
10	10	153/4	153/4	0.25		9/16	9/16	4/4	1	1	1/16		1/16	1		2	74	D5	5	135
10	10	77/2	77/2	0.25		5/8	5/8	4/4	1	1	1/16		1/16	1		0	72	C5	5	136
10	10	155/4	155/4	0.25		11/16	11/16	4/4	1	1	1/16		1/16	1		5	71	B4	4	137
10	10	39	39	0.5		3/4	3/4	4/4	2	1	1/8		1/8	1		5	59	B3	3	147
10	10	39	39	0.25		3/4	3/4	4/4	1	1	1/16		1/16	1		3	69	A4	4	138
10	10	157/4	157/4	0.25		13/16	13/16	4/4	1	1	1/16		1/16	1		1	67	G4	4	139
10	10	79/2	79/2	0.25		7/8	7/8	4/4	1	1	1/16		1/16	1		2	74	D5	5	140
10	10	159/4	159/4	0.25		15/16	15/16	4/4	1	1	1/16		1/16	1		-1	65	F4	4	141
11	11	40	40	0.5		0	0	4/4	2	1	1/8		1/8	1		0	60	C4	4	164
11	11	40	40	0.25		0	0	4/4	1	1	1/16		1/16	1		4	64	E4	4	148
11	11	161/4	161/4	0.25		1/16	1/16	4/4	1	1	1/16		1/16	1		4	76	E5	5	149
11	11	81/2	81/2	0.25		1/8	1/8	4/4	1	1	1/16		1/16	1		9	75	D#5	5	150
11	11	163/4	163/4	0.25		3/16	3/16	4/4	1	1	1/16		1/16	1		4	76	E5	5	151
11	11	41	41	0.25		1/4	1/4	4/4	1	1	1/16		1/16	1		2	74	D5	5	152
11	11	165/4	165/4	0.25		5/16	5/16	4/4	1	1	1/16		1/16	1		0	72	C5	5	153
11	11	83/2	83/2	0.25		3/8	3/8	4/4	1	1	1/16		1/16	1		5	71	B4	4	154
11	11	167/4	167/4	0.25		7/16	7/16	4/4	1	1	1/16		1/16	1		3	69	A4	4	155
11	11	42	42	0.5		1/2	1/2	4/4	2	1	1/8		1/8	1		0	60	C4	4	165
11	11	42	42	0.5		1/2	1/2	4/4	2	1	1/8		1/8	1		4	64	E4	4	165
11	11	42	42	0.5		1/2	1/2	4/4	1	2	1/8		1/8	1		3	69	A4	4	163
11	11	169/4	169/4	0.25		9/16	9/16	4/4	1	1	1/16		1/16	1		4	76	E5	5	156
11	11	85/2	85/2	0.25		5/8	5/8	4/4	1	1	1/16		1/16	1		9	75	D#5	5	157
11	11	171/4	171/4	0.25		11/16	11/16	4/4	1	1	1/16		1/16	1		4	76	E5	5	158
11	11	43	43	0.25		3/4	3/4	4/4	1	1	1/16		1/16	1		2	74	D5	5	159
11	11	173/4	173/4	0.25		13/16	13/16	4/4	1	1	1/16		1/16	1		0	72	C5	5	160
11	11	87/2	87/2	0.25		7/8	7/8	4/4	1	1	1/16		1/16	1		5	71	B4	4	161
11	11	175/4	175/4	0.25		15/16	15/16	4/4	1	1	1/16		1/16	1		3	69	A4	4	162
12	12	44	44	0.5		0	0	4/4	2	1	1/8		1/8	1		7	61	C#4	4	180
12	12	44	44	0.5		0	0	4/4	2	1	1/8		1/8	1		4	64	E4	4	180
12	12	177/4	177/4	0.25		1/16	1/16	4/4	1	1	1/16		1/16	1		1	67	G4	4	166
12	12	89/2	89/2	0.25		1/8	1/8	4/4	1	1	1/16		1/16	1		6	66	F#4	4	167
12	12	179/4	179/4	0.25		3/16	3/16	4/4	1	1	1/16		1/16	1		1	67	G4	4	168
12	12	45	45	0.25		1/4	1/4	4/4	1	1	1/16		1/16	1		1	79	G5	5	169
12	12	181/4	181/4	0.25		5/16	5/16	4/4	1	1	1/16		1/16	1		4	76	E5	5	170
12	12	91/2	91/2	0.25		3/8	3/8	4/4	1	1	1/16		1/16	1		7	73	C#5	5	171
12	12	183/4	183/4	0.25		7/16	7/16	4/4	1	1	1/16		1/16	1		3	69	A4	4	172
12	12	46	46	0.5		1/2	1/2	4/4	2	1	1/8		1/8	1		7	61	C#4	4	181
12	12	46	46	0.5		1/2	1/2	4/4	2	1	1/8		1/8	1		4	64	E4	4	181
12	12	185/4	185/4	0.25		9/16	9/16	4/4	1	1	1/16		1/16	1		1	67	G4	4	173
12	12	93/2	93/2	0.25		5/8	5/8	4/4	1	1	1/16		1/16	1		6	66	F#4	4	174
12	12	187/4	187/4	0.25		11/16	11/16	4/4	1	1	1/16		1/16	1		1	67	G4	4	175
12	12	47	47	0.25		3/4	3/4	4/4	1	1	1/16		1/16	1		4	76	E5	5	176
12	12	189/4	189/4	0.25		13/16	13/16	4/4	1	1	1/16		1/16	1		7	73	C#5	5	177
12	12	95/2	95/2	0.25		7/8	7/8	4/4	1	1	1/16		1/16	1		3	69	A4	4	178
12	12	191/4	191/4	0.25		15/16	15/16	4/4	1	1	1/16		1/16	1		1	67	G4	4	179
13	13	48	48	0.5		0	0	4/4	2	1	1/8		1/8	1		2	50	D3	3	197
13	13	48	48	0.5		0	0	4/4	2	1	1/8		1/8	1		2	62	D4	4	197
13	13	48	48	0.25		0	0	4/4	1	1	1/16		1/16	1		6	66	F#4	4	182
13	13	193/4	193/4	0.25		1/16	1/16	4/4	1	1	1/16		1/16	1		3	69	A4	4	183
13	13	97/2	97/2	0.25		1/8	1/8	4/4	1	1	1/16		1/16	1		8	68	G#4	4	184
13	13	195/4	195/4	0.25		3/16	3/16	4/4	1	1	1/16		1/16	1		3	69	A4	4	185
13	13	49	49	0.25		1/4	1/4	4/4	1	1	1/16		1/16	1		1	67	G4	4	186
13	13	197/4	197/4	0.25		5/16	5/16	4/4	1	1	1/16		1/16	1		6	66	F#4	4	187
13	13	99/2	99/2	0.25		3/8	3/8	4/4	1	1	1/16		1/16	1		4	64	E4	4	188
13	13	199/4	199/4	0.25		7/16	7/16	4/4	1	1	1/16		1/16	1		2	62	D4	4	189
13	13	50	50	0.5		1/2	1/2	4/4	2	1	1/8		1/8	1		2	50	D3	3	198
13	13	50	50	0.5		1/2	1/2	4/4	2	1	1/8		1/8	1		6	54	F#3	3	198
13	13	201/4	201/4	0.25		9/16	9/16	4/4	1	1	1/16		1/16	1		3	69	A4	4	190
13	13	101/2	101/2	0.25		5/8	5/8	4/4	1	1	1/16		1/16	1		8	68	G#4	4	191
13	13	203/4	203/4	0.25		11/16	11/16	4/4	1	1	1/16		1/16	1		3	69	A4	4	192
13	13	51	51	0.25		3/4	3/4	4/4	1	1	1/16		1/16	1		1	67	G4	4	193
13	13	205/4	205/4	0.25		13/16	13/16	4/4	1	1	1/16		1/16	1		6	66	F#4	4	194
13	13	103/2	103/2	0.25		7/8	7/8	4/4	1	1	1/16		1/16	1		4	64	E4	4	195
13	13	207/4	207/4	0.25		15/16	15/16	4/4	1	1	1/16		1/16	1		2	62	D4	4	196
14	14	52	52	0.5		0	0	4/4	2	1	1/8		1/8	1		2	50	D3	3	213
14	14	52	52	0.5		0	0	4/4	2	1	1/8		1/8	1		6	54	F#3	3	213
14	14	209/4	209/4	0.25		1/16	1/16	4/4	1	1	1/16		1/16	1		0	60	C4	4	199
14	14	105/2	105/2	0.25		1/8	1/8	4/4	1	1	1/16		1/16	1		5	59	B3	3	200
14	14	211/4	211/4	0.25		3/16	3/16	4/4	1	1	1/16		1/16	1		0	60	C4	4	201
14	14	53	53	0.25		1/4	1/4	4/4	1	1	1/16		1/16	1		0	72	C5	5	202
14	14	213/4	213/4	0.25		5/16	5/16	4/4	1	1	1/16		1/16	1		3	69	A4	4	203
14	14	107/2	107/2	0.25		3/8	3/8	4/4	1	1	1/16		1/16	1		6	66	F#4	4	204
14	14	215/4	215/4	0.25		7/16	7/16	4/4	1	1	1/16		1/16	1		2	62	D4	4	205
14	14	54	54	0.5		1/2	1/2	4/4	2	1	1/8		1/8	1		2	50	D3	3	214
14	14	54	54	0.5		1/2	1/2	4/4	2	1	1/8		1/8	1		6	54	F#3	3	214
14	14	217/4	217/4	0.25		9/16	9/16	4/4	1	1	1/16		1/16	1		0	60	C4	4	206
14	14	109/2	109/2	0.25		5/8	5/8	4/4	1	1	1/16		1/16	1		5	59	B3	3	207
14	14	219/4	219/4	0.25		11/16	11/16	4/4	1	1	1/16		1/16	1		0	60	C4	4	208
14	14	55	55	0.25		3/4	3/4	4/4	1	1	1/16		1/16	1		3	69	A4	4	209
14	14	221/4	221/4	0.25		13/16	13/16	4/4	1	1	1/16		1/16	1		6	66	F#4	4	210
14	14	111/2	111/2	0.25		7/8	7/8	4/4	1	1	1/16		1/16	1		2	62	D4	4	211
14	14	223/4	223/4	0.25		15/16	15/16	4/4	1	1	1/16		1/16	1		0	60	C4	4	212
15	15	56	56	0.25		0	0	4/4	2	1	1/16		1/16	1		1	43	G2	2	217
15	15	225/4	225/4	0.25		1/16	1/16	4/4	2	1	1/16		1/16	1		1	55	G3	3	218
15	15	113/2	113/2	0.25		1/8	1/8	4/4	2	1	1/16		1/16	1		5	59	B3	3	219
15	15	227/4	227/4	0.25		3/16	3/16	4/4	2	1	1/16		1/16	1		1	55	G3	3	220
15	15	57	57	0.25		1/4	1/4	4/4	2	1	1/16		1/16	1		6	54	F#3	3	221
15	15	229/4	229/4	0.25		5/16	5/16	4/4	2	1	1/16		1/16	1		1	55	G3	3	222
15	15	115/2	115/2	0.25		3/8	3/8	4/4	2	1	1/16		1/16	1		6	54	F#3	3	223
15	15	231/4	231/4	0.25		7/16	7/16	4/4	2	1	1/16		1/16	1		1	55	G3	3	224
15	15	58	58	0.25		1/2	1/2	4/4	2	1	1/16		1/16	1		1	43	G2	2	225
15	15	233/4	233/4	0.25		9/16	9/16	4/4	2	1	1/16		1/16	1		1	55	G3	3	226
15	15	117/2	117/2	0.25		5/8	5/8	4/4	2	1	1/16		1/16	1		5	59	B3	3	227
15	15	235/4	235/4	0.25		11/16	11/16	4/4	2	1	1/16		1/16	1		1	55	G3	3	228
15	15	59	59	0.25		3/4	3/4	4/4	2	1	1/16		1/16	1		6	42	F#2	2	229
15	15	237/4	237/4	0.25		13/16	13/16	4/4	2	1	1/16		1/16	1		6	54	F#3	3	230
15	15	119/2	119/2	0.25		7/8	7/8	4/4	1	1	1/16		1/16	1		2	62	D4	4	215
15	15	239/4	239/4	0.25		15/16	15/16	4/4	1	1	1/16		1/16	1		5	59	B3	3	216
16	16	60	60	0.25		0	0	4/4	2	1	1/16		1/16	1		4	40	E2	2	233
16	16	241/4	241/4	0.25		1/16	1/16	4/4	2	1	1/16		1/16	1		4	52	E3	3	234
16	16	121/2	121/2	0.25		1/8	1/8	4/4	2	1	1/16		1/16	1		1	67	G4	4	235
16	16	243/4	243/4	0.25		3/16	3/16	4/4	2	1	1/16		1/16	1		1	55	G3	3	236
16	16	61	61	0.25		1/4	1/4	4/4	2	1	1/16		1/16	1		6	54	F#3	3	237
16	16	245/4	245/4	0.25		5/16	5/16	4/4	2	1	1/16		1/16	1		1	55	G3	3	238
16	16	123/2	123/2	0.25		3/8	3/8	4/4	2	1	1/16		1/16	1		6	54	F#3	3	239
16	16	247/4	247/4	0.25		7/16	7/16	4/4	2	1	1/16		1/16	1		1	55	G3	3	240
16	16	62	62	0.25		1/2	1/2	4/4	2	1	1/16		1/16	1		4	40	E2	2	241
16	16	249/4	249/4	0.25		9/16	9/16	4/4	2	1	1/16		1/16	1		4	52	E3	3	242
16	16	125/2	125/2	0.25		5/8	5/8	4/4	2	1	1/16		1/16	1		5	59	B3	3	243
16	16	251/4	251/4	0.25		11/16	11/16	4/4	2	1	1/16		1/16	1		1	55	G3	3	244
16	16	63	63	0.25		3/4	3/4	4/4	2	1	1/16		1/16	1		2	38	D2	2	245
16	16	253/4	253/4	0.25		13/16	13/16	4/4	2	1	1/16		1/16	1		2	50	D3	3	246
16	16	127/2	127/2	0.25		7/8	7/8	4/4	1	1	1/16		1/16	1		2	62	D4	4	231
16	16	255/4	255/4	0.25		15/16	15/16	4/4	1	1	1/16		1/16	1		5	59	B3	3	232
17	17	64	64	1.0		0	0	4/4	2	1	1/4		1/4	1		7	37	C#2	2	259
17	17	64	64	1.0		0	0	4/4	2	1	1/4		1/4	1		7	49	C#3	3	259
17	17	65	65	1.0		1/4	1/4	4/4	1	2	1/4		1/4	1	1	4	64	E4	4	253
17	17	65	65	1.0		1/4	1/4	4/4	1	1	1/4		1/4	1	1	1	67	G4	4	247
17	17	66	66	1.0		1/2	1/2	4/4	2	1	1/4		1/4	1		7	49	C#3	3	260
17	17	66	66	1.0		1/2	1/2	4/4	2	1	1/4		1/4	1		3	57	A3	3	260
17	17	66	66	0.5		1/2	1/2	4/4	1	2	1/8		1/8	1	-1	4	64	E4	4	254
17	17	66	66	0.5		1/2	1/2	4/4	1	1	1/8		1/8	1	-1	1	67	G4	4	248
17	17	133/2	133/2	0.25		5/8	5/8	4/4	1	2	1/16		1/16	1		6	66	F#4	4	255
17	17	133/2	133/2	0.25		5/8	5/8	4/4	1	1	1/16		1/16	1		3	69	A4	4	249
17	17	267/4	267/4	0.25		11/16	11/16	4/4	1	2	1/16		1/16	1		1	67	G4	4	256
17	17	267/4	267/4	0.25		11/16	11/16	4/4	1	1	1/16		1/16	1		5	71	B4	4	250
17	17	67	67	0.0		3/4	3/4	4/4	1	1	0	appoggiatura	1/8	1		3	69	A4	4	251
17	17	67	67	0.0		3/4	3/4	4/4	1	2	0	appoggiatura	1/8	1		6	66	F#4	4	257
17	17	67	67	1.0		3/4	3/4	4/4	1	2	1/4		1/4	1		4	64	E4	4	258
17	17	67	67	1.0		3/4	3/4	4/4	1	1	1/4		1/4	1		1	67	G4	4	252
18	18	68	68	1.0		0	0	4/4	2	2	1/4		1/4	1		2	50	D3	3	277
18	18	68	68	1.0		0	0	4/4	2	1	1/4		1/4	1		3	57	A3	3	275
18	18	68	68	1.0		0	0	4/4	1	2	1/4		1/4	1		2	62	D4	4	268
18	18	68	68	1.0		0	0	4/4	1	1	1/4		1/4	1		6	66	F#4	4	261
18	18	69	69	1.0		1/4	1/4	4/4	1	2	1/4		1/4	1	1	3	69	A4	4	269
18	18	69	69	1.0		1/4	1/4	4/4	1	1	1/4		1/4	1	1	0	72	C5	5	262
18	18	70	70	1.0		1/2	1/2	4/4	2	2	1/4		1/4	1		2	50	D3	3	278
18	18	70	70	1.0		1/2	1/2	4/4	2	1	1/4		1/4	1		6	54	F#3	3	276
18	18	70	70	0.5		1/2	1/2	4/4	1	2	1/8		1/8	1	-1	3	69	A4	4	270
18	18	70	70	0.5		1/2	1/2	4/4	1	1	1/8		1/8	1	-1	0	72	C5	5	263
18	18	141/2	141/2	0.25		5/8	5/8	4/4	1	2	1/16		1/16	1		5	71	B4	4	271
18	18	141/2	141/2	0.25		5/8	5/8	4/4	1	1	1/16		1/16	1		2	74	D5	5	264
18	18	283/4	283/4	0.25		11/16	11/16	4/4	1	2	1/16		1/16	1		0	72	C5	5	272
18	18	283/4	283/4	0.25		11/16	11/16	4/4	1	1	1/16		1/16	1		4	76	E5	5	265
18	18	71	71	0.0		3/4	3/4	4/4	1	1	0	appoggiatura	1/8	1		2	74	D5	5	266
18	18	71	71	0.0		3/4	3/4	4/4	1	2	0	appoggiatura	1/8	1		5	71	B4	4	273
18	18	71	71	1.0		3/4	3/4	4/4	1	2	1/4		1/4	1		3	69	A4	4	274
18	18	71	71	1.0		3/4	3/4	4/4	1	1	1/4		1/4	1		0	72	C5	5	267
19	19	72	72	1.0		0	0	4/4	2	1	1/4		1/4	1		1	43	G2	2	291
19	19	72	72	1.0		0	0	4/4	2	1	1/4		1/4	1		1	55	G3	3	291
19	19	72	72	1.0		0	0	4/4	1	2	1/4		1/4	1		1	67	G4	4	289
19	19	72	72	0.25		0	0	4/4	1	1	1/16		1/16	1		5	71	B4	4	279
19	19	289/4	289/4	0.25		1/16	1/16	4/4	1	1	1/16		1/16	1		2	74	D5	5	280
19	19	145/2	145/2	0.25		1/8	1/8	4/4	1	1	1/16		1/16	1		1	79	G5	5	281
19	19	291/4	291/4	0.25		3/16	3/16	4/4	1	1	1/16		1/16	1		1	67	G4	4	282
19	19	73	73	0.0		1/4	1/4	4/4	1	1	0	grace16	1/16	1		-1	77	F5	5	283
19	19	73	73	1.0		1/4	1/4	4/4	2	1	1/4		1/4	1		0	60	C4	4	292
19	19	73	73	0.5		1/4	1/4	4/4	1	1	1/8		1/8	1		4	76	E5	5	284
19	19	147/2	147/2	0.25		3/8	3/8	4/4	1	1	1/16		1/16	1		2	74	D5	5	285
19	19	295/4	295/4	0.25		7/16	7/16	4/4	1	1	1/16		1/16	1		0	72	C5	5	286
19	19	74	74	0.0		1/2	1/2	4/4	1	1	0	grace4	1/4	1		5	71	B4	4	287
19	19	74	74	1.0		1/2	1/2	4/4	2	1	1/4		1/4	1		2	62	D4	4	293
19	19	74	74	2.0		1/2	1/2	4/4	1	1	1/2		1/2	1		3	69	A4	4	288
19	19	75	75	1.0		3/4	3/4	4/4	2	1	1/4		1/4	1		2	50	D3	3	294
19	19	75	75	1.0		3/4	3/4	4/4	1	2	1/4		1/4	1		6	66	F#4	4	290
20	20		76	1.0	1	0	0	4/4	2	1	1/4		1/4	1	1	1	55	G3	3	297
20	20		76	4.0	1	0	0	4/4	1	1	1		1	1		1	67	G4	4	295
20	20		76	4.0	1	0	0	4/4	1	2	1		1	1		1	67	G4	4	296
20	20		77	0.25	1	1/4	1/4	4/4	2	1	1/16		1/16	1	-1	1	55	G3	3	298
20	20		309/4	0.125	1	5/16	5/16	4/4	2	1	1/32		1/32	1		3	57	A3	3	299
20	20		619/8	0.125	1	11/32	11/32	4/4	2	1	1/32		1/32	1		5	59	B3	3	300
20	20		155/2	0.125	1	3/8	3/8	4/4	2	1	1/32		1/32	1		0	60	C4	4	301
20	20		621/8	0.125	1	13/32	13/32	4/4	2	1	1/32		1/32	1		2	62	D4	4	302
20	20		311/4	0.125	1	7/16	7/16	4/4	2	1	1/32		1/32	1		4	64	E4	4	303
20	20		623/8	0.125	1	15/32	15/32	4/4	2	1	1/32		1/32	1		-1	65	F4	4	304
20	20		78	0.5	1	1/2	1/2	4/4	2	1	1/8		1/8	1		1	67	G4	4	305
20	20		157/2	0.5	1	5/8	5/8	4/4	2	1	1/8		1/8	1		-1	65	F4	4	306
20	20		79	0.5	1	3/4	3/4	4/4	2	1	1/8		1/8	1		4	64	E4	4	307
20	20		159/2	0.5	1	7/8	7/8	4/4	2	1	1/8		1/8	1		2	62	D4	4	308
21	20	76	80	1.0	2	0	0	4/4	2	1	1/4		1/4	1	1	1	55	G3	3	311
21	20	76	80	4.0	2	0	0	4/4	1	1	1		1	1		1	67	G4	4	309
21	20	76	80	4.0	2	0	0	4/4	1	2	1		1	1		1	67	G4	4	310
21	20	77	81	0.25	2	1/4	1/4	4/4	2	1	1/16		1/16	1	-1	1	55	G3	3	312
21	20	309/4	325/4	0.125	2	5/16	5/16	4/4	2	1	1/32		1/32	1		3	57	A3	3	313
21	20	619/8	651/8	0.125	2	11/32	11/32	4/4	2	1	1/32		1/32	1		5	59	B3	3	314
21	20	155/2	163/2	0.125	2	3/8	3/8	4/4	2	1	1/32		1/32	1		0	60	C4	4	315
21	20	621/8	653/8	0.125	2	13/32	13/32	4/4	2	1	1/32		1/32	1		2	62	D4	4	316
21	20	311/4	327/4	0.125	2	7/16	7/16	4/4	2	1	1/32		1/32	1		4	64	E4	4	317
21	20	623/8	655/8	0.125	2	15/32	15/32	4/4	2	1	1/32		1/32	1		6	66	F#4	4	318
21	20	78	82	0.5	2	1/2	1/2	4/4	2	1	1/8		1/8	1		1	67	G4	4	319
21	20	157/2	165/2	0.5	2	5/8	5/8	4/4	2	1	1/8		1/8	1		0	60	C4	4	320
21	20	157/2	165/2	0.5	2	5/8	5/8	4/4	2	1	1/8		1/8	1		4	64	E4	4	320
21	20	79	83	0.5	2	3/4	3/4	4/4	2	1	1/8		1/8	1		5	59	B3	3	321
21	20	79	83	0.5	2	3/4	3/4	4/4	2	1	1/8		1/8	1		2	62	D4	4	321
21	20	159/2	167/2	0.5	2	7/8	7/8	4/4	2	1	1/8		1/8	1		3	57	A3	3	322
21	20	159/2	167/2	0.5	2	7/8	7/8	4/4	2	1	1/8		1/8	1		0	60	C4	4	322
22	21	80	84	1.0		0	0	4/4	2	1	1/4		1/4	1		1	55	G3	3	329
22	21	80	84	1.0		0	0	4/4	2	1	1/4		1/4	1		5	59	B3	3	329
22	21	80	84	0.25		0	0	4/4	1	1	1/16		1/16	1		2	74	D5	5	323
22	21	321/4	337/4	0.25		1/16	1/16	4/4	1	1	1/16		1/16	1		5	71	B4	4	324
22	21	161/2	169/2	0.25		1/8	1/8	4/4	1	1	1/16		1/16	1		3	69	A4	4	325
22	21	323/4	339/4	0.25		3/16	3/16	4/4	1	1	1/16		1/16	1		1	67	G4	4	326
22	21	81	85	1.0		1/4	1/4	4/4	2	1	1/4		1/4	1		3	57	A3	3	330
22	21	81	85	1.0		1/4	1/4	4/4	2	1	1/4		1/4	1		0	60	C4	4	330
22	21	81	85	2.0		1/4	1/4	4/4	1	1	1/2		1/2	1		6	66	F#4	4	327
22	21	82	86	1.0		1/2	1/2	4/4	2	1	1/4		1/4	1		3	57	A3	3	331
22	21	82	86	1.0		1/2	1/2	4/4	2	1	1/4		1/4	1		0	60	C4	4	331
22	21	83	87	1.0		3/4	3/4	4/4	2	1	1/4		1/4	1		5	59	B3	3	332
22	21	83	87	1.0		3/4	3/4	4/4	2	1	1/4		1/4	1		2	62	D4	4	332
22	21	83	87	1.0		3/4	3/4	4/4	1	1	1/4		1/4	1		1	67	G4	4	328
23	22	84	88	0.25		0	0	4/4	1	1	1/16		1/16	1		2	74	D5	5	333
23	22	337/4	353/4	0.25		1/16	1/16	4/4	1	1	1/16		1/16	1		5	71	B4	4	334
23	22	169/2	177/2	0.25		1/8	1/8	4/4	1	1	1/16		1/16	1		3	69	A4	4	335
23	22	339/4	355/4	0.25		3/16	3/16	4/4	1	1	1/16		1/16	1		1	67	G4	4	336
23	22	85	89	1.0		1/4	1/4	4/4	2	1	1/4		1/4	1		5	59	B3	3	341
23	22	85	89	0.25		1/4	1/4	4/4	1	1	1/16		1/16	1		-1	65	F4	4	337
23	22	341/4	357/4	0.25		5/16	5/16	4/4	1	1	1/16		1/16	1		4	64	E4	4	338
23	22	171/2	179/2	0.25		3/8	3/8	4/4	1	1	1/16		1/16	1		9	63	D#4	4	339
23	22	343/4	359/4	0.25		7/16	7/16	4/4	1	1	1/16		1/16	1		4	64	E4	4	340
23	22	86	90	1.0		1/2	1/2	4/4	2	1	1/4		1/4	1		0	60	C4	4	342
23	22	87	91	1.0		3/4	3/4	4/4	2	1	1/4		1/4	1		0	48	C3	3	343
24	23	88	92	0.25		0	0	4/4	1	1	1/16		1/16	1		4	76	E5	5	344
24	23	353/4	369/4	0.25		1/16	1/16	4/4	1	1	1/16		1/16	1		0	72	C5	5	345
24	23	177/2	185/2	0.25		1/8	1/8	4/4	1	1	1/16		1/16	1		5	71	B4	4	346
24	23	355/4	371/4	0.25		3/16	3/16	4/4	1	1	1/16		1/16	1		3	69	A4	4	347
24	23	89	93	1.0		1/4	1/4	4/4	2	1	1/4		1/4	1		7	61	C#4	4	351
24	23	89	93	1.0		1/4	1/4	4/4	2	1	1/4		1/4	1		4	64	E4	4	351
24	23	89	93	2.0		1/4	1/4	4/4	1	1	1/2		1/2	1		1	67	G4	4	348
24	23	90	94	1.0		1/2	1/2	4/4	2	1	1/4		1/4	1		7	61	C#4	4	352
24	23	90	94	1.0		1/2	1/2	4/4	2	1	1/4		1/4	1		4	64	E4	4	352
24	23	91	95	1.0		3/4	3/4	4/4	2	1	1/4		1/4	1		2	62	D4	4	353
24	23	91	95	0.75		3/4	3/4	4/4	1	1	3/16		1/8	3/2		6	66	F#4	4	349
24	23	367/4	383/4	0.25		15/16	15/16	4/4	1	1	1/16		1/16	1		8	68	G#4	4	350
25	24	92	96	0.25		0	0	4/4	1	1	1/16		1/16	1		3	69	A4	4	354
25	24	369/4	385/4	0.25		1/16	1/16	4/4	1	1	1/16		1/16	1		6	66	F#4	4	355
25	24	185/2	193/2	0.25		1/8	1/8	4/4	1	1	1/16		1/16	1		4	64	E4	4	356
25	24	371/4	387/4	0.25		3/16	3/16	4/4	1	1	1/16		1/16	1		2	62	D4	4	357
25	24	93	97	1.0		1/4	1/4	4/4	2	1	1/4		1/4	1		6	54	F#3	3	362
25	24	93	97	0.25		1/4	1/4	4/4	1	1	1/16		1/16	1		0	60	C4	4	358
25	24	373/4	389/4	0.25		5/16	5/16	4/4	1	1	1/16		1/16	1		5	59	B3	3	359
25	24	187/2	195/2	0.25		3/8	3/8	4/4	1	1	1/16		1/16	1		10	58	A#3	3	360
25	24	375/4	391/4	0.25		7/16	7/16	4/4	1	1	1/16		1/16	1		5	59	B3	3	361
25	24	94	98	1.0		1/2	1/2	4/4	2	1	1/4		1/4	1		1	55	G3	3	363
25	24	95	99	1.0		3/4	3/4	4/4	2	1	1/4		1/4	1		1	43	G2	2	364
26	25	96	100	0.25		0	0	4/4	1	1	1/16		1/16	1		2	74	D5	5	365
26	25	385/4	401/4	0.25		1/16	1/16	4/4	1	1	1/16		1/16	1		5	71	B4	4	366
26	25	193/2	201/2	0.25		1/8	1/8	4/4	1	1	1/16		1/16	1		3	69	A4	4	367
26	25	387/4	403/4	0.25		3/16	3/16	4/4	1	1	1/16		1/16	1		1	67	G4	4	368
26	25	97	101	0.25		1/4	1/4	4/4	2	1	1/16		1/16	1		1	55	G3	3	373
26	25	389/4	405/4	0.25		5/16	5/16	4/4	2	1	1/16		1/16	1		5	59	B3	3	374
26	25	195/2	203/2	0.25		3/8	3/8	4/4	2	1	1/16		1/16	1		0	60	C4	4	375
26	25	391/4	407/4	0.25		7/16	7/16	4/4	2	1	1/16		1/16	1		2	62	D4	4	376
26	25	98	102	0.25		1/2	1/2	4/4	1	1	1/16		1/16	1		1	79	G5	5	369
26	25	393/4	409/4	0.25		9/16	9/16	4/4	1	1	1/16		1/16	1		5	71	B4	4	370
26	25	197/2	205/2	0.25		5/8	5/8	4/4	1	1	1/16		1/16	1		3	69	A4	4	371
26	25	395/4	411/4	0.25		11/16	11/16	4/4	1	1	1/16		1/16	1		1	67	G4	4	372
26	25	99	103	0.25		3/4	3/4	4/4	2	1	1/16		1/16	1		-1	53	F3	3	377
26	25	397/4	413/4	0.25		13/16	13/16	4/4	2	1	1/16		1/16	1		5	59	B3	3	378
26	25	199/2	207/2	0.25		7/8	7/8	4/4	2	1	1/16		1/16	1		0	60	C4	4	379
26	25	399/4	415/4	0.25		15/16	15/16	4/4	2	1	1/16		1/16	1		2	62	D4	4	380
27	26	100	104	0.25		0	0	4/4	1	1	1/16		1/16	1		1	79	G5	5	381
27	26	401/4	417/4	0.25		1/16	1/16	4/4	1	1	1/16		1/16	1		4	76	E5	5	382
27	26	201/2	209/2	0.25		1/8	1/8	4/4	1	1	1/16		1/16	1		2	74	D5	5	383
27	26	403/4	419/4	0.25		3/16	3/16	4/4	1	1	1/16		1/16	1		0	72	C5	5	384
27	26	101	105	0.25		1/4	1/4	4/4	2	1	1/16		1/16	1		4	52	E3	3	393
27	26	405/4	421/4	0.25		5/16	5/16	4/4	2	1	1/16		1/16	1		1	55	G3	3	394
27	26	203/2	211/2	0.25		3/8	3/8	4/4	2	1	1/16		1/16	1		5	59	B3	3	395
27	26	407/4	423/4	0.25		7/16	7/16	4/4	2	1	1/16		1/16	1		0	60	C4	4	396
27	26	102	106	0.25		1/2	1/2	4/4	1	1	1/16		1/16	1		4	64	E4	4	385
27	26	409/4	425/4	0.25		9/16	9/16	4/4	1	1	1/16		1/16	1		5	59	B3	3	386
27	26	205/2	213/2	0.25		5/8	5/8	4/4	1	1	1/16		1/16	1		0	60	C4	4	387
27	26	411/4	427/4	0.25		11/16	11/16	4/4	1	1	1/16		1/16	1		4	64	E4	4	388
27	26	103	107	0.25		3/4	3/4	4/4	1	1	1/16		1/16	1		1	67	G4	4	389
27	26	413/4	429/4	0.25		13/16	13/16	4/4	1	1	1/16		1/16	1		0	72	C5	5	390
27	26	207/2	215/2	0.25		7/8	7/8	4/4	1	1	1/16		1/16	1		4	76	E5	5	391
27	26	415/4	431/4	0.25		15/16	15/16	4/4	1	1	1/16		1/16	1		1	79	G5	5	392
28	27	104	108	0.25		0	0	4/4	1	1	1/16		1/16	1		4	76	E5	5	397
28	27	417/4	433/4	0.25		1/16	1/16	4/4	1	1	1/16		1/16	1		7	73	C#5	5	398
28	27	209/2	217/2	0.25		1/8	1/8	4/4	1	1	1/16		1/16	1		5	71	B4	4	399
28	27	419/4	435/4	0.25		3/16	3/16	4/4	1	1	1/16		1/16	1		3	69	A4	4	400
28	27	105	109	0.25		1/4	1/4	4/4	2	1	1/16		1/16	1		3	57	A3	3	405
28	27	421/4	437/4	0.25		5/16	5/16	4/4	2	1	1/16		1/16	1		7	61	C#4	4	406
28	27	211/2	219/2	0.25		3/8	3/8	4/4	2	1	1/16		1/16	1		2	62	D4	4	407
28	27	423/4	439/4	0.25		7/16	7/16	4/4	2	1	1/16		1/16	1		4	64	E4	4	408
28	27	106	110	0.25		1/2	1/2	4/4	1	1	1/16		1/16	1		3	81	A5	5	401
28	27	425/4	441/4	0.25		9/16	9/16	4/4	1	1	1/16		1/16	1		7	73	C#5	5	402
28	27	213/2	221/2	0.25		5/8	5/8	4/4	1	1	1/16		1/16	1		5	71	B4	4	403
28	27	427/4	443/4	0.25		11/16	11/16	4/4	1	1	1/16		1/16	1		3	69	A4	4	404
28	27	107	111	0.25		3/4	3/4	4/4	2	1	1/16		1/16	1		1	55	G3	3	409
28	27	429/4	445/4	0.25		13/16	13/16	4/4	2	1	1/16		1/16	1		7	61	C#4	4	410
28	27	215/2	223/2	0.25		7/8	7/8	4/4	2	1	1/16		1/16	1		2	62	D4	4	411
28	27	431/4	447/4	0.25		15/16	15/16	4/4	2	1	1/16		1/16	1		4	64	E4	4	412
29	28	108	112	0.25		0	0	4/4	1	1	1/16		1/16	1		3	81	A5	5	413
29	28	433/4	449/4	0.25		1/16	1/16	4/4	1	1	1/16		1/16	1		6	78	F#5	5	414
29	28	217/2	225/2	0.25		1/8	1/8	4/4	1	1	1/16		1/16	1		4	76	E5	5	415
29	28	435/4	451/4	0.25		3/16	3/16	4/4	1	1	1/16		1/16	1		2	74	D5	5	416
29	28	109	113	0.25		1/4	1/4	4/4	2	1	1/16		1/16	1		6	54	F#3	3	425
29	28	437/4	453/4	0.25		5/16	5/16	4/4	2	1	1/16		1/16	1		3	57	A3	3	426
29	28	219/2	227/2	0.25		3/8	3/8	4/4	2	1	1/16		1/16	1		2	62	D4	4	427
29	28	439/4	455/4	0.25		7/16	7/16	4/4	2	1	1/16		1/16	1		4	64	E4	4	428
29	28	110	114	0.25		1/2	1/2	4/4	1	1	1/16		1/16	1		6	66	F#4	4	417
29	28	441/4	457/4	0.25		9/16	9/16	4/4	1	1	1/16		1/16	1		7	61	C#4	4	418
29	28	221/2	229/2	0.25		5/8	5/8	4/4	1	1	1/16		1/16	1		2	62	D4	4	419
29	28	443/4	459/4	0.25		11/16	11/16	4/4	1	1	1/16		1/16	1		6	66	F#4	4	420
29	28	111	115	0.25		3/4	3/4	4/4	1	1	1/16		1/16	1		3	69	A4	4	421
29	28	445/4	461/4	0.25		13/16	13/16	4/4	1	1	1/16		1/16	1		2	74	D5	5	422
29	28	223/2	231/2	0.25		7/8	7/8	4/4	1	1	1/16		1/16	1		6	78	F#5	5	423
29	28	447/4	463/4	0.25		15/16	15/16	4/4	1	1	1/16		1/16	1		3	81	A5	5	424
30	29	112	116	0.25		0	0	4/4	1	1	1/16		1/16	1		6	78	F#5	5	429
30	29	449/4	465/4	0.25		1/16	1/16	4/4	1	1	1/16		1/16	1		9	75	D#5	5	430
30	29	225/2	233/2	0.25		1/8	1/8	4/4	1	1	1/16		1/16	1		7	73	C#5	5	431
30	29	451/4	467/4	0.25		3/16	3/16	4/4	1	1	1/16		1/16	1		5	71	B4	4	432
30	29	113	117	0.25		1/4	1/4	4/4	2	1	1/16		1/16	1		5	59	B3	3	437
30	29	453/4	469/4	0.25		5/16	5/16	4/4	2	1	1/16		1/16	1		9	63	D#4	4	438
30	29	227/2	235/2	0.25		3/8	3/8	4/4	2	1	1/16		1/16	1		4	64	E4	4	439
30	29	455/4	471/4	0.25		7/16	7/16	4/4	2	1	1/16		1/16	1		6	66	F#4	4	440
30	29	114	118	0.25		1/2	1/2	4/4	1	1	1/16		1/16	1		5	83	B5	5	433
30	29	457/4	473/4	0.25		9/16	9/16	4/4	1	1	1/16		1/16	1		9	75	D#5	5	434
30	29	229/2	237/2	0.25		5/8	5/8	4/4	1	1	1/16		1/16	1		7	73	C#5	5	435
30	29	459/4	475/4	0.25		11/16	11/16	4/4	1	1	1/16		1/16	1		5	71	B4	4	436
30	29	115	119	0.25		3/4	3/4	4/4	2	1	1/16		1/16	1		3	57	A3	3	441
30	29	461/4	477/4	0.25		13/16	13/16	4/4	2	1	1/16		1/16	1		9	63	D#4	4	442
30	29	231/2	239/2	0.25		7/8	7/8	4/4	2	1	1/16		1/16	1		4	64	E4	4	443
30	29	463/4	479/4	0.25		15/16	15/16	4/4	2	1	1/16		1/16	1		6	66	F#4	4	444
31	30	116	120	0.25		0	0	4/4	1	1	1/16		1/16	1		5	83	B5	5	445
31	30	465/4	481/4	0.25		1/16	1/16	4/4	1	1	1/16		1/16	1		1	79	G5	5	446
31	30	233/2	241/2	0.25		1/8	1/8	4/4	1	1	1/16		1/16	1		6	78	F#5	5	447
31	30	467/4	483/4	0.25		3/16	3/16	4/4	1	1	1/16		1/16	1		4	76	E5	5	448
31	30	117	121	0.25		1/4	1/4	4/4	2	1	1/16		1/16	1		1	55	G3	3	453
31	30	469/4	485/4	0.25		5/16	5/16	4/4	2	1	1/16		1/16	1		5	59	B3	3	454
31	30	235/2	243/2	0.25		3/8	3/8	4/4	2	1	1/16		1/16	1		9	63	D#4	4	455
31	30	471/4	487/4	0.25		7/16	7/16	4/4	2	1	1/16		1/16	1		4	64	E4	4	456
31	30	118	122	0.25		1/2	1/2	4/4	1	1	1/16		1/16	1		5	71	B4	4	449
31	30	473/4	489/4	0.25		9/16	9/16	4/4	1	1	1/16		1/16	1		1	67	G4	4	450
31	30	237/2	245/2	0.25		5/8	5/8	4/4	1	1	1/16		1/16	1		6	66	F#4	4	451
31	30	475/4	491/4	0.25		11/16	11/16	4/4	1	1	1/16		1/16	1		4	64	E4	4	452
31	30	119	123	0.25		3/4	3/4	4/4	2	1	1/16		1/16	1		1	55	G3	3	457
31	30	477/4	493/4	0.25		13/16	13/16	4/4	2	1	1/16		1/16	1		5	59	B3	3	458
31	30	239/2	247/2	0.25		7/8	7/8	4/4	2	1	1/16		1/16	1		9	63	D#4	4	459
31	30	479/4	495/4	0.25		15/16	15/16	4/4	2	1	1/16		1/16	1		4	64	E4	4	460
32	31	120	124	0.25		0	0	4/4	1	1	1/16		1/16	1		0	84	C6	6	461
32	31	481/4	497/4	0.25		1/16	1/16	4/4	1	1	1/16		1/16	1		3	81	A5	5	462
32	31	241/2	249/2	0.25		1/8	1/8	4/4	1	1	1/16		1/16	1		1	79	G5	5	463
32	31	483/4	499/4	0.25		3/16	3/16	4/4	1	1	1/16		1/16	1		6	78	F#5	5	464
32	31	121	125	0.25		1/4	1/4	4/4	2	1	1/16		1/16	1		3	57	A3	3	469
32	31	485/4	501/4	0.25		5/16	5/16	4/4	2	1	1/16		1/16	1		0	60	C4	4	470
32	31	243/2	251/2	0.25		3/8	3/8	4/4	2	1	1/16		1/16	1		9	63	D#4	4	471
32	31	487/4	503/4	0.25		7/16	7/16	4/4	2	1	1/16		1/16	1		4	64	E4	4	472
32	31	122	126	0.25		1/2	1/2	4/4	1	1	1/16		1/16	1		0	72	C5	5	465
32	31	489/4	505/4	0.25		9/16	9/16	4/4	1	1	1/16		1/16	1		3	69	A4	4	466
32	31	245/2	253/2	0.25		5/8	5/8	4/4	1	1	1/16		1/16	1		1	67	G4	4	467
32	31	491/4	507/4	0.25		11/16	11/16	4/4	1	1	1/16		1/16	1		6	66	F#4	4	468
32	31	123	127	0.25		3/4	3/4	4/4	2	1	1/16		1/16	1		3	57	A3	3	473
32	31	493/4	509/4	0.25		13/16	13/16	4/4	2	1	1/16		1/16	1		0	60	C4	4	474
32	31	247/2	255/2	0.25		7/8	7/8	4/4	2	1	1/16		1/16	1		9	63	D#4	4	475
32	31	495/4	511/4	0.25		15/16	15/16	4/4	2	1	1/16		1/16	1		4	64	E4	4	476
33	32	124	128	0.25		0	0	4/4	1	1	1/16		1/16	1		7	85	C#6	6	477
33	32	497/4	513/4	0.25		1/16	1/16	4/4	1	1	1/16		1/16	1		1	79	G5	5	478
33	32	249/2	257/2	0.25		1/8	1/8	4/4	1	1	1/16		1/16	1		6	78	F#5	5	479
33	32	499/4	515/4	0.25		3/16	3/16	4/4	1	1	1/16		1/16	1		4	76	E5	5	480
33	32	125	129	0.25		1/4	1/4	4/4	2	1	1/16		1/16	1		10	58	A#3	3	485
33	32	501/4	517/4	0.25		5/16	5/16	4/4	2	1	1/16		1/16	1		7	61	C#4	4	486
33	32	251/2	259/2	0.25		3/8	3/8	4/4	2	1	1/16		1/16	1		9	63	D#4	4	487
33	32	503/4	519/4	0.25		7/16	7/16	4/4	2	1	1/16		1/16	1		4	64	E4	4	488
33	32	126	130	0.25		1/2	1/2	4/4	1	1	1/16		1/16	1		7	73	C#5	5	481
33	32	505/4	521/4	0.25		9/16	9/16	4/4	1	1	1/16		1/16	1		1	67	G4	4	482
33	32	253/2	261/2	0.25		5/8	5/8	4/4	1	1	1/16		1/16	1		6	66	F#4	4	483
33	32	507/4	523/4	0.25		11/16	11/16	4/4	1	1	1/16		1/16	1		4	64	E4	4	484
33	32	127	131	0.25		3/4	3/4	4/4	2	1	1/16		1/16	1		10	58	A#3	3	489
33	32	509/4	525/4	0.25		13/16	13/16	4/4	2	1	1/16		1/16	1		7	61	C#4	4	490
33	32	255/2	263/2	0.25		7/8	7/8	4/4	2	1	1/16		1/16	1		9	63	D#4	4	491
33	32	511/4	527/4	0.25		15/16	15/16	4/4	2	1	1/16		1/16	1		4	64	E4	4	492
34	33	128	132	0.25		0	0	4/4	2	1	1/16		1/16	1		5	59	B3	3	510
34	33	128	132	0.25		0	0	4/4	1	1	1/16		1/16	1		5	71	B4	4	493
34	33	513/4	529/4	0.25		1/16	1/16	4/4	2	1	1/16		1/16	1		4	64	E4	4	511
34	33	513/4	529/4	0.25		1/16	1/16	4/4	1	1	1/16		1/16	1		1	67	G4	4	494
34	33	257/2	265/2	0.25		1/8	1/8	4/4	2	1	1/16		1/16	1		9	63	D#4	4	512
34	33	257/2	265/2	0.25		1/8	1/8	4/4	1	1	1/16		1/16	1		6	66	F#4	4	495
34	33	515/4	531/4	0.25		3/16	3/16	4/4	2	1	1/16		1/16	1		4	64	E4	4	513
34	33	515/4	531/4	0.25		3/16	3/16	4/4	1	1	1/16		1/16	1		1	67	G4	4	496
34	33	129	133	0.25		1/4	1/4	4/4	1	2	1/16		1/16	1		9	63	D#4	4	504
34	33	129	133	0.25		1/4	1/4	4/4	1	1	1/16		1/16	1		6	66	F#4	4	497
34	33	517/4	533/4	0.25		5/16	5/16	4/4	1	2	1/16		1/16	1		4	64	E4	4	505
34	33	517/4	533/4	0.25		5/16	5/16	4/4	1	1	1/16		1/16	1		1	67	G4	4	498
34	33	259/2	267/2	0.25		3/8	3/8	4/4	1	2	1/16		1/16	1		9	63	D#4	4	506
34	33	259/2	267/2	0.25		3/8	3/8	4/4	1	1	1/16		1/16	1		6	66	F#4	4	499
34	33	519/4	535/4	0.25		7/16	7/16	4/4	1	2	1/16		1/16	1		4	64	E4	4	507
34	33	519/4	535/4	0.25		7/16	7/16	4/4	1	1	1/16		1/16	1		1	67	G4	4	500
34	33	130	134	1.0		1/2	1/2	4/4	1	2	1/4		1/4	1		0	60	C4	4	508
34	33	130	134	1.0		1/2	1/2	4/4	1	2	1/4		1/4	1		4	64	E4	4	508
34	33	130	134	0.5		1/2	1/2	4/4	1	1	1/8		1/8	1		1	67	G4	4	501
34	33	261/2	269/2	0.5		5/8	5/8	4/4	1	1	1/8		1/8	1		4	76	E5	5	502
34	33	527/4	543/4	0.25		15/16	15/16	4/4	1	2	1/16		1/16	1		0	60	C4	4	509
34	33	527/4	543/4	0.25		15/16	15/16	4/4	1	1	1/16		1/16	1		4	64	E4	4	503
34	33	527/4	543/4	0.25		15/16	15/16	4/4	1	1	1/16		1/16	1		10	70	A#4	4	503
35	34	132	136	0.5		0	0	4/4	1	2	1/8		1/8	1		5	59	B3	3	530
35	34	132	136	0.5		0	0	4/4	1	2	1/8		1/8	1		9	63	D#4	4	530
35	34	132	136	0.25		0	0	4/4	1	1	1/16		1/16	1		5	71	B4	4	514
35	34	529/4	545/4	0.25		1/16	1/16	4/4	1	1	1/16		1/16	1		6	78	F#5	5	515
35	34	265/2	273/2	0.25		1/8	1/8	4/4	1	1	1/16		1/16	1		9	75	D#5	5	516
35	34	531/4	547/4	0.25		3/16	3/16	4/4	1	1	1/16		1/16	1		5	71	B4	4	517
35	34	133	137	0.25		1/4	1/4	4/4	1	1	1/16		1/16	1		3	69	A4	4	518
35	34	533/4	549/4	0.25		5/16	5/16	4/4	1	1	1/16		1/16	1		1	67	G4	4	519
35	34	267/2	275/2	0.25		3/8	3/8	4/4	1	1	1/16		1/16	1		6	66	F#4	4	520
35	34	535/4	551/4	0.25		7/16	7/16	4/4	1	1	1/16		1/16	1		4	64	E4	4	521
35	34	134	138	0.25		1/2	1/2	4/4	1	1	1/16		1/16	1		5	59	B3	3	522
35	34	134	138	0.25		1/2	1/2	4/4	1	1	1/16		1/16	1		9	63	D#4	4	522
35	34	537/4	553/4	0.25		9/16	9/16	4/4	1	1	1/16		1/16	1		3	81	A5	5	523
35	34	269/2	277/2	0.25		5/8	5/8	4/4	1	1	1/16		1/16	1		6	78	F#5	5	524
35	34	539/4	555/4	0.25		11/16	11/16	4/4	1	1	1/16		1/16	1		9	75	D#5	5	525
35	34	135	139	0.25		3/4	3/4	4/4	1	1	1/16		1/16	1		5	71	B4	4	526
35	34	541/4	557/4	0.25		13/16	13/16	4/4	1	1	1/16		1/16	1		3	69	A4	4	527
35	34	271/2	279/2	0.25		7/8	7/8	4/4	1	1	1/16		1/16	1		1	67	G4	4	528
35	34	543/4	559/4	0.25		15/16	15/16	4/4	1	1	1/16		1/16	1		6	66	F#4	4	529
36	35	136	140	0.25		0	0	4/4	1	1	1/16		1/16	1		4	64	E4	4	531
36	35	545/4	561/4	0.25		1/16	1/16	4/4	1	1	1/16		1/16	1		1	67	G4	4	532
36	35	273/2	281/2	0.25		1/8	1/8	4/4	1	1	1/16		1/16	1		5	71	B4	4	533
36	35	547/4	563/4	0.25		3/16	3/16	4/4	1	1	1/16		1/16	1		4	76	E5	5	534
36	35	137	141	0.25		1/4	1/4	4/4	1	1	1/16		1/16	1		1	79	G5	5	535
36	35	549/4	565/4	0.25		5/16	5/16	4/4	1	1	1/16		1/16	1		4	76	E5	5	536
36	35	275/2	283/2	0.25		3/8	3/8	4/4	1	1	1/16		1/16	1		5	71	B4	4	537
36	35	551/4	567/4	0.25		7/16	7/16	4/4	1	1	1/16		1/16	1		1	67	G4	4	538
36	35	138	142	0.25		1/2	1/2	4/4	1	1	1/16		1/16	1		4	64	E4	4	539
36	35	553/4	569/4	0.25		9/16	9/16	4/4	1	1	1/16		1/16	1		1	67	G4	4	540
36	35	277/2	285/2	0.25		5/8	5/8	4/4	1	1	1/16		1/16	1		0	72	C5	5	541
36	35	555/4	571/4	0.25		11/16	11/16	4/4	1	1	1/16		1/16	1		4	76	E5	5	542
36	35	139	143	0.25		3/4	3/4	4/4	1	1	1/16		1/16	1		1	79	G5	5	543
36	35	557/4	573/4	0.25		13/16	13/16	4/4	1	1	1/16		1/16	1		4	76	E5	5	544
36	35	279/2	287/2	0.25		7/8	7/8	4/4	1	1	1/16		1/16	1		0	72	C5	5	545
36	35	559/4	575/4	0.25		15/16	15/16	4/4	1	1	1/16		1/16	1		5	71	B4	4	546
37	36	140	144	0.25		0	0	4/4	1	1	1/16		1/16	1		4	64	E4	4	547
37	36	561/4	577/4	0.25		1/16	1/16	4/4	1	1	1/16		1/16	1		6	66	F#4	4	548
37	36	281/2	289/2	0.25		1/8	1/8	4/4	1	1	1/16		1/16	1		10	70	A#4	4	549
37	36	563/4	579/4	0.25		3/16	3/16	4/4	1	1	1/16		1/16	1		7	73	C#5	5	550
37	36	141	145	0.25		1/4	1/4	4/4	1	1	1/16		1/16	1		4	64	E4	4	551
37	36	565/4	581/4	0.25		5/16	5/16	4/4	1	1	1/16		1/16	1		6	66	F#4	4	552
37	36	283/2	291/2	0.25		3/8	3/8	4/4	1	1	1/16		1/16	1		10	70	A#4	4	553
37	36	567/4	583/4	0.25		7/16	7/16	4/4	1	1	1/16		1/16	1		7	73	C#5	5	554
37	36	142	146	0.25		1/2	1/2	4/4	1	1	1/16		1/16	1		6	78	F#5	5	555
37	36	569/4	585/4	0.25		9/16	9/16	4/4	1	1	1/16		1/16	1		7	73	C#5	5	556
37	36	285/2	293/2	0.25		5/8	5/8	4/4	1	1	1/16		1/16	1		10	70	A#4	4	557
37	36	571/4	587/4	0.25		11/16	11/16	4/4	1	1	1/16		1/16	1		6	66	F#4	4	558
37	36	143	147	0.25		3/4	3/4	4/4	1	1	1/16		1/16	1		4	64	E4	4	559
37	36	573/4	589/4	0.25		13/16	13/16	4/4	1	1	1/16		1/16	1		6	66	F#4	4	560
37	36	287/2	295/2	0.25		7/8	7/8	4/4	1	1	1/16		1/16	1		10	70	A#4	4	561
37	36	575/4	591/4	0.25		15/16	15/16	4/4	1	1	1/16		1/16	1		7	73	C#5	5	562
38	37	144	148	0.25		0	0	4/4	1	1	1/16		1/16	1		2	62	D4	4	563
38	37	577/4	593/4	0.25		1/16	1/16	4/4	1	1	1/16		1/16	1		6	66	F#4	4	564
38	37	289/2	297/2	0.25		1/8	1/8	4/4	1	1	1/16		1/16	1		5	71	B4	4	565
38	37	579/4	595/4	0.25		3/16	3/16	4/4	1	1	1/16		1/16	1		2	74	D5	5	566
38	37	145	149	0.25		1/4	1/4	4/4	1	1	1/16		1/16	1		6	78	F#5	5	567
38	37	581/4	597/4	0.25		5/16	5/16	4/4	1	1	1/16		1/16	1		2	74	D5	5	568
38	37	291/2	299/2	0.25		3/8	3/8	4/4	1	1	1/16		1/16	1		5	71	B4	4	569
38	37	583/4	599/4	0.25		7/16	7/16	4/4	1	1	1/16		1/16	1		6	66	F#4	4	570
38	37	146	150	0.25		1/2	1/2	4/4	1	1	1/16		1/16	1		2	62	D4	4	571
38	37	585/4	601/4	0.25		9/16	9/16	4/4	1	1	1/16		1/16	1		-1	65	F4	4	572
38	37	293/2	301/2	0.25		5/8	5/8	4/4	1	1	1/16		1/16	1		5	71	B4	4	573
38	37	587/4	603/4	0.25		11/16	11/16	4/4	1	1	1/16		1/16	1		2	74	D5	5	574
38	37	147	151	0.25		3/4	3/4	4/4	1	1	1/16		1/16	1		-1	77	F5	5	575
38	37	589/4	605/4	0.25		13/16	13/16	4/4	1	1	1/16		1/16	1		2	74	D5	5	576
38	37	295/2	303/2	0.25		7/8	7/8	4/4	1	1	1/16		1/16	1		5	71	B4	4	577
38	37	591/4	607/4	0.25		15/16	15/16	4/4	1	1	1/16		1/16	1		3	69	A4	4	578
39	38	148	152	0.25		0	0	4/4	1	1	1/16		1/16	1		2	62	D4	4	579
39	38	593/4	609/4	0.25		1/16	1/16	4/4	1	1	1/16		1/16	1		4	64	E4	4	580
39	38	297/2	305/2	0.25		1/8	1/8	4/4	1	1	1/16		1/16	1		8	68	G#4	4	581
39	38	595/4	611/4	0.25		3/16	3/16	4/4	1	1	1/16		1/16	1		5	71	B4	4	582
39	38	149	153	0.25		1/4	1/4	4/4	1	1	1/16		1/16	1		2	62	D4	4	583
39	38	597/4	613/4	0.25		5/16	5/16	4/4	1	1	1/16		1/16	1		4	64	E4	4	584
39	38	299/2	307/2	0.25		3/8	3/8	4/4	1	1	1/16		1/16	1		8	68	G#4	4	585
39	38	599/4	615/4	0.25		7/16	7/16	4/4	1	1	1/16		1/16	1		5	71	B4	4	586
39	38	150	154	0.25		1/2	1/2	4/4	1	1	1/16		1/16	1		4	76	E5	5	587
39	38	601/4	617/4	0.25		9/16	9/16	4/4	1	1	1/16		1/16	1		5	71	B4	4	588
39	38	301/2	309/2	0.25		5/8	5/8	4/4	1	1	1/16		1/16	1		8	68	G#4	4	589
39	38	603/4	619/4	0.25		11/16	11/16	4/4	1	1	1/16		1/16	1		4	64	E4	4	590
39	38	151	155	0.25		3/4	3/4	4/4	1	1	1/16		1/16	1		2	62	D4	4	591
39	38	605/4	621/4	0.25		13/16	13/16	4/4	1	1	1/16		1/16	1		4	64	E4	4	592
39	38	303/2	311/2	0.25		7/8	7/8	4/4	1	1	1/16		1/16	1		8	68	G#4	4	593
39	38	607/4	623/4	0.25		15/16	15/16	4/4	1	1	1/16		1/16	1		5	71	B4	4	594
40	39	152	156	0.25		0	0	4/4	1	1	1/16		1/16	1		0	60	C4	4	595
40	39	609/4	625/4	0.25		1/16	1/16	4/4	1	1	1/16		1/16	1		3	69	A4	4	596
40	39	305/2	313/2	0.25		1/8	1/8	4/4	1	1	1/16		1/16	1		4	64	E4	4	597
40	39	611/4	627/4	0.25		3/16	3/16	4/4	1	1	1/16		1/16	1		4	76	E5	5	598
40	39	153	157	0.25		1/4	1/4	4/4	1	1	1/16		1/16	1		7	61	C#4	4	599
40	39	613/4	629/4	0.25		5/16	5/16	4/4	1	1	1/16		1/16	1		3	69	A4	4	600
40	39	307/2	315/2	0.25		3/8	3/8	4/4	1	1	1/16		1/16	1		1	67	G4	4	601
40	39	615/4	631/4	0.25		7/16	7/16	4/4	1	1	1/16		1/16	1		4	76	E5	5	602
40	39	154	158	0.25		1/2	1/2	4/4	1	1	1/16		1/16	1		2	62	D4	4	603
40	39	617/4	633/4	0.25		9/16	9/16	4/4	1	1	1/16		1/16	1		3	69	A4	4	604
40	39	309/2	317/2	0.25		5/8	5/8	4/4	1	1	1/16		1/16	1		6	66	F#4	4	605
40	39	619/4	635/4	0.25		11/16	11/16	4/4	1	1	1/16		1/16	1		2	74	D5	5	606
40	39	155	159	0.25		3/4	3/4	4/4	1	1	1/16		1/16	1		9	63	D#4	4	607
40	39	621/4	637/4	0.25		13/16	13/16	4/4	1	1	1/16		1/16	1		5	71	B4	4	608
40	39	311/2	319/2	0.25		7/8	7/8	4/4	1	1	1/16		1/16	1		3	69	A4	4	609
40	39	623/4	639/4	0.25		15/16	15/16	4/4	1	1	1/16		1/16	1		6	78	F#5	5	610
41	40	156	160	0.25		0	0	4/4	1	1	1/16		1/16	1		4	64	E4	4	611
41	40	625/4	641/4	0.25		1/16	1/16	4/4	1	1	1/16		1/16	1		5	71	B4	4	612
41	40	313/2	321/2	0.25		1/8	1/8	4/4	1	1	1/16		1/16	1		8	68	G#4	4	613
41	40	627/4	643/4	0.25		3/16	3/16	4/4	1	1	1/16		1/16	1		4	76	E5	5	614
41	40	157	161	0.25		1/4	1/4	4/4	1	1	1/16		1/16	1		4	64	E4	4	615
41	40	629/4	645/4	0.25		5/16	5/16	4/4	1	1	1/16		1/16	1		0	72	C5	5	616
41	40	315/2	323/2	0.25		3/8	3/8	4/4	1	1	1/16		1/16	1		3	69	A4	4	617
41	40	631/4	647/4	0.25		7/16	7/16	4/4	1	1	1/16		1/16	1		3	81	A5	5	618
41	40	158	162	0.25		1/2	1/2	4/4	1	1	1/16		1/16	1		-1	65	F4	4	619
41	40	633/4	649/4	0.25		9/16	9/16	4/4	1	1	1/16		1/16	1		0	72	C5	5	620
41	40	317/2	325/2	0.25		5/8	5/8	4/4	1	1	1/16		1/16	1		3	69	A4	4	621
41	40	635/4	651/4	0.25		11/16	11/16	4/4	1	1	1/16		1/16	1		3	81	A5	5	622
41	40	159	163	0.25		3/4	3/4	4/4	1	1	1/16		1/16	1		-1	65	F4	4	623
41	40	637/4	653/4	0.25		13/16	13/16	4/4	1	1	1/16		1/16	1		0	72	C5	5	624
41	40	319/2	327/2	0.25		7/8	7/8	4/4	1	1	1/16		1/16	1		3	69	A4	4	625
41	40	639/4	655/4	0.25		15/16	15/16	4/4	1	1	1/16		1/16	1		9	75	D#5	5	626
42	41	161	165	0.25		1/4	1/4	4/4	1	1	1/16		1/16	1		-1	65	F4	4	627
42	41	645/4	661/4	0.25		5/16	5/16	4/4	1	1	1/16		1/16	1		0	72	C5	5	628
42	41	323/2	331/2	0.25		3/8	3/8	4/4	1	1	1/16		1/16	1		3	69	A4	4	629
42	41	647/4	663/4	0.25		7/16	7/16	4/4	1	1	1/16		1/16	1		9	75	D#5	5	630
42	41	162	166	0.25		1/2	1/2	4/4	1	1	1/16		1/16	1		4	64	E4	4	631
42	41	649/4	665/4	0.25		9/16	9/16	4/4	1	1	1/16		1/16	1		0	72	C5	5	632
42	41	325/2	333/2	0.25		5/8	5/8	4/4	1	1	1/16		1/16	1		3	69	A4	4	633
42	41	651/4	667/4	0.25		11/16	11/16	4/4	1	1	1/16		1/16	1		4	76	E5	5	634
42	41	163	167	0.25		3/4	3/4	4/4	1	1	1/16		1/16	1		9	63	D#4	4	635
42	41	653/4	669/4	0.25		13/16	13/16	4/4	1	1	1/16		1/16	1		0	72	C5	5	636
42	41	327/2	335/2	0.25		7/8	7/8	4/4	1	1	1/16		1/16	1		3	69	A4	4	637
42	41	655/4	671/4	0.25		15/16	15/16	4/4	1	1	1/16		1/16	1		6	78	F#5	5	638
43	42	165	169	0.25		1/4	1/4	4/4	1	1	1/16		1/16	1		4	64	E4	4	639
43	42	661/4	677/4	0.25		5/16	5/16	4/4	1	1	1/16		1/16	1		0	72	C5	5	640
43	42	331/2	339/2	0.25		3/8	3/8	4/4	1	1	1/16		1/16	1		3	69	A4	4	641
43	42	663/4	679/4	0.25		7/16	7/16	4/4	1	1	1/16		1/16	1		4	76	E5	5	642
43	42	166	170	0.25		1/2	1/2	4/4	1	1	1/16		1/16	1		-1	65	F4	4	643
43	42	665/4	681/4	0.25		9/16	9/16	4/4	1	1	1/16		1/16	1		0	72	C5	5	644
43	42	333/2	341/2	0.25		5/8	5/8	4/4	1	1	1/16		1/16	1		3	69	A4	4	645
43	42	667/4	683/4	0.25		11/16	11/16	4/4	1	1	1/16		1/16	1		3	81	A5	5	646
43	42	167	171	0.25		3/4	3/4	4/4	1	1	1/16		1/16	1		-1	65	F4	4	647
43	42	669/4	685/4	0.25		13/16	13/16	4/4	1	1	1/16		1/16	1		0	72	C5	5	648
43	42	335/2	343/2	0.25		7/8	7/8	4/4	1	1	1/16		1/16	1		3	69	A4	4	649
43	42	671/4	687/4	0.25		15/16	15/16	4/4	1	1	1/16		1/16	1		9	75	D#5	5	650
44	43	168	172	0.25		0	0	4/4	1	1	1/16		1/16	1		4	64	E4	4	651
44	43	673/4	689/4	0.25		1/16	1/16	4/4	1	1	1/16		1/16	1		0	72	C5	5	652
44	43	337/2	345/2	0.25		1/8	1/8	4/4	1	1	1/16		1/16	1		3	69	A4	4	653
44	43	675/4	691/4	0.25		3/16	3/16	4/4	1	1	1/16		1/16	1		4	76	E5	5	654
44	43	169	173	0.25		1/4	1/4	4/4	1	1	1/16		1/16	1		2	62	D4	4	655
44	43	677/4	693/4	0.25		5/16	5/16	4/4	1	1	1/16		1/16	1		5	71	B4	4	656
44	43	339/2	347/2	0.25		3/8	3/8	4/4	1	1	1/16		1/16	1		8	68	G#4	4	657
44	43	679/4	695/4	0.25		7/16	7/16	4/4	1	1	1/16		1/16	1		-1	77	F5	5	658
44	43	170	174	0.25		1/2	1/2	4/4	1	1	1/16		1/16	1		0	60	C4	4	659
44	43	681/4	697/4	0.25		9/16	9/16	4/4	1	1	1/16		1/16	1		3	69	A4	4	660
44	43	341/2	349/2	0.25		5/8	5/8	4/4	1	1	1/16		1/16	1		4	64	E4	4	661
44	43	683/4	699/4	0.25		11/16	11/16	4/4	1	1	1/16		1/16	1		4	76	E5	5	662
44	43	171	175	0.25		3/4	3/4	4/4	1	1	1/16		1/16	1		5	59	B3	3	663
44	43	685/4	701/4	0.25		13/16	13/16	4/4	1	1	1/16		1/16	1		8	68	G#4	4	664
44	43	343/2	351/2	0.25		7/8	7/8	4/4	1	1	1/16		1/16	1		4	64	E4	4	665
44	43	687/4	703/4	0.25		15/16	15/16	4/4	1	1	1/16		1/16	1		2	74	D5	5	666
45	44	172	176	0.25		0	0	4/4	2	1	1/16		1/16	1		3	57	A3	3	671
45	44	689/4	705/4	0.25		1/16	1/16	4/4	2	1	1/16		1/16	1		3	69	A4	4	672
45	44	345/2	353/2	0.25		1/8	1/8	4/4	1	1	1/16		1/16	1		4	64	E4	4	667
45	44	691/4	707/4	0.25		3/16	3/16	4/4	1	1	1/16		1/16	1		0	72	C5	5	668
45	44	173	177	0.25		1/4	1/4	4/4	2	1	1/16		1/16	1		1	55	G3	3	673
45	44	693/4	709/4	0.25		5/16	5/16	4/4	2	1	1/16		1/16	1		4	64	E4	4	674
45	44	347/2	355/2	0.25		3/8	3/8	4/4	1	1	1/16		1/16	1		7	61	C#4	4	669
45	44	695/4	711/4	0.25		7/16	7/16	4/4	1	1	1/16		1/16	1		-2	70	Bb4	4	670
45	44	174	178	0.25		1/2	1/2	4/4	2	1	1/16		1/16	1		-1	53	F3	3	675
45	44	697/4	713/4	0.25		9/16	9/16	4/4	2	1	1/16		1/16	1		2	62	D4	4	676
45	44	349/2	357/2	0.25		5/8	5/8	4/4	2	1	1/16		1/16	1		3	57	A3	3	677
45	44	699/4	715/4	0.25		11/16	11/16	4/4	2	1	1/16		1/16	1		3	69	A4	4	678
45	44	175	179	0.25		3/4	3/4	4/4	2	1	1/16		1/16	1		4	52	E3	3	679
45	44	701/4	717/4	0.25		13/16	13/16	4/4	2	1	1/16		1/16	1		7	61	C#4	4	680
45	44	351/2	359/2	0.25		7/8	7/8	4/4	2	1	1/16		1/16	1		3	57	A3	3	681
45	44	703/4	719/4	0.25		15/16	15/16	4/4	2	1	1/16		1/16	1		1	67	G4	4	682
46	45	176	180	0.25		0	0	4/4	2	1	1/16		1/16	1		2	50	D3	3	687
46	45	705/4	721/4	0.25		1/16	1/16	4/4	2	1	1/16		1/16	1		2	62	D4	4	688
46	45	353/2	361/2	0.25		1/8	1/8	4/4	2	1	1/16		1/16	1		3	57	A3	3	689
46	45	707/4	723/4	0.25		3/16	3/16	4/4	2	1	1/16		1/16	1		-1	65	F4	4	690
46	45	177	181	0.25		1/4	1/4	4/4	2	1	1/16		1/16	1		4	52	E3	3	691
46	45	709/4	725/4	0.25		5/16	5/16	4/4	2	1	1/16		1/16	1		2	62	D4	4	692
46	45	355/2	363/2	0.25		3/8	3/8	4/4	1	1	1/16		1/16	1		7	61	C#4	4	683
46	45	711/4	727/4	0.25		7/16	7/16	4/4	1	1	1/16		1/16	1		1	67	G4	4	684
46	45	178	182	0.25		1/2	1/2	4/4	2	1	1/16		1/16	1		-1	53	F3	3	693
46	45	713/4	729/4	0.25		9/16	9/16	4/4	2	1	1/16		1/16	1		2	62	D4	4	694
46	45	357/2	365/2	0.25		5/8	5/8	4/4	2	1	1/16		1/16	1		3	57	A3	3	695
46	45	715/4	731/4	0.25		11/16	11/16	4/4	2	1	1/16		1/16	1		3	69	A4	4	696
46	45	179	183	0.25		3/4	3/4	4/4	2	1	1/16		1/16	1		6	54	F#3	3	697
46	45	717/4	733/4	0.25		13/16	13/16	4/4	2	1	1/16		1/16	1		2	62	D4	4	698
46	45	359/2	367/2	0.25		7/8	7/8	4/4	1	1	1/16		1/16	1		0	60	C4	4	685
46	45	719/4	735/4	0.25		15/16	15/16	4/4	1	1	1/16		1/16	1		3	69	A4	4	686
47	46	180	184	0.25		0	0	4/4	2	1	1/16		1/16	1		1	55	G3	3	707
47	46	721/4	737/4	0.25		1/16	1/16	4/4	2	1	1/16		1/16	1		2	62	D4	4	708
47	46	361/2	369/2	0.25		1/8	1/8	4/4	1	1	1/16		1/16	1		5	59	B3	3	699
47	46	723/4	739/4	0.25		3/16	3/16	4/4	1	1	1/16		1/16	1		1	67	G4	4	700
47	46	181	185	0.25		1/4	1/4	4/4	2	1	1/16		1/16	1		1	55	G3	3	709
47	46	725/4	741/4	0.25		5/16	5/16	4/4	2	1	1/16		1/16	1		-1	65	F4	4	710
47	46	363/2	371/2	0.25		3/8	3/8	4/4	1	1	1/16		1/16	1		2	62	D4	4	701
47	46	727/4	743/4	0.25		7/16	7/16	4/4	1	1	1/16		1/16	1		5	71	B4	4	702
47	46	182	186	0.25		1/2	1/2	4/4	2	1	1/16		1/16	1		1	55	G3	3	711
47	46	729/4	745/4	0.25		9/16	9/16	4/4	2	1	1/16		1/16	1		4	64	E4	4	712
47	46	365/2	373/2	0.25		5/8	5/8	4/4	1	1	1/16		1/16	1		0	60	C4	4	703
47	46	731/4	747/4	0.25		11/16	11/16	4/4	1	1	1/16		1/16	1		1	67	G4	4	704
47	46	183	187	0.25		3/4	3/4	4/4	2	1	1/16		1/16	1		1	55	G3	3	713
47	46	733/4	749/4	0.25		13/16	13/16	4/4	2	1	1/16		1/16	1		1	67	G4	4	714
47	46	367/2	375/2	0.25		7/8	7/8	4/4	1	1	1/16		1/16	1		4	64	E4	4	705
47	46	735/4	751/4	0.25		15/16	15/16	4/4	1	1	1/16		1/16	1		0	72	C5	5	706
48	47	184	188	0.25		0	0	4/4	2	1	1/16		1/16	1		-4	56	Ab3	3	723
48	47	737/4	753/4	0.25		1/16	1/16	4/4	2	1	1/16		1/16	1		-3	63	Eb4	4	724
48	47	369/2	377/2	0.25		1/8	1/8	4/4	1	1	1/16		1/16	1		0	60	C4	4	715
48	47	739/4	755/4	0.25		3/16	3/16	4/4	1	1	1/16		1/16	1		0	72	C5	5	716
48	47	185	189	0.25		1/4	1/4	4/4	2	1	1/16		1/16	1		-4	56	Ab3	3	725
48	47	741/4	757/4	0.25		5/16	5/16	4/4	2	1	1/16		1/16	1		-3	63	Eb4	4	726
48	47	371/2	379/2	0.25		3/8	3/8	4/4	1	1	1/16		1/16	1		0	60	C4	4	717
48	47	743/4	759/4	0.25		7/16	7/16	4/4	1	1	1/16		1/16	1		6	66	F#4	4	718
48	47	186	190	0.25		1/2	1/2	4/4	2	1	1/16		1/16	1		-4	56	Ab3	3	727
48	47	745/4	761/4	0.25		9/16	9/16	4/4	2	1	1/16		1/16	1		-3	63	Eb4	4	728
48	47	373/2	381/2	0.25		5/8	5/8	4/4	1	1	1/16		1/16	1		0	60	C4	4	719
48	47	747/4	763/4	0.25		11/16	11/16	4/4	1	1	1/16		1/16	1		6	66	F#4	4	720
48	47	187	191	0.25		3/4	3/4	4/4	2	1	1/16		1/16	1		1	55	G3	3	729
48	47	749/4	765/4	0.25		13/16	13/16	4/4	2	1	1/16		1/16	1		-3	63	Eb4	4	730
48	47	375/2	383/2	0.25		7/8	7/8	4/4	1	1	1/16		1/16	1		0	60	C4	4	721
48	47	751/4	767/4	0.25		15/16	15/16	4/4	1	1	1/16		1/16	1		1	67	G4	4	722
49	48	188	192	0.25		0	0	4/4	2	1	1/16		1/16	1		6	54	F#3	3	739
49	48	753/4	769/4	0.25		1/16	1/16	4/4	2	1	1/16		1/16	1		-3	63	Eb4	4	740
49	48	377/2	385/2	0.25		1/8	1/8	4/4	1	1	1/16		1/16	1		0	60	C4	4	731
49	48	755/4	771/4	0.25		3/16	3/16	4/4	1	1	1/16		1/16	1		0	72	C5	5	732
49	48	189	193	0.25		1/4	1/4	4/4	2	1	1/16		1/16	1		6	54	F#3	3	741
49	48	757/4	773/4	0.25		5/16	5/16	4/4	2	1	1/16		1/16	1		-3	63	Eb4	4	742
49	48	379/2	387/2	0.25		3/8	3/8	4/4	1	1	1/16		1/16	1		0	60	C4	4	733
49	48	759/4	775/4	0.25		7/16	7/16	4/4	1	1	1/16		1/16	1		3	69	A4	4	734
49	48	190	194	0.25		1/2	1/2	4/4	2	1	1/16		1/16	1		6	54	F#3	3	743
49	48	761/4	777/4	0.25		9/16	9/16	4/4	2	1	1/16		1/16	1		-3	63	Eb4	4	744
49	48	381/2	389/2	0.25		5/8	5/8	4/4	1	1	1/16		1/16	1		0	60	C4	4	735
49	48	763/4	779/4	0.25		11/16	11/16	4/4	1	1	1/16		1/16	1		3	69	A4	4	736
49	48	191	195	0.25		3/4	3/4	4/4	2	1	1/16		1/16	1		6	54	F#3	3	745
49	48	765/4	781/4	0.25		13/16	13/16	4/4	2	1	1/16		1/16	1		2	62	D4	4	746
49	48	383/2	391/2	0.25		7/8	7/8	4/4	1	1	1/16		1/16	1		0	60	C4	4	737
49	48	767/4	783/4	0.25		15/16	15/16	4/4	1	1	1/16		1/16	1		3	69	A4	4	738
50	49	192	196	0.25		0	0	4/4	2	1	1/16		1/16	1		1	55	G3	3	761
50	49	192	196	0.5		0	0	4/4	1	2	1/8		1/8	1		5	59	B3	3	760
50	49	192	196	0.5		0	0	4/4	1	1	1/8		1/8	1		1	67	G4	4	747
50	49	769/4	785/4	0.25		1/16	1/16	4/4	2	1	1/16		1/16	1		3	57	A3	3	762
50	49	385/2	393/2	0.25		1/8	1/8	4/4	2	1	1/16		1/16	1		5	59	B3	3	763
50	49	771/4	787/4	0.25		3/16	3/16	4/4	2	1	1/16		1/16	1		0	60	C4	4	764
50	49	193	197	0.25		1/4	1/4	4/4	1	1	1/16		1/16	1		2	62	D4	4	748
50	49	773/4	789/4	0.25		5/16	5/16	4/4	1	1	1/16		1/16	1		4	64	E4	4	749
50	49	387/2	395/2	0.25		3/8	3/8	4/4	1	1	1/16		1/16	1		-1	65	F4	4	750
50	49	775/4	791/4	0.25		7/16	7/16	4/4	1	1	1/16		1/16	1		1	67	G4	4	751
50	49	194	198	0.25		1/2	1/2	4/4	1	1	1/16		1/16	1		3	69	A4	4	752
50	49	777/4	793/4	0.25		9/16	9/16	4/4	1	1	1/16		1/16	1		5	71	B4	4	753
50	49	389/2	397/2	0.25		5/8	5/8	4/4	1	1	1/16		1/16	1		0	72	C5	5	754
50	49	779/4	795/4	0.25		11/16	11/16	4/4	1	1	1/16		1/16	1		2	74	D5	5	755
50	49	195	199	0.25		3/4	3/4	4/4	1	1	1/16		1/16	1		4	76	E5	5	756
50	49	781/4	797/4	0.25		13/16	13/16	4/4	1	1	1/16		1/16	1		-1	77	F5	5	757
50	49	391/2	399/2	0.25		7/8	7/8	4/4	1	1	1/16		1/16	1		6	78	F#5	5	758
50	49	783/4	799/4	0.25		15/16	15/16	4/4	1	1	1/16		1/16	1		1	79	G5	5	759
51	50	196	200	0.5		0	0	4/4	1	1	1/8		1/8	1		8	80	G#5	5	765
51	50	393/2	401/2	0.5		1/8	1/8	4/4	1	1	1/8		1/8	1		3	81	A5	5	766
51	50	197	201	1.0		1/4	1/4	4/4	2	2	1/4		1/4	1		5	59	B3	3	770
51	50	197	201	1.0		1/4	1/4	4/4	2	1	1/4		1/4	1		-1	65	F4	4	768
51	50	197	201	2.0		1/4	1/4	4/4	1	1	1/2		1/2	1		3	81	A5	5	767
51	50	198	202	1.0		1/2	1/2	4/4	2	2	1/4		1/4	1		5	59	B3	3	771
51	50	198	202	1.0		1/2	1/2	4/4	2	1	1/4		1/4	1		-1	65	F4	4	769
52	51	200	204	1.0		0	0	4/4	2	2	1/4		1/4	1		0	60	C4	4	782
52	51	200	204	1.0		0	0	4/4	2	1	1/4		1/4	1		4	64	E4	4	781
52	51	200	204	0.25		0	0	4/4	1	1	1/16		1/16	1		1	79	G5	5	772
52	51	801/4	817/4	0.25		1/16	1/16	4/4	1	1	1/16		1/16	1		4	76	E5	5	773
52	51	401/2	409/2	0.25		1/8	1/8	4/4	1	1	1/16		1/16	1		2	74	D5	5	774
52	51	803/4	819/4	0.25		3/16	3/16	4/4	1	1	1/16		1/16	1		0	72	C5	5	775
52	51	201	205	1.0		1/4	1/4	4/4	1	2	1/4		1/4	1		2	62	D4	4	778
52	51	201	205	1.0		1/4	1/4	4/4	1	2	1/4		1/4	1		-1	65	F4	4	778
52	51	201	205	2.0		1/4	1/4	4/4	1	1	1/2		1/2	1		5	71	B4	4	776
52	51	202	206	1.0		1/2	1/2	4/4	1	2	1/4		1/4	1		2	62	D4	4	779
52	51	202	206	1.0		1/2	1/2	4/4	1	2	1/4		1/4	1		-1	65	F4	4	779
52	51	203	207	1.0		3/4	3/4	4/4	1	2	1/4		1/4	1		4	64	E4	4	780
52	51	203	207	1.0		3/4	3/4	4/4	1	2	1/4		1/4	1		1	67	G4	4	780
52	51	203	207	1.0		3/4	3/4	4/4	1	1	1/4		1/4	1		0	72	C5	5	777
53	52	204	208	0.25		0	0	4/4	1	1	1/16		1/16	1		1	79	G5	5	783
53	52	817/4	833/4	0.25		1/16	1/16	4/4	1	1	1/16		1/16	1		4	76	E5	5	784
53	52	409/2	417/2	0.25		1/8	1/8	4/4	1	1	1/16		1/16	1		2	74	D5	5	785
53	52	819/4	835/4	0.25		3/16	3/16	4/4	1	1	1/16		1/16	1		0	72	C5	5	786
53	52	205	209	1.0		1/4	1/4	4/4	2	1	1/4		1/4	1		4	64	E4	4	791
53	52	205	209	0.25		1/4	1/4	4/4	1	1	1/16		1/16	1		-2	70	Bb4	4	787
53	52	821/4	837/4	0.25		5/16	5/16	4/4	1	1	1/16		1/16	1		3	69	A4	4	788
53	52	411/2	419/2	0.25		3/8	3/8	4/4	1	1	1/16		1/16	1		8	68	G#4	4	789
53	52	823/4	839/4	0.25		7/16	7/16	4/4	1	1	1/16		1/16	1		3	69	A4	4	790
53	52	206	210	1.0		1/2	1/2	4/4	2	1	1/4		1/4	1		-1	65	F4	4	792
53	52	207	211	1.0		3/4	3/4	4/4	2	1	1/4		1/4	1		-1	53	F3	3	793
54	53	208	212	0.25		0	0	4/4	1	1	1/16		1/16	1		3	81	A5	5	794
54	53	833/4	849/4	0.25		1/16	1/16	4/4	1	1	1/16		1/16	1		-1	77	F5	5	795
54	53	417/2	425/2	0.25		1/8	1/8	4/4	1	1	1/16		1/16	1		4	76	E5	5	796
54	53	835/4	851/4	0.25		3/16	3/16	4/4	1	1	1/16		1/16	1		2	74	D5	5	797
54	53	209	213	1.0		1/4	1/4	4/4	1	2	1/4		1/4	1		6	66	F#4	4	801
54	53	209	213	1.0		1/4	1/4	4/4	1	2	1/4		1/4	1		3	69	A4	4	801
54	53	209	213	2.0		1/4	1/4	4/4	1	1	1/2		1/2	1		0	72	C5	5	798
54	53	210	214	1.0		1/2	1/2	4/4	1	2	1/4		1/4	1		6	66	F#4	4	802
54	53	210	214	1.0		1/2	1/2	4/4	1	2	1/4		1/4	1		3	69	A4	4	802
54	53	211	215	1.0		3/4	3/4	4/4	1	2	1/4		1/4	1		1	67	G4	4	803
54	53	211	215	0.75		3/4	3/4	4/4	1	1	3/16		1/8	3/2		5	71	B4	4	799
54	53	847/4	863/4	0.25		15/16	15/16	4/4	1	1	1/16		1/16	1		7	73	C#5	5	800
55	54	212	216	0.25		0	0	4/4	1	1	1/16		1/16	1		2	74	D5	5	804
55	54	849/4	865/4	0.25		1/16	1/16	4/4	1	1	1/16		1/16	1		5	71	B4	4	805
55	54	425/2	433/2	0.25		1/8	1/8	4/4	1	1	1/16		1/16	1		3	69	A4	4	806
55	54	851/4	867/4	0.25		3/16	3/16	4/4	1	1	1/16		1/16	1		1	67	G4	4	807
55	54	213	217	1.0		1/4	1/4	4/4	2	1	1/4		1/4	1		5	59	B3	3	812
55	54	213	217	0.25		1/4	1/4	4/4	1	1	1/16		1/16	1		-1	65	F4	4	808
55	54	853/4	869/4	0.25		5/16	5/16	4/4	1	1	1/16		1/16	1		4	64	E4	4	809
55	54	427/2	435/2	0.25		3/8	3/8	4/4	1	1	1/16		1/16	1		9	63	D#4	4	810
55	54	855/4	871/4	0.25		7/16	7/16	4/4	1	1	1/16		1/16	1		4	64	E4	4	811
55	54	214	218	1.0		1/2	1/2	4/4	2	1	1/4		1/4	1		0	60	C4	4	813
55	54	215	219	1.0		3/4	3/4	4/4	2	1	1/4		1/4	1		0	48	C3	3	814
56	55	216	220	0.5		0	0	4/4	2	2	1/8		1/8	1		-1	53	F3	3	832
56	55	216	220	0.5		0	0	4/4	2	1	1/8		1/8	1		0	60	C4	4	830
56	55	216	220	0.25		0	0	4/4	1	1	1/16		1/16	1		3	69	A4	4	815
56	55	865/4	881/4	0.25		1/16	1/16	4/4	1	1	1/16		1/16	1		3	81	A5	5	816
56	55	433/2	441/2	0.25		1/8	1/8	4/4	1	1	1/16		1/16	1		8	80	G#5	5	817
56	55	867/4	883/4	0.25		3/16	3/16	4/4	1	1	1/16		1/16	1		3	81	A5	5	818
56	55	217	221	0.25		1/4	1/4	4/4	1	1	1/16		1/16	1		1	79	G5	5	819
56	55	869/4	885/4	0.25		5/16	5/16	4/4	1	1	1/16		1/16	1		-1	77	F5	5	820
56	55	435/2	443/2	0.25		3/8	3/8	4/4	1	1	1/16		1/16	1		4	76	E5	5	821
56	55	871/4	887/4	0.25		7/16	7/16	4/4	1	1	1/16		1/16	1		2	74	D5	5	822
56	55	218	222	0.5		1/2	1/2	4/4	2	2	1/8		1/8	1		6	54	F#3	3	833
56	55	218	222	0.5		1/2	1/2	4/4	2	1	1/8		1/8	1		2	62	D4	4	831
56	55	873/4	889/4	0.25		9/16	9/16	4/4	1	1	1/16		1/16	1		0	72	C5	5	823
56	55	437/2	445/2	0.25		5/8	5/8	4/4	1	1	1/16		1/16	1		5	71	B4	4	824
56	55	875/4	891/4	0.25		11/16	11/16	4/4	1	1	1/16		1/16	1		0	72	C5	5	825
56	55	219	223	0.25		3/4	3/4	4/4	1	1	1/16		1/16	1		3	81	A5	5	826
56	55	877/4	893/4	0.25		13/16	13/16	4/4	1	1	1/16		1/16	1		6	78	F#5	5	827
56	55	439/2	447/2	0.25		7/8	7/8	4/4	1	1	1/16		1/16	1		2	74	D5	5	828
56	55	879/4	895/4	0.25		15/16	15/16	4/4	1	1	1/16		1/16	1		0	72	C5	5	829
57	56	220	224	0.5		0	0	4/4	2	2	1/8		1/8	1		1	55	G3	3	851
57	56	220	224	0.5		0	0	4/4	2	1	1/8		1/8	1		2	62	D4	4	849
57	56	220	224	0.25		0	0	4/4	1	1	1/16		1/16	1		5	71	B4	4	834
57	56	881/4	897/4	0.25		1/16	1/16	4/4	1	1	1/16		1/16	1		2	74	D5	5	835
57	56	441/2	449/2	0.25		1/8	1/8	4/4	1	1	1/16		1/16	1		7	73	C#5	5	836
57	56	883/4	899/4	0.25		3/16	3/16	4/4	1	1	1/16		1/16	1		2	74	D5	5	837
57	56	221	225	0.25		1/4	1/4	4/4	1	1	1/16		1/16	1		0	72	C5	5	838
57	56	885/4	901/4	0.25		5/16	5/16	4/4	1	1	1/16		1/16	1		5	71	B4	4	839
57	56	443/2	451/2	0.25		3/8	3/8	4/4	1	1	1/16		1/16	1		3	69	A4	4	840
57	56	887/4	903/4	0.25		7/16	7/16	4/4	1	1	1/16		1/16	1		1	67	G4	4	841
57	56	222	226	0.5		1/2	1/2	4/4	2	2	1/8		1/8	1		1	55	G3	3	852
57	56	222	226	0.5		1/2	1/2	4/4	2	1	1/8		1/8	1		5	59	B3	3	850
57	56	889/4	905/4	0.25		9/16	9/16	4/4	1	1	1/16		1/16	1		-1	65	F4	4	842
57	56	445/2	453/2	0.25		5/8	5/8	4/4	1	1	1/16		1/16	1		4	64	E4	4	843
57	56	891/4	907/4	0.25		11/16	11/16	4/4	1	1	1/16		1/16	1		-1	65	F4	4	844
57	56	223	227	0.25		3/4	3/4	4/4	1	1	1/16		1/16	1		2	74	D5	5	845
57	56	893/4	909/4	0.25		13/16	13/16	4/4	1	1	1/16		1/16	1		5	71	B4	4	846
57	56	447/2	455/2	0.25		7/8	7/8	4/4	1	1	1/16		1/16	1		1	67	G4	4	847
57	56	895/4	911/4	0.25		15/16	15/16	4/4	1	1	1/16		1/16	1		-1	65	F4	4	848
58	57	224	228	0.25		0	0	4/4	2	1	1/16		1/16	1		0	48	C3	3	861
58	57	897/4	913/4	0.25		1/16	1/16	4/4	2	1	1/16		1/16	1		0	60	C4	4	862
58	57	449/2	457/2	0.25		1/8	1/8	4/4	1	1	1/16		1/16	1		4	64	E4	4	853
58	57	899/4	915/4	0.25		3/16	3/16	4/4	1	1	1/16		1/16	1		0	60	C4	4	854
58	57	225	229	0.25		1/4	1/4	4/4	2	1	1/16		1/16	1		5	59	B3	3	863
58	57	901/4	917/4	0.25		5/16	5/16	4/4	2	1	1/16		1/16	1		0	60	C4	4	864
58	57	451/2	459/2	0.25		3/8	3/8	4/4	1	1	1/16		1/16	1		5	59	B3	3	855
58	57	903/4	919/4	0.25		7/16	7/16	4/4	1	1	1/16		1/16	1		0	60	C4	4	856
58	57	226	230	0.25		1/2	1/2	4/4	2	1	1/16		1/16	1		0	48	C3	3	865
58	57	905/4	921/4	0.25		9/16	9/16	4/4	2	1	1/16		1/16	1		0	60	C4	4	866
58	57	453/2	461/2	0.25		5/8	5/8	4/4	1	1	1/16		1/16	1		4	64	E4	4	857
58	57	907/4	923/4	0.25		11/16	11/16	4/4	1	1	1/16		1/16	1		0	60	C4	4	858
58	57	227	231	0.25		3/4	3/4	4/4	2	1	1/16		1/16	1		5	47	B2	2	867
58	57	909/4	925/4	0.25		13/16	13/16	4/4	2	1	1/16		1/16	1		5	59	B3	3	868
58	57	455/2	463/2	0.25		7/8	7/8	4/4	1	1	1/16		1/16	1		1	67	G4	4	859
58	57	911/4	927/4	0.25		15/16	15/16	4/4	1	1	1/16		1/16	1		4	64	E4	4	860
59	58	228	232	0.25		0	0	4/4	2	1	1/16		1/16	1		3	45	A2	2	877
59	58	913/4	929/4	0.25		1/16	1/16	4/4	2	1	1/16		1/16	1		3	57	A3	3	878
59	58	457/2	465/2	0.25		1/8	1/8	4/4	1	1	1/16		1/16	1		0	72	C5	5	869
59	58	915/4	931/4	0.25		3/16	3/16	4/4	1	1	1/16		1/16	1		0	60	C4	4	870
59	58	229	233	0.25		1/4	1/4	4/4	2	1	1/16		1/16	1		5	59	B3	3	879
59	58	917/4	933/4	0.25		5/16	5/16	4/4	2	1	1/16		1/16	1		0	60	C4	4	880
59	58	459/2	467/2	0.25		3/8	3/8	4/4	1	1	1/16		1/16	1		5	59	B3	3	871
59	58	919/4	935/4	0.25		7/16	7/16	4/4	1	1	1/16		1/16	1		0	60	C4	4	872
59	58	230	234	0.25		1/2	1/2	4/4	2	1	1/16		1/16	1		3	45	A2	2	881
59	58	921/4	937/4	0.25		9/16	9/16	4/4	2	1	1/16		1/16	1		3	57	A3	3	882
59	58	461/2	469/2	0.25		5/8	5/8	4/4	1	1	1/16		1/16	1		4	64	E4	4	873
59	58	923/4	939/4	0.25		11/16	11/16	4/4	1	1	1/16		1/16	1		0	60	C4	4	874
59	58	231	235	0.25		3/4	3/4	4/4	2	1	1/16		1/16	1		1	43	G2	2	883
59	58	925/4	941/4	0.25		13/16	13/16	4/4	2	1	1/16		1/16	1		1	55	G3	3	884
59	58	463/2	471/2	0.25		7/8	7/8	4/4	1	1	1/16		1/16	1		1	67	G4	4	875
59	58	927/4	943/4	0.25		15/16	15/16	4/4	1	1	1/16		1/16	1		4	64	E4	4	876
60	59	232	236	1.0		0	0	4/4	2	1	1/4		1/4	1		6	42	F#2	2	897
60	59	233	237	1.0		1/4	1/4	4/4	1	2	1/4		1/4	1	1	3	69	A4	4	891
60	59	233	237	1.0		1/4	1/4	4/4	1	1	1/4		1/4	1	1	0	72	C5	5	885
60	59	234	238	1.0		1/2	1/2	4/4	2	1	1/4		1/4	1		6	54	F#3	3	898
60	59	234	238	1.0		1/2	1/2	4/4	2	1	1/4		1/4	1		2	62	D4	4	898
60	59	234	238	0.5		1/2	1/2	4/4	1	2	1/8		1/8	1	-1	3	69	A4	4	892
60	59	234	238	0.5		1/2	1/2	4/4	1	1	1/8		1/8	1	-1	0	72	C5	5	886
60	59	469/2	477/2	0.25		5/8	5/8	4/4	1	2	1/16		1/16	1		5	71	B4	4	893
60	59	469/2	477/2	0.25		5/8	5/8	4/4	1	1	1/16		1/16	1		2	74	D5	5	887
60	59	939/4	955/4	0.25		11/16	11/16	4/4	1	2	1/16		1/16	1		0	72	C5	5	894
60	59	939/4	955/4	0.25		11/16	11/16	4/4	1	1	1/16		1/16	1		4	76	E5	5	888
60	59	235	239	0.0		3/4	3/4	4/4	1	1	0	appoggiatura	1/8	1		2	74	D5	5	889
60	59	235	239	0.0		3/4	3/4	4/4	1	2	0	appoggiatura	1/8	1		5	71	B4	4	895
60	59	235	239	1.0		3/4	3/4	4/4	1	2	1/4		1/4	1		3	69	A4	4	896
60	59	235	239	1.0		3/4	3/4	4/4	1	1	1/4		1/4	1		0	72	C5	5	890
61	60	236	240	1.0		0	0	4/4	2	1	1/4		1/4	1		1	55	G3	3	913
61	60	236	240	1.0		0	0	4/4	2	1	1/4		1/4	1		2	62	D4	4	913
61	60	236	240	1.0		0	0	4/4	1	2	1/4		1/4	1		1	67	G4	4	906
61	60	236	240	1.0		0	0	4/4	1	1	1/4		1/4	1		5	71	B4	4	899
61	60	237	241	1.0		1/4	1/4	4/4	1	2	1/4		1/4	1	1	2	74	D5	5	907
61	60	237	241	1.0		1/4	1/4	4/4	1	1	1/4		1/4	1	1	-1	77	F5	5	900
61	60	238	242	1.0		1/2	1/2	4/4	2	1	1/4		1/4	1		5	59	B3	3	914
61	60	238	242	1.0		1/2	1/2	4/4	2	1	1/4		1/4	1		1	67	G4	4	914
61	60	238	242	0.5		1/2	1/2	4/4	1	2	1/8		1/8	1	-1	2	74	D5	5	908
61	60	238	242	0.5		1/2	1/2	4/4	1	1	1/8		1/8	1	-1	-1	77	F5	5	901
61	60	477/2	485/2	0.25		5/8	5/8	4/4	1	2	1/16		1/16	1		4	76	E5	5	909
61	60	477/2	485/2	0.25		5/8	5/8	4/4	1	1	1/16		1/16	1		1	79	G5	5	902
61	60	955/4	971/4	0.25		11/16	11/16	4/4	1	2	1/16		1/16	1		-1	77	F5	5	910
61	60	955/4	971/4	0.25		11/16	11/16	4/4	1	1	1/16		1/16	1		3	81	A5	5	903
61	60	239	243	0.0		3/4	3/4	4/4	1	1	0	appoggiatura	1/8	1		1	79	G5	5	904
61	60	239	243	0.0		3/4	3/4	4/4	1	2	0	appoggiatura	1/8	1		4	76	E5	5	911
61	60	239	243	1.0		3/4	3/4	4/4	1	2	1/4		1/4	1		2	74	D5	5	912
61	60	239	243	1.0		3/4	3/4	4/4	1	1	1/4		1/4	1		-1	77	F5	5	905
62	61	240	244	1.0		0	0	4/4	2	1	1/4		1/4	1		0	60	C4	4	928
62	61	240	244	1.0		0	0	4/4	2	1	1/4		1/4	1		1	67	G4	4	928
62	61	240	244	1.0		0	0	4/4	1	2	1/4		1/4	1		0	72	C5	5	925
62	61	240	244	0.25		0	0	4/4	1	1	1/16		1/16	1		4	76	E5	5	915
62	61	961/4	977/4	0.25		1/16	1/16	4/4	1	1	1/16		1/16	1		1	79	G5	5	916
62	61	481/2	489/2	0.25		1/8	1/8	4/4	1	1	1/16		1/16	1		0	84	C6	6	917
62	61	963/4	979/4	0.25		3/16	3/16	4/4	1	1	1/16		1/16	1		0	72	C5	5	918
62	61	241	245	0.0		1/4	1/4	4/4	1	1	0	grace16	1/16	1		-2	82	Bb5	5	919
62	61	241	245	1.0		1/4	1/4	4/4	2	1	1/4		1/4	1		-1	65	F4	4	929
62	61	241	245	2.0		1/4	1/4	4/4	1	2	1/2		1/2	1		0	72	C5	5	926
62	61	241	245	0.5		1/4	1/4	4/4	1	1	1/8		1/8	1		3	81	A5	5	920
62	61	483/2	491/2	0.25		3/8	3/8	4/4	1	1	1/16		1/16	1		1	79	G5	5	921
62	61	967/4	983/4	0.25		7/16	7/16	4/4	1	1	1/16		1/16	1		-1	77	F5	5	922
62	61	242	246	0.0		1/2	1/2	4/4	1	1	0	grace4	1/4	1		4	76	E5	5	923
62	61	242	246	1.0		1/2	1/2	4/4	2	1	1/4		1/4	1		1	67	G4	4	930
62	61	242	246	2.0		1/2	1/2	4/4	1	1	1/2		1/2	1		2	74	D5	5	924
62	61	243	247	1.0		3/4	3/4	4/4	2	1	1/4		1/4	1		1	55	G3	3	931
62	61	243	247	1.0		3/4	3/4	4/4	1	2	1/4		1/4	1		5	71	B4	4	927
63	62		248	1.0	1	0	0	4/4	2	1	1/4		1/4	1	1	0	48	C3	3	934
63	62		248	4.0	1	0	0	4/4	1	1	1		1	1		0	72	C5	5	932
63	62		248	4.0	1	0	0	4/4	1	2	1		1	1		0	72	C5	5	933
63	62		249	0.25	1	1/4	1/4	4/4	2	1	1/16		1/16	1	-1	0	48	C3	3	935
63	62		997/4	0.125	1	5/16	5/16	4/4	2	1	1/32		1/32	1		2	50	D3	3	936
63	62		1995/8	0.125	1	11/32	11/32	4/4	2	1	1/32		1/32	1		4	52	E3	3	937
63	62		499/2	0.125	1	3/8	3/8	4/4	2	1	1/32		1/32	1		-1	53	F3	3	938
63	62		1997/8	0.125	1	13/32	13/32	4/4	2	1	1/32		1/32	1		1	55	G3	3	939
63	62		999/4	0.125	1	7/16	7/16	4/4	2	1	1/32		1/32	1		3	57	A3	3	940
63	62		1999/8	0.125	1	15/32	15/32	4/4	2	1	1/32		1/32	1		5	59	B3	3	941
63	62		250	0.5	1	1/2	1/2	4/4	2	1	1/8		1/8	1		0	60	C4	4	942
63	62		501/2	0.5	1	5/8	5/8	4/4	2	1	1/8		1/8	1		0	60	C4	4	943
63	62		501/2	0.5	1	5/8	5/8	4/4	2	1	1/8		1/8	1		4	64	E4	4	943
63	62		251	0.5	1	3/4	3/4	4/4	2	1	1/8		1/8	1		5	59	B3	3	944
63	62		251	0.5	1	3/4	3/4	4/4	2	1	1/8		1/8	1		2	62	D4	4	944
63	62		503/2	0.5	1	7/8	7/8	4/4	2	1	1/8		1/8	1		3	57	A3	3	945
63	62		503/2	0.5	1	7/8	7/8	4/4	2	1	1/8		1/8	1		0	60	C4	4	945
64	63	244	252	4.0	2	0	0	4/4	2	1	1		1	1		0	48	C3	3	948
64	63	244	252	4.0	2	0	0	4/4	1	1	1		1	1		0	72	C5	5	946
64	63	244	252	4.0	2	0	0	4/4	1	2	1		1	1		0	72	C5	5	947
