mc	mn	quarterbeats	duration_qb	volta	mc_onset	mn_onset	timesig	staff	voice	duration	gracenote	nominal_duration	scalar	tied	tpc	midi	name	octave	chord_id
1	1	0	1.0		0	0	3/4	2	1	1/4		1/4	1		0	48	C3	3	9
1	1	0	0.25		0	0	3/4	1	2	1/16		1/16	1		0	72	C5	5	1
1	1	1/4	0.25		1/16	1/16	3/4	1	2	1/16		1/16	1		2	74	D5	5	2
1	1	1/2	0.25		1/8	1/8	3/4	1	2	1/16		1/16	1		4	76	E5	5	3
1	1	3/4	0.25		3/16	3/16	3/4	1	2	1/16		1/16	1		-1	77	F5	5	4
1	1	1	0.5		1/4	1/4	3/4	1	2	1/8		1/8	1		1	79	G5	5	5
1	1	3/2	0.5		3/8	3/8	3/4	2	1	1/8		1/8	1		4	64	E4	4	10
1	1	3/2	0.5		3/8	3/8	3/4	1	2	1/8		1/8	1		0	72	C5	5	6
1	1	2	0.5		1/2	1/2	3/4	2	1	1/8		1/8	1		2	62	D4	4	11
1	1	2	0.5		1/2	1/2	3/4	1	2	1/8		1/8	1		5	71	B4	4	7
1	1	2	1.0		1/2	1/2	3/4	1	1	1/4		1/4	1		1	79	G5	5	0
1	1	5/2	0.5		5/8	5/8	3/4	2	1	1/8		1/8	1		-1	65	F4	4	12
1	1	5/2	0.5		5/8	5/8	3/4	1	2	1/8		1/8	1		2	74	D5	5	8
2	2	3	1.0		0	0	3/4	1	2	1/4		1/4	1		2	74	D5	5	15
2	2	7/2	0.5		1/8	1/8	3/4	2	1	1/8		1/8	1		-1	65	F4	4	20
2	2	4	0.5		1/4	1/4	3/4	2	1	1/8		1/8	1		4	64	E4	4	21
2	2	4	0.5		1/4	1/4	3/4	1	2	1/8		1/8	1		0	72	C5	5	16
2	2	4	1.0		1/4	1/4	3/4	1	1	1/4		1/4	1		1	79	G5	5	13
2	2	9/2	0.5		3/8	3/8	3/4	2	1	1/8		1/8	1		0	60	C4	4	22
2	2	9/2	0.5		3/8	3/8	3/4	1	2	1/8		1/8	1		4	76	E5	5	17
2	2	5	0.5		1/2	1/2	3/4	2	1	1/8		1/8	1		5	59	B3	3	23
2	2	5	0.5		1/2	1/2	3/4	1	2	1/8		1/8	1		2	74	D5	5	18
2	2	5	1.0		1/2	1/2	3/4	1	1	1/4		1/4	1		1	79	G5	5	14
2	2	11/2	0.5		5/8	5/8	3/4	2	1	1/8		1/8	1		2	62	D4	4	24
2	2	11/2	0.5		5/8	5/8	3/4	1	2	1/8		1/8	1		-1	77	F5	5	19
3	3	6	1.0		0	0	3/4	1	2	1/4		1/4	1		-1	77	F5	5	26
3	3	13/2	0.5		1/8	1/8	3/4	2	1	1/8		1/8	1		5	59	B3	3	31
3	3	7	0.5		1/4	1/4	3/4	2	1	1/8		1/8	1		0	60	C4	4	32
3	3	7	0.5		1/4	1/4	3/4	1	2	1/8		1/8	1		4	76	E5	5	27
3	3	15/2	0.5		3/8	3/8	3/4	2	1	1/8		1/8	1		4	64	E4	4	33
3	3	15/2	0.5		3/8	3/8	3/4	1	2	1/8		1/8	1		1	79	G5	5	28
3	3	8	0.5		1/2	1/2	3/4	2	1	1/8		1/8	1		2	62	D4	4	34
3	3	8	0.5		1/2	1/2	3/4	1	2	1/8		1/8	1		5	71	B4	4	29
3	3	8	1.0		1/2	1/2	3/4	1	1	1/4		1/4	1		1	79	G5	5	25
3	3	17/2	0.5		5/8	5/8	3/4	2	1	1/8		1/8	1		-1	65	F4	4	35
3	3	17/2	0.5		5/8	5/8	3/4	1	2	1/8		1/8	1		2	74	D5	5	30
4	4	9	1.0		0	0	3/4	1	2	1/4		1/4	1		2	74	D5	5	38
4	4	19/2	0.5		1/8	1/8	3/4	2	1	1/8		1/8	1		-1	65	F4	4	43
4	4	10	0.5		1/4	1/4	3/4	2	1	1/8		1/8	1		4	64	E4	4	44
4	4	10	0.5		1/4	1/4	3/4	1	2	1/8		1/8	1		0	72	C5	5	39
4	4	10	1.0		1/4	1/4	3/4	1	1	1/4		1/4	1		1	79	G5	5	36
4	4	21/2	0.5		3/8	3/8	3/4	2	1	1/8		1/8	1		0	60	C4	4	45
4	4	21/2	0.5		3/8	3/8	3/4	1	2	1/8		1/8	1		4	76	E5	5	40
4	4	11	0.5		1/2	1/2	3/4	2	1	1/8		1/8	1		5	59	B3	3	46
4	4	11	0.5		1/2	1/2	3/4	1	2	1/8		1/8	1		2	74	D5	5	41
4	4	11	1.0		1/2	1/2	3/4	1	1	1/4		1/4	1		1	79	G5	5	37
4	4	23/2	0.5		5/8	5/8	3/4	2	1	1/8		1/8	1		2	62	D4	4	47
4	4	23/2	0.5		5/8	5/8	3/4	1	2	1/8		1/8	1		-1	77	F5	5	42
5	5	12	0.0		0	0	3/4	1	1	0	grace32	1/32	1		-1	77	F5	5	48
5	5	12	0.5		0	0	3/4	2	1	1/8		1/8	1		0	60	C4	4	54
5	5	12	0.25		0	0	3/4	1	1	1/16		1/16	1		4	76	E5	5	49
5	5	49/4	0.25		1/16	1/16	3/4	1	1	1/16		1/16	1		2	74	D5	5	50
5	5	25/2	0.5		1/8	1/8	3/4	2	1	1/8		1/8	1		0	48	C3	3	55
5	5	25/2	0.25		1/8	1/8	3/4	1	1	1/16		1/16	1		4	76	E5	5	51
5	5	51/4	0.25		3/16	3/16	3/4	1	1	1/16		1/16	1		-1	77	F5	5	52
5	5	13	0.5		1/4	1/4	3/4	2	1	1/8		1/8	1		4	52	E3	3	56
5	5	13	1.0		1/4	1/4	3/4	1	1	1/4		1/4	1		1	79	G5	5	53
5	5	27/2	0.5		3/8	3/8	3/4	2	1	1/8		1/8	1		1	55	G3	3	57
5	5	14	0.5		1/2	1/2	3/4	2	1	1/8		1/8	1		0	60	C4	4	58
5	5	29/2	0.5		5/8	5/8	3/4	2	1	1/8		1/8	1		4	64	E4	4	59
6	6	15	0.0		0	0	3/4	1	1	0	grace32	1/32	1		-2	82	Bb5	5	60
6	6	15	0.5		0	0	3/4	2	1	1/8		1/8	1		-1	65	F4	4	66
6	6	15	0.25		0	0	3/4	1	1	1/16		1/16	1		3	81	A5	5	61
6	6	61/4	0.25		1/16	1/16	3/4	1	1	1/16		1/16	1		1	79	G5	5	62
6	6	31/2	0.5		1/8	1/8	3/4	2	1	1/8		1/8	1		-1	53	F3	3	67
6	6	31/2	0.25		1/8	1/8	3/4	1	1	1/16		1/16	1		3	81	A5	5	63
6	6	63/4	0.25		3/16	3/16	3/4	1	1	1/16		1/16	1		5	83	B5	5	64
6	6	16	0.5		1/4	1/4	3/4	2	1	1/8		1/8	1		3	57	A3	3	68
6	6	16	1.0		1/4	1/4	3/4	1	1	1/4		1/4	1		0	84	C6	6	65
6	6	33/2	0.5		3/8	3/8	3/4	2	1	1/8		1/8	1		0	60	C4	4	69
6	6	17	0.5		1/2	1/2	3/4	2	1	1/8		1/8	1		-1	65	F4	4	70
6	6	35/2	0.5		5/8	5/8	3/4	2	1	1/8		1/8	1		3	69	A4	4	71
7	7	18	0.0		0	0	3/4	1	1	0	grace32	1/32	1		-1	77	F5	5	72
7	7	18	0.75		0	0	3/4	2	1	3/16		1/8	3/2		0	72	C5	5	83
7	7	18	0.25		0	0	3/4	1	1	1/16		1/16	1		4	76	E5	5	73
7	7	73/4	0.25		1/16	1/16	3/4	1	1	1/16		1/16	1		2	74	D5	5	74
7	7	37/2	0.5		1/8	1/8	3/4	1	1	1/8		1/8	1		4	76	E5	5	75
7	7	75/4	0.25		3/16	3/16	3/4	2	1	1/16		1/16	1		1	67	G4	4	84
7	7	19	1.0		1/4	1/4	3/4	2	1	1/4		1/4	1		0	60	C4	4	85
7	7	77/4	0.25		5/16	5/16	3/4	1	1	1/16		1/16	1		0	72	C5	5	76
7	7	39/2	0.25		3/8	3/8	3/4	1	1	1/16		1/16	1		4	76	E5	5	77
7	7	79/4	0.25		7/16	7/16	3/4	1	1	1/16		1/16	1		1	79	G5	5	78
7	7	20	0.25		1/2	1/2	3/4	1	1	1/16		1/16	1		-1	77	F5	5	79
7	7	81/4	0.25		9/16	9/16	3/4	1	1	1/16		1/16	1		4	76	E5	5	80
7	7	41/2	0.25		5/8	5/8	3/4	1	1	1/16		1/16	1		2	74	D5	5	81
7	7	83/4	0.25		11/16	11/16	3/4	1	1	1/16		1/16	1		0	72	C5	5	82
8	8	21	0.0		0	0	3/4	1	1	0	grace32	1/32	1		4	76	E5	5	86
8	8	21	0.75		0	0	3/4	2	1	3/16		1/8	3/2		-1	65	F4	4	97
8	8	21	0.25		0	0	3/4	1	1	1/16		1/16	1		2	74	D5	5	87
8	8	85/4	0.25		1/16	1/16	3/4	1	1	1/16		1/16	1		7	73	C#5	5	88
8	8	43/2	0.5		1/8	1/8	3/4	1	1	1/8		1/8	1		2	74	D5	5	89
8	8	87/4	0.25		3/16	3/16	3/4	2	1	1/16		1/16	1		6	66	F#4	4	98
8	8	22	1.0		1/4	1/4	3/4	2	1	1/4		1/4	1		1	67	G4	4	99
8	8	89/4	0.25		5/16	5/16	3/4	1	1	1/16		1/16	1		5	71	B4	4	90
8	8	45/2	0.25		3/8	3/8	3/4	1	1	1/16		1/16	1		2	74	D5	5	91
8	8	91/4	0.25		7/16	7/16	3/4	1	1	1/16		1/16	1		-1	77	F5	5	92
8	8	23	0.25		1/2	1/2	3/4	1	1	1/16		1/16	1		4	76	E5	5	93
8	8	93/4	0.25		9/16	9/16	3/4	1	1	1/16		1/16	1		2	74	D5	5	94
8	8	47/2	0.25		5/8	5/8	3/4	1	1	1/16		1/16	1		0	72	C5	5	95
8	8	95/4	0.25		11/16	11/16	3/4	1	1	1/16		1/16	1		5	71	B4	4	96
9	9	24	0.5		0	0	3/4	2	1	1/8		1/8	1		4	64	E4	4	108
9	9	24	0.25		0	0	3/4	1	1	1/16		1/16	1		5	71	B4	4	100
9	9	97/4	0.25		1/16	1/16	3/4	1	1	1/16		1/16	1		0	72	C5	5	101
9	9	49/2	0.5		1/8	1/8	3/4	2	1	1/8		1/8	1		0	60	C4	4	109
9	9	49/2	0.25		1/8	1/8	3/4	1	1	1/16		1/16	1		4	76	E5	5	102
9	9	99/4	0.25		3/16	3/16	3/4	1	1	1/16		1/16	1		1	79	G5	5	103
9	9	25	1.0		1/4	1/4	3/4	1	2	1/4		1/4	1		2	74	D5	5	106
9	9	25	1.0		1/4	1/4	3/4	1	1	1/4		1/4	1		-1	77	F5	5	104
9	9	101/4	0.25		5/16	5/16	3/4	2	1	1/16		1/16	1		5	59	B3	3	110
9	9	51/2	0.25		3/8	3/8	3/4	2	1	1/16		1/16	1		2	62	D4	4	111
9	9	103/4	0.25		7/16	7/16	3/4	2	1	1/16		1/16	1		1	67	G4	4	112
9	9	26	1.0		1/2	1/2	3/4	1	2	1/4		1/4	1		0	72	C5	5	107
9	9	26	1.0		1/2	1/2	3/4	1	1	1/4		1/4	1		4	76	E5	5	105
9	9	105/4	0.25		9/16	9/16	3/4	2	1	1/16		1/16	1		0	60	C4	4	113
9	9	53/2	0.25		5/8	5/8	3/4	2	1	1/16		1/16	1		4	64	E4	4	114
9	9	107/4	0.25		11/16	11/16	3/4	2	1	1/16		1/16	1		6	66	F#4	4	115
10	10	27	0.0		0	0	3/4	1	1	0	appoggiatura	1/8	1		-1	77	F5	5	116
10	10	27	1.0		0	0	3/4	2	1	1/4		1/4	1		1	67	G4	4	121
10	10	27	1.0		0	0	3/4	1	2	1/4		1/4	1		0	72	C5	5	119
10	10	27	1.0		0	0	3/4	1	1	1/4		1/4	1		4	76	E5	5	117
10	10	28	1.0		1/4	1/4	3/4	1	2	1/4		1/4	1		5	71	B4	4	120
10	10	28	1.0		1/4	1/4	3/4	1	1	1/4		1/4	1		2	74	D5	5	118
10	10	57/2	0.5		3/8	3/8	3/4	2	1	1/8		1/8	1		1	55	G3	3	122
10	10	29	0.5		1/2	1/2	3/4	2	1	1/8		1/8	1		5	59	B3	3	123
10	10	59/2	0.5		5/8	5/8	3/4	2	1	1/8		1/8	1		2	62	D4	4	124
11	11	30	0.0		0	0	3/4	1	2	0	grace32	1/32	1		1	79	G5	5	130
11	11	30	1.0		0	0	3/4	2	1	1/4		1/4	1		1	55	G3	3	133
11	11	30	1.0		0	0	3/4	1	2	1/4		1/4	1		2	74	D5	5	131
11	11	30	0.25		0	0	3/4	1	1	1/16		1/16	1		-1	77	F5	5	125
11	11	121/4	0.25		1/16	1/16	3/4	1	1	1/16		1/16	1		4	76	E5	5	126
11	11	61/2	0.25		1/8	1/8	3/4	1	1	1/16		1/16	1		-1	77	F5	5	127
11	11	123/4	0.25		3/16	3/16	3/4	1	1	1/16		1/16	1		2	86	D6	6	128
11	11	31	1.0		1/4	1/4	3/4	1	2	1/4		1/4	1		2	74	D5	5	132
11	11	31	1.0		1/4	1/4	3/4	1	1	1/4		1/4	1		-1	77	F5	5	129
11	11	63/2	0.5		3/8	3/8	3/4	2	1	1/8		1/8	1		1	55	G3	3	134
11	11	32	0.5		1/2	1/2	3/4	2	1	1/8		1/8	1		5	59	B3	3	135
11	11	65/2	0.5		5/8	5/8	3/4	2	1	1/8		1/8	1		1	55	G3	3	136
12	12	33	0.0		0	0	3/4	1	1	0	grace32	1/32	1		-1	77	F5	5	137
12	12	33	1.0		0	0	3/4	2	1	1/4		1/4	1		0	60	C4	4	145
12	12	33	1.0		0	0	3/4	1	2	1/4		1/4	1		0	72	C5	5	143
12	12	33	0.25		0	0	3/4	1	1	1/16		1/16	1		4	76	E5	5	138
12	12	133/4	0.25		1/16	1/16	3/4	1	1	1/16		1/16	1		9	75	D#5	5	139
12	12	67/2	0.25		1/8	1/8	3/4	1	1	1/16		1/16	1		4	76	E5	5	140
12	12	135/4	0.25		3/16	3/16	3/4	1	1	1/16		1/16	1		0	84	C6	6	141
12	12	34	1.0		1/4	1/4	3/4	1	2	1/4		1/4	1		0	72	C5	5	144
12	12	34	1.0		1/4	1/4	3/4	1	1	1/4		1/4	1		4	76	E5	5	142
12	12	69/2	0.5		3/8	3/8	3/4	2	1	1/8		1/8	1		0	48	C3	3	146
12	12	35	0.5		1/2	1/2	3/4	2	1	1/8		1/8	1		4	52	E3	3	147
12	12	71/2	0.5		5/8	5/8	3/4	2	1	1/8		1/8	1		0	48	C3	3	148
13	13	36	0.0		0	0	3/4	1	1	0	grace32	1/32	1		4	76	E5	5	149
13	13	36	1.0		0	0	3/4	2	2	1/4		1/4	1		-1	53	F3	3	159
13	13	36	1.0		0	0	3/4	2	1	1/4		1/4	1		3	57	A3	3	155
13	13	36	0.25		0	0	3/4	1	1	1/16		1/16	1		2	74	D5	5	150
13	13	145/4	0.25		1/16	1/16	3/4	1	1	1/16		1/16	1		7	73	C#5	5	151
13	13	73/2	0.25		1/8	1/8	3/4	1	1	1/16		1/16	1		2	74	D5	5	152
13	13	147/4	0.25		3/16	3/16	3/4	1	1	1/16		1/16	1		3	81	A5	5	153
13	13	37	1.0		1/4	1/4	3/4	1	1	1/4		1/4	1		2	74	D5	5	154
13	13	75/2	0.5		3/8	3/8	3/4	2	2	1/8		1/8	1		6	54	F#3	3	160
13	13	75/2	0.5		3/8	3/8	3/4	2	1	1/8		1/8	1		3	57	A3	3	156
13	13	38	0.5		1/2	1/2	3/4	2	2	1/8		1/8	1		6	54	F#3	3	161
13	13	38	0.5		1/2	1/2	3/4	2	1	1/8		1/8	1		3	57	A3	3	157
13	13	77/2	0.5		5/8	5/8	3/4	2	2	1/8		1/8	1		6	54	F#3	3	162
13	13	77/2	0.5		5/8	5/8	3/4	2	1	1/8		1/8	1		3	57	A3	3	158
14	14	39	0.0		0	0	3/4	1	1	0	grace32	1/32	1		4	76	E5	5	163
14	14	39	1.0		0	0	3/4	2	2	1/4		1/4	1		1	55	G3	3	173
14	14	39	1.0		0	0	3/4	2	1	1/4		1/4	1		5	59	B3	3	169
14	14	39	0.25		0	0	3/4	1	1	1/16		1/16	1		2	74	D5	5	164
14	14	157/4	0.25		1/16	1/16	3/4	1	1	1/16		1/16	1		7	73	C#5	5	165
14	14	79/2	0.25		1/8	1/8	3/4	1	1	1/16		1/16	1		2	74	D5	5	166
14	14	159/4	0.25		3/16	3/16	3/4	1	1	1/16		1/16	1		1	79	G5	5	167
14	14	40	1.0		1/4	1/4	3/4	1	1	1/4		1/4	1		2	74	D5	5	168
14	14	81/2	0.5		3/8	3/8	3/4	2	2	1/8		1/8	1		1	55	G3	3	174
14	14	81/2	0.5		3/8	3/8	3/4	2	1	1/8		1/8	1		5	59	B3	3	170
14	14	41	0.5		1/2	1/2	3/4	2	2	1/8		1/8	1		1	55	G3	3	175
14	14	41	0.5		1/2	1/2	3/4	2	1	1/8		1/8	1		5	59	B3	3	171
14	14	83/2	0.5		5/8	5/8	3/4	2	2	1/8		1/8	1		1	55	G3	3	176
14	14	83/2	0.5		5/8	5/8	3/4	2	1	1/8		1/8	1		5	59	B3	3	172
15	15	42	0.0		0	0	3/4	1	1	0	grace32	1/32	1		4	76	E5	5	177
15	15	42	1.0		0	0	3/4	2	2	1/4		1/4	1		3	57	A3	3	190
15	15	42	1.0		0	0	3/4	2	1	1/4		1/4	1		0	60	C4	4	186
15	15	42	0.25		0	0	3/4	1	1	1/16		1/16	1		2	74	D5	5	178
15	15	169/4	0.25		1/16	1/16	3/4	1	1	1/16		1/16	1		7	73	C#5	5	179
15	15	85/2	0.25		1/8	1/8	3/4	1	1	1/16		1/16	1		2	74	D5	5	180
15	15	171/4	0.25		3/16	3/16	3/4	1	1	1/16		1/16	1		6	78	F#5	5	181
15	15	43	1.0		1/4	1/4	3/4	1	1	1/4		1/4	1		2	74	D5	5	182
15	15	87/2	0.5		3/8	3/8	3/4	2	1	1/8		1/8	1		3	57	A3	3	187
15	15	87/2	0.5		3/8	3/8	3/4	1	2	1/8		1/8	1		6	66	F#4	4	183
15	15	44	0.5		1/2	1/2	3/4	2	1	1/8		1/8	1		3	57	A3	3	188
15	15	44	0.5		1/2	1/2	3/4	1	2	1/8		1/8	1		6	66	F#4	4	184
15	15	89/2	0.5		5/8	5/8	3/4	2	1	1/8		1/8	1		3	57	A3	3	189
15	15	89/2	0.5		5/8	5/8	3/4	2	1	1/8		1/8	1		0	60	C4	4	189
15	15	89/2	0.5		5/8	5/8	3/4	1	2	1/8		1/8	1		6	66	F#4	4	185
16	16	45	0.0		0	0	3/4	1	1	0	grace32	1/32	1		4	76	E5	5	191
16	16	45	1.0		0	0	3/4	2	1	1/4		1/4	1		5	59	B3	3	204
16	16	45	1.0		0	0	3/4	1	2	1/4		1/4	1		1	67	G4	4	200
16	16	45	0.25		0	0	3/4	1	1	1/16		1/16	1		2	74	D5	5	192
16	16	181/4	0.25		1/16	1/16	3/4	1	1	1/16		1/16	1		7	73	C#5	5	193
16	16	91/2	0.25		1/8	1/8	3/4	1	1	1/16		1/16	1		2	74	D5	5	194
16	16	183/4	0.25		3/16	3/16	3/4	1	1	1/16		1/16	1		1	79	G5	5	195
16	16	46	0.5		1/4	1/4	3/4	1	1	1/8		1/8	1		2	74	D5	5	196
16	16	93/2	0.5		3/8	3/8	3/4	2	1	1/8		1/8	1		5	59	B3	3	205
16	16	93/2	0.5		3/8	3/8	3/4	1	2	1/8		1/8	1		1	67	G4	4	201
16	16	187/4	0.25		7/16	7/16	3/4	1	1	1/16		1/16	1		1	79	G5	5	197
16	16	47	0.0		1/2	1/2	3/4	1	1	0	appoggiatura	1/8	1		4	76	E5	5	198
16	16	47	0.5		1/2	1/2	3/4	2	1	1/8		1/8	1		0	60	C4	4	206
16	16	47	0.5		1/2	1/2	3/4	1	2	1/8		1/8	1		1	67	G4	4	202
16	16	47	1.0		1/2	1/2	3/4	1	1	1/4		1/4	1		4	76	E5	5	199
16	16	95/2	0.5		5/8	5/8	3/4	2	1	1/8		1/8	1		0	60	C4	4	207
16	16	95/2	0.5		5/8	5/8	3/4	1	2	1/8		1/8	1		6	66	F#4	4	203
17	17	48	1.0		0	0	3/4	2	1	1/4		1/4	1		5	59	B3	3	221
17	17	48	1.0		0	0	3/4	1	2	1/4		1/4	1		1	67	G4	4	219
17	17	193/4	0.25		1/16	1/16	3/4	1	1	1/16		1/16	1		2	74	D5	5	208
17	17	97/2	0.25		1/8	1/8	3/4	1	1	1/16		1/16	1		4	76	E5	5	209
17	17	195/4	0.25		3/16	3/16	3/4	1	1	1/16		1/16	1		6	78	F#5	5	210
17	17	49	1.0		1/4	1/4	3/4	2	1	1/4		1/4	1		5	59	B3	3	222
17	17	49	1.0		1/4	1/4	3/4	1	2	1/4		1/4	1		2	62	D4	4	220
17	17	49	0.25		1/4	1/4	3/4	1	1	1/16		1/16	1		1	79	G5	5	211
17	17	197/4	0.25		5/16	5/16	3/4	1	1	1/16		1/16	1		3	81	A5	5	212
17	17	99/2	0.25		3/8	3/8	3/4	1	1	1/16		1/16	1		5	83	B5	5	213
17	17	199/4	0.25		7/16	7/16	3/4	1	1	1/16		1/16	1		0	84	C6	6	214
17	17	50	0.25		1/2	1/2	3/4	1	1	1/16		1/16	1		2	86	D6	6	215
17	17	201/4	0.25		9/16	9/16	3/4	1	1	1/16		1/16	1		5	83	B5	5	216
17	17	101/2	0.25		5/8	5/8	3/4	1	1	1/16		1/16	1		1	79	G5	5	217
17	17	203/4	0.25		11/16	11/16	3/4	1	1	1/16		1/16	1		-1	77	F5	5	218
18	18	51	1.0		0	0	3/4	2	1	1/4		1/4	1		0	60	C4	4	234
18	18	51	1.0		0	0	3/4	2	2	1/4		1/4	1		0	60	C4	4	236
18	18	205/4	0.25		1/16	1/16	3/4	1	1	1/16		1/16	1		4	76	E5	5	223
18	18	103/2	0.25		1/8	1/8	3/4	1	1	1/16		1/16	1		6	78	F#5	5	224
18	18	207/4	0.25		3/16	3/16	3/4	1	1	1/16		1/16	1		8	80	G#5	5	225
18	18	52	1.0		1/4	1/4	3/4	2	2	1/4		1/4	1		0	60	C4	4	237
18	18	52	1.0		1/4	1/4	3/4	2	1	1/4		1/4	1		4	64	E4	4	235
18	18	52	0.25		1/4	1/4	3/4	1	1	1/16		1/16	1		3	81	A5	5	226
18	18	209/4	0.25		5/16	5/16	3/4	1	1	1/16		1/16	1		5	83	B5	5	227
18	18	105/2	0.25		3/8	3/8	3/4	1	1	1/16		1/16	1		0	84	C6	6	228
18	18	211/4	0.25		7/16	7/16	3/4	1	1	1/16		1/16	1		2	86	D6	6	229
18	18	53	0.25		1/2	1/2	3/4	1	1	1/16		1/16	1		4	88	E6	6	230
18	18	213/4	0.25		9/16	9/16	3/4	1	1	1/16		1/16	1		0	84	C6	6	231
18	18	107/2	0.25		5/8	5/8	3/4	1	1	1/16		1/16	1		3	81	A5	5	232
18	18	215/4	0.25		11/16	11/16	3/4	1	1	1/16		1/16	1		1	79	G5	5	233
19	19	54	0.5		0	0	3/4	2	1	1/8		1/8	1		2	62	D4	4	250
19	19	54	0.5		0	0	3/4	2	2	1/8		1/8	1		2	62	D4	4	251
19	19	54	0.25		0	0	3/4	1	1	1/16		1/16	1		6	78	F#5	5	238
19	19	217/4	0.25		1/16	1/16	3/4	1	1	1/16		1/16	1		3	81	A5	5	239
19	19	109/2	0.5		1/8	1/8	3/4	2	2	1/8		1/8	1		2	50	D3	3	252
19	19	109/2	0.25		1/8	1/8	3/4	1	1	1/16		1/16	1		0	84	C6	6	240
19	19	219/4	0.25		3/16	3/16	3/4	1	1	1/16		1/16	1		5	83	B5	5	241
19	19	55	0.25		1/4	1/4	3/4	1	1	1/16		1/16	1		3	81	A5	5	242
19	19	221/4	0.25		5/16	5/16	3/4	1	1	1/16		1/16	1		0	84	C6	6	243
19	19	111/2	0.25		3/8	3/8	3/4	1	1	1/16		1/16	1		4	88	E6	6	244
19	19	223/4	0.25		7/16	7/16	3/4	1	1	1/16		1/16	1		2	86	D6	6	245
19	19	56	0.25		1/2	1/2	3/4	1	1	1/16		1/16	1		0	84	C6	6	246
19	19	225/4	0.25		9/16	9/16	3/4	1	1	1/16		1/16	1		5	83	B5	5	247
19	19	113/2	0.25		5/8	5/8	3/4	1	1	1/16		1/16	1		3	81	A5	5	248
19	19	227/4	0.25		11/16	11/16	3/4	1	1	1/16		1/16	1		1	79	G5	5	249
20	20	57	0.5		0	0	3/4	2	1	1/8		1/8	1		2	62	D4	4	263
20	20	57	0.25		0	0	3/4	1	1	1/16		1/16	1		6	78	F#5	5	253
20	20	229/4	0.25		1/16	1/16	3/4	1	1	1/16		1/16	1		3	81	A5	5	254
20	20	115/2	0.5		1/8	1/8	3/4	2	1	1/8		1/8	1		2	50	D3	3	264
20	20	115/2	0.25		1/8	1/8	3/4	1	1	1/16		1/16	1		0	84	C6	6	255
20	20	231/4	0.25		3/16	3/16	3/4	1	1	1/16		1/16	1		5	83	B5	5	256
20	20	58	0.25		1/4	1/4	3/4	1	1	1/16		1/16	1		3	81	A5	5	257
20	20	233/4	0.25		5/16	5/16	3/4	1	1	1/16		1/16	1		1	79	G5	5	258
20	20	117/2	0.25		3/8	3/8	3/4	1	1	1/16		1/16	1		6	78	F#5	5	259
20	20	235/4	0.25		7/16	7/16	3/4	1	1	1/16		1/16	1		4	76	E5	5	260
20	20	59	0.75		1/2	1/2	3/4	1	1	3/16		1/8	3/2		2	74	D5	5	261
20	20	237/4	0.25		9/16	9/16	3/4	2	1	1/16		1/16	1		2	50	D3	3	265
20	20	119/2	0.25		5/8	5/8	3/4	2	1	1/16		1/16	1		4	52	E3	3	266
20	20	239/4	0.25		11/16	11/16	3/4	2	1	1/16		1/16	1		6	54	F#3	3	267
20	20	239/4	0.25		11/16	11/16	3/4	1	1	1/16		1/16	1		0	72	C5	5	262
21	21	60	0.0		0	0	3/4	1	1	0	grace32	1/32	1		0	72	C5	5	268
21	21	60	1.0		0	0	3/4	2	1	1/4		1/4	1		1	55	G3	3	283
21	21	60	0.25		0	0	3/4	1	1	1/16		1/16	1		5	71	B4	4	269
21	21	241/4	0.25		1/16	1/16	3/4	1	1	1/16		1/16	1		3	69	A4	4	270
21	21	121/2	0.25		1/8	1/8	3/4	1	1	1/16		1/16	1		1	67	G4	4	271
21	21	243/4	0.25		3/16	3/16	3/4	1	1	1/16		1/16	1		4	76	E5	5	272
21	21	61	0.0		1/4	1/4	3/4	1	1	0	grace32	1/32	1		4	76	E5	5	273
21	21	61	1.0		1/4	1/4	3/4	2	1	1/4		1/4	1		5	59	B3	3	284
21	21	61	0.25		1/4	1/4	3/4	1	1	1/16		1/16	1		2	74	D5	5	274
21	21	245/4	0.25		5/16	5/16	3/4	1	1	1/16		1/16	1		0	72	C5	5	275
21	21	123/2	0.25		3/8	3/8	3/4	1	1	1/16		1/16	1		5	71	B4	4	276
21	21	247/4	0.25		7/16	7/16	3/4	1	1	1/16		1/16	1		1	79	G5	5	277
21	21	62	0.0		1/2	1/2	3/4	1	1	0	grace32	1/32	1		1	79	G5	5	278
21	21	62	1.0		1/2	1/2	3/4	2	1	1/4		1/4	1		2	62	D4	4	285
21	21	62	0.25		1/2	1/2	3/4	1	1	1/16		1/16	1		6	78	F#5	5	279
21	21	249/4	0.25		9/16	9/16	3/4	1	1	1/16		1/16	1		4	76	E5	5	280
21	21	125/2	0.25		5/8	5/8	3/4	1	1	1/16		1/16	1		2	74	D5	5	281
21	21	251/4	0.25		11/16	11/16	3/4	1	1	1/16		1/16	1		0	84	C6	6	282
22	22	63	0.0		0	0	3/4	1	1	0	grace32	1/32	1		0	84	C6	6	286
22	22	63	1.0		0	0	3/4	2	1	1/4		1/4	1		1	67	G4	4	293
22	22	63	0.25		0	0	3/4	1	1	1/16		1/16	1		5	83	B5	5	287
22	22	253/4	0.25		1/16	1/16	3/4	1	1	1/16		1/16	1		3	81	A5	5	288
22	22	127/2	0.25		1/8	1/8	3/4	1	1	1/16		1/16	1		1	79	G5	5	289
22	22	255/4	0.25		3/16	3/16	3/4	1	1	1/16		1/16	1		4	88	E6	6	290
22	22	64	1.0		1/4	1/4	3/4	1	1	1/4		1/4	1		2	86	D6	6	291
22	22	257/4	0.25		5/16	5/16	3/4	2	1	1/16		1/16	1		1	43	G2	2	294
22	22	129/2	0.25		3/8	3/8	3/4	2	1	1/16		1/16	1		5	47	B2	2	295
22	22	259/4	0.25		7/16	7/16	3/4	2	1	1/16		1/16	1		2	50	D3	3	296
22	22	65	0.25		1/2	1/2	3/4	2	1	1/16		1/16	1		1	55	G3	3	297
22	22	261/4	0.25		9/16	9/16	3/4	2	1	1/16		1/16	1		3	57	A3	3	298
22	22	131/2	0.25		5/8	5/8	3/4	2	1	1/16		1/16	1		5	59	B3	3	299
22	22	131/2	0.5		5/8	5/8	3/4	1	1	1/8		1/8	1		2	62	D4	4	292
22	22	263/4	0.25		11/16	11/16	3/4	2	1	1/16		1/16	1		1	55	G3	3	300
23	23	66	1.0		0	0	3/4	2	1	1/4		1/4	1		0	60	C4	4	307
23	23	66	0.25		0	0	3/4	1	1	1/16		1/16	1		4	64	E4	4	301
23	23	265/4	0.25		1/16	1/16	3/4	1	1	1/16		1/16	1		4	76	E5	5	302
23	23	133/2	0.25		1/8	1/8	3/4	1	1	1/16		1/16	1		0	72	C5	5	303
23	23	267/4	0.25		3/16	3/16	3/4	1	1	1/16		1/16	1		3	69	A4	4	304
23	23	67	1.0		1/4	1/4	3/4	2	1	1/4		1/4	1		2	62	D4	4	308
23	23	67	1.0		1/4	1/4	3/4	1	1	1/4		1/4	1		1	67	G4	4	305
23	23	68	1.0		1/2	1/2	3/4	2	1	1/4		1/4	1		2	50	D3	3	309
23	23	68	1.0		1/2	1/2	3/4	1	1	1/4		1/4	1		3	69	A4	4	306
24	24		0.5	1	0	0	3/4	2	1	1/8		1/8	1		1	43	G2	2	311
24	24		2.0	1	0	0	3/4	1	1	1/2		1/2	1		1	67	G4	4	310
24	24		0.25	1	1/8	1/8	3/4	2	1	1/16		1/16	1		5	47	B2	2	312
24	24		0.25	1	3/16	3/16	3/4	2	1	1/16		1/16	1		2	50	D3	3	313
24	24		0.5	1	1/4	1/4	3/4	2	1	1/8		1/8	1		1	55	G3	3	314
24	24		0.5	1	3/8	3/8	3/4	2	1	1/8		1/8	1		-1	53	F3	3	315
24	24		0.5	1	1/2	1/2	3/4	2	1	1/8		1/8	1		4	52	E3	3	316
24	24		0.5	1	5/8	5/8	3/4	2	1	1/8		1/8	1		2	50	D3	3	317
25	24	69	0.5	2	0	0	3/4	2	1	1/8		1/8	1		1	43	G2	2	319
25	24	69	2.0	2	0	0	3/4	1	1	1/2		1/2	1		1	67	G4	4	318
25	24	139/2	0.25	2	1/8	1/8	3/4	2	1	1/16		1/16	1		5	47	B2	2	320
25	24	279/4	0.25	2	3/16	3/16	3/4	2	1	1/16		1/16	1		2	50	D3	3	321
25	24	70	0.5	2	1/4	1/4	3/4	2	1	1/8		1/8	1		1	55	G3	3	322
25	24	141/2	0.5	2	3/8	3/8	3/4	2	1	1/8		1/8	1		0	48	C3	3	323
25	24	71	0.5	2	1/2	1/2	3/4	2	1	1/8		1/8	1		5	47	B2	2	324
25	24	143/2	0.5	2	5/8	5/8	3/4	2	1	1/8		1/8	1		3	45	A2	2	325
26	25	72	1.0		0	0	3/4	2	1	1/4		1/4	1		1	43	G2	2	335
26	25	72	0.25		0	0	3/4	1	2	1/16		1/16	1		1	67	G4	4	327
26	25	289/4	0.25		1/16	1/16	3/4	1	2	1/16		1/16	1		3	69	A4	4	328
26	25	145/2	0.25		1/8	1/8	3/4	1	2	1/16		1/16	1		5	71	B4	4	329
26	25	291/4	0.25		3/16	3/16	3/4	1	2	1/16		1/16	1		0	72	C5	5	330
26	25	73	0.5		1/4	1/4	3/4	1	2	1/8		1/8	1		2	74	D5	5	331
26	25	147/2	0.5		3/8	3/8	3/4	2	1	1/8		1/8	1		5	59	B3	3	336
26	25	147/2	0.5		3/8	3/8	3/4	1	2	1/8		1/8	1		1	67	G4	4	332
26	25	74	0.5		1/2	1/2	3/4	2	1	1/8		1/8	1		3	57	A3	3	337
26	25	74	0.5		1/2	1/2	3/4	1	2	1/8		1/8	1		6	66	F#4	4	333
26	25	74	1.0		1/2	1/2	3/4	1	1	1/4		1/4	1		2	74	D5	5	326
26	25	149/2	0.5		5/8	5/8	3/4	2	1	1/8		1/8	1		0	60	C4	4	338
26	25	149/2	0.5		5/8	5/8	3/4	1	2	1/8		1/8	1		3	69	A4	4	334
27	26	75	1.0		0	0	3/4	1	2	1/4		1/4	1		3	69	A4	4	341
27	26	151/2	0.5		1/8	1/8	3/4	2	1	1/8		1/8	1		0	60	C4	4	346
27	26	76	0.5		1/4	1/4	3/4	2	1	1/8		1/8	1		5	59	B3	3	347
27	26	76	0.5		1/4	1/4	3/4	1	2	1/8		1/8	1		1	67	G4	4	342
27	26	76	1.0		1/4	1/4	3/4	1	1	1/4		1/4	1		2	74	D5	5	339
27	26	153/2	0.5		3/8	3/8	3/4	2	1	1/8		1/8	1		1	55	G3	3	348
27	26	153/2	0.5		3/8	3/8	3/4	1	2	1/8		1/8	1		5	71	B4	4	343
27	26	77	0.5		1/2	1/2	3/4	2	1	1/8		1/8	1		6	54	F#3	3	349
27	26	77	0.5		1/2	1/2	3/4	1	2	1/8		1/8	1		3	69	A4	4	344
27	26	77	1.0		1/2	1/2	3/4	1	1	1/4		1/4	1		2	74	D5	5	340
27	26	155/2	0.5		5/8	5/8	3/4	2	1	1/8		1/8	1		3	57	A3	3	350
27	26	155/2	0.5		5/8	5/8	3/4	1	2	1/8		1/8	1		0	72	C5	5	345
28	27	78	1.0		0	0	3/4	1	2	1/4		1/4	1		0	72	C5	5	352
28	27	157/2	0.5		1/8	1/8	3/4	2	1	1/8		1/8	1		6	54	F#3	3	357
28	27	79	0.5		1/4	1/4	3/4	2	1	1/8		1/8	1		1	55	G3	3	358
28	27	79	0.5		1/4	1/4	3/4	1	2	1/8		1/8	1		5	71	B4	4	353
28	27	159/2	0.5		3/8	3/8	3/4	2	1	1/8		1/8	1		5	59	B3	3	359
28	27	159/2	0.5		3/8	3/8	3/4	1	2	1/8		1/8	1		2	74	D5	5	354
28	27	80	0.5		1/2	1/2	3/4	2	1	1/8		1/8	1		3	57	A3	3	360
28	27	80	0.5		1/2	1/2	3/4	1	2	1/8		1/8	1		6	66	F#4	4	355
28	27	80	1.0		1/2	1/2	3/4	1	1	1/4		1/4	1		2	74	D5	5	351
28	27	161/2	0.5		5/8	5/8	3/4	2	1	1/8		1/8	1		0	60	C4	4	361
28	27	161/2	0.5		5/8	5/8	3/4	1	2	1/8		1/8	1		3	69	A4	4	356
29	28	81	1.0		0	0	3/4	1	2	1/4		1/4	1		3	69	A4	4	364
29	28	163/2	0.5		1/8	1/8	3/4	2	1	1/8		1/8	1		0	60	C4	4	369
29	28	82	0.5		1/4	1/4	3/4	2	1	1/8		1/8	1		5	59	B3	3	370
29	28	82	0.5		1/4	1/4	3/4	1	2	1/8		1/8	1		1	67	G4	4	365
29	28	82	1.0		1/4	1/4	3/4	1	1	1/4		1/4	1		2	74	D5	5	362
29	28	165/2	0.5		3/8	3/8	3/4	2	1	1/8		1/8	1		1	55	G3	3	371
29	28	165/2	0.5		3/8	3/8	3/4	1	2	1/8		1/8	1		5	71	B4	4	366
29	28	83	0.5		1/2	1/2	3/4	2	1	1/8		1/8	1		6	54	F#3	3	372
29	28	83	0.5		1/2	1/2	3/4	1	2	1/8		1/8	1		3	69	A4	4	367
29	28	83	1.0		1/2	1/2	3/4	1	1	1/4		1/4	1		2	74	D5	5	363
29	28	167/2	0.5		5/8	5/8	3/4	2	1	1/8		1/8	1		3	57	A3	3	373
29	28	167/2	0.5		5/8	5/8	3/4	1	2	1/8		1/8	1		0	72	C5	5	368
30	29	84	0.0		0	0	3/4	1	1	0	grace32	1/32	1		0	72	C5	5	374
30	29	84	0.5		0	0	3/4	2	1	1/8		1/8	1		1	55	G3	3	380
30	29	84	0.25		0	0	3/4	1	1	1/16		1/16	1		5	71	B4	4	375
30	29	337/4	0.25		1/16	1/16	3/4	1	1	1/16		1/16	1		3	69	A4	4	376
30	29	169/2	0.5		1/8	1/8	3/4	2	1	1/8		1/8	1		1	43	G2	2	381
30	29	169/2	0.25		1/8	1/8	3/4	1	1	1/16		1/16	1		5	71	B4	4	377
30	29	339/4	0.25		3/16	3/16	3/4	1	1	1/16		1/16	1		0	72	C5	5	378
30	29	85	0.5		1/4	1/4	3/4	2	1	1/8		1/8	1		5	47	B2	2	382
30	29	85	1.0		1/4	1/4	3/4	1	1	1/4		1/4	1		2	74	D5	5	379
30	29	171/2	0.5		3/8	3/8	3/4	2	1	1/8		1/8	1		2	50	D3	3	383
30	29	86	0.5		1/2	1/2	3/4	2	1	1/8		1/8	1		1	55	G3	3	384
30	29	173/2	0.5		5/8	5/8	3/4	2	1	1/8		1/8	1		5	59	B3	3	385
31	30	87	0.0		0	0	3/4	1	1	0	grace32	1/32	1		-1	77	F5	5	386
31	30	87	0.5		0	0	3/4	2	1	1/8		1/8	1		0	60	C4	4	392
31	30	87	0.25		0	0	3/4	1	1	1/16		1/16	1		4	76	E5	5	387
31	30	349/4	0.25		1/16	1/16	3/4	1	1	1/16		1/16	1		2	74	D5	5	388
31	30	175/2	0.5		1/8	1/8	3/4	2	1	1/8		1/8	1		0	48	C3	3	393
31	30	175/2	0.25		1/8	1/8	3/4	1	1	1/16		1/16	1		4	76	E5	5	389
31	30	351/4	0.25		3/16	3/16	3/4	1	1	1/16		1/16	1		6	78	F#5	5	390
31	30	88	0.5		1/4	1/4	3/4	2	1	1/8		1/8	1		4	52	E3	3	394
31	30	88	1.0		1/4	1/4	3/4	1	1	1/4		1/4	1		1	79	G5	5	391
31	30	177/2	0.5		3/8	3/8	3/4	2	1	1/8		1/8	1		1	55	G3	3	395
31	30	89	0.5		1/2	1/2	3/4	2	1	1/8		1/8	1		0	60	C4	4	396
31	30	179/2	0.5		5/8	5/8	3/4	2	1	1/8		1/8	1		4	64	E4	4	397
32	31	90	0.0		0	0	3/4	1	1	0	grace32	1/32	1		0	72	C5	5	398
32	31	90	0.75		0	0	3/4	2	1	3/16		1/8	3/2		1	67	G4	4	409
32	31	90	0.25		0	0	3/4	1	1	1/16		1/16	1		5	71	B4	4	399
32	31	361/4	0.25		1/16	1/16	3/4	1	1	1/16		1/16	1		3	69	A4	4	400
32	31	181/2	0.5		1/8	1/8	3/4	1	1	1/8		1/8	1		5	71	B4	4	401
32	31	363/4	0.25		3/16	3/16	3/4	2	1	1/16		1/16	1		2	62	D4	4	410
32	31	91	1.0		1/4	1/4	3/4	2	1	1/4		1/4	1		1	55	G3	3	411
32	31	365/4	0.25		5/16	5/16	3/4	1	1	1/16		1/16	1		1	67	G4	4	402
32	31	183/2	0.25		3/8	3/8	3/4	1	1	1/16		1/16	1		5	71	B4	4	403
32	31	367/4	0.25		7/16	7/16	3/4	1	1	1/16		1/16	1		2	74	D5	5	404
32	31	92	0.25		1/2	1/2	3/4	1	1	1/16		1/16	1		0	72	C5	5	405
32	31	369/4	0.25		9/16	9/16	3/4	1	1	1/16		1/16	1		5	71	B4	4	406
32	31	185/2	0.25		5/8	5/8	3/4	1	1	1/16		1/16	1		3	69	A4	4	407
32	31	371/4	0.25		11/16	11/16	3/4	1	1	1/16		1/16	1		1	67	G4	4	408
33	32	93	0.0		0	0	3/4	1	1	0	grace32	1/32	1		5	71	B4	4	412
33	32	93	0.75		0	0	3/4	2	1	3/16		1/8	3/2		0	60	C4	4	423
33	32	93	0.25		0	0	3/4	1	1	1/16		1/16	1		3	69	A4	4	413
33	32	373/4	0.25		1/16	1/16	3/4	1	1	1/16		1/16	1		8	68	G#4	4	414
33	32	187/2	0.5		1/8	1/8	3/4	1	1	1/8		1/8	1		3	69	A4	4	415
33	32	375/4	0.25		3/16	3/16	3/4	2	1	1/16		1/16	1		7	61	C#4	4	424
33	32	94	1.0		1/4	1/4	3/4	2	1	1/4		1/4	1		2	62	D4	4	425
33	32	377/4	0.25		5/16	5/16	3/4	1	1	1/16		1/16	1		6	66	F#4	4	416
33	32	189/2	0.25		3/8	3/8	3/4	1	1	1/16		1/16	1		3	69	A4	4	417
33	32	379/4	0.25		7/16	7/16	3/4	1	1	1/16		1/16	1		0	72	C5	5	418
33	32	95	0.25		1/2	1/2	3/4	1	1	1/16		1/16	1		5	71	B4	4	419
33	32	381/4	0.25		9/16	9/16	3/4	1	1	1/16		1/16	1		3	69	A4	4	420
33	32	191/2	0.25		5/8	5/8	3/4	1	1	1/16		1/16	1		1	67	G4	4	421
33	32	383/4	0.25		11/16	11/16	3/4	1	1	1/16		1/16	1		6	66	F#4	4	422
34	33	96	0.75		0	0	3/4	2	1	3/16		1/8	3/2		5	59	B3	3	435
34	33	96	0.25		0	0	3/4	1	1	1/16		1/16	1		1	67	G4	4	426
34	33	385/4	0.25		1/16	1/16	3/4	1	1	1/16		1/16	1		2	74	D5	5	427
34	33	193/2	0.25		1/8	1/8	3/4	1	1	1/16		1/16	1		5	71	B4	4	428
34	33	387/4	0.25		3/16	3/16	3/4	2	1	1/16		1/16	1		0	60	C4	4	436
34	33	387/4	0.25		3/16	3/16	3/4	1	1	1/16		1/16	1		6	66	F#4	4	429
34	33	97	0.75		1/4	1/4	3/4	2	1	3/16		1/8	3/2		5	59	B3	3	437
34	33	97	0.25		1/4	1/4	3/4	1	1	1/16		1/16	1		1	67	G4	4	430
34	33	389/4	0.25		5/16	5/16	3/4	1	1	1/16		1/16	1		2	74	D5	5	431
34	33	195/2	0.25		3/8	3/8	3/4	1	1	1/16		1/16	1		5	71	B4	4	432
34	33	391/4	0.25		7/16	7/16	3/4	2	1	1/16		1/16	1		3	57	A3	3	438
34	33	391/4	0.25		7/16	7/16	3/4	1	1	1/16		1/16	1		6	66	F#4	4	433
34	33	98	0.25		1/2	1/2	3/4	2	1	1/16		1/16	1		5	59	B3	3	439
34	33	98	0.5		1/2	1/2	3/4	1	1	1/8		1/8	1		1	67	G4	4	434
34	33	393/4	0.25		9/16	9/16	3/4	2	1	1/16		1/16	1		1	55	G3	3	440
34	33	197/2	0.25		5/8	5/8	3/4	2	1	1/16		1/16	1		5	59	B3	3	441
34	33	395/4	0.25		11/16	11/16	3/4	2	1	1/16		1/16	1		2	62	D4	4	442
35	34	99	0.5		0	0	3/4	2	1	1/8		1/8	1		-1	65	F4	4	455
35	34	99	0.25		0	0	3/4	1	1	1/16		1/16	1		1	67	G4	4	443
35	34	397/4	0.25		1/16	1/16	3/4	1	1	1/16		1/16	1		3	69	A4	4	444
35	34	199/2	0.5		1/8	1/8	3/4	2	1	1/8		1/8	1		1	55	G3	3	456
35	34	199/2	0.25		1/8	1/8	3/4	1	1	1/16		1/16	1		5	71	B4	4	445
35	34	399/4	0.25		3/16	3/16	3/4	1	1	1/16		1/16	1		0	72	C5	5	446
35	34	100	0.25		1/4	1/4	3/4	1	1	1/16		1/16	1		2	74	D5	5	447
35	34	401/4	0.25		5/16	5/16	3/4	1	1	1/16		1/16	1		4	76	E5	5	448
35	34	201/2	0.25		3/8	3/8	3/4	1	1	1/16		1/16	1		-1	77	F5	5	449
35	34	403/4	0.25		7/16	7/16	3/4	1	1	1/16		1/16	1		1	79	G5	5	450
35	34	101	0.25		1/2	1/2	3/4	1	1	1/16		1/16	1		3	81	A5	5	451
35	34	405/4	0.25		9/16	9/16	3/4	1	1	1/16		1/16	1		-1	77	F5	5	452
35	34	203/2	0.5		5/8	5/8	3/4	2	1	1/8		1/8	1		-1	65	F4	4	457
35	34	203/2	0.25		5/8	5/8	3/4	1	1	1/16		1/16	1		4	76	E5	5	453
35	34	407/4	0.25		11/16	11/16	3/4	1	1	1/16		1/16	1		2	74	D5	5	454
36	35	102	0.5		0	0	3/4	2	1	1/8		1/8	1		4	64	E4	4	467
36	35	102	0.25		0	0	3/4	1	2	1/16		1/16	1		0	72	C5	5	459
36	35	409/4	0.25		1/16	1/16	3/4	1	2	1/16		1/16	1		2	74	D5	5	460
36	35	205/2	0.5		1/8	1/8	3/4	2	1	1/8		1/8	1		0	60	C4	4	468
36	35	205/2	0.25		1/8	1/8	3/4	1	2	1/16		1/16	1		4	76	E5	5	461
36	35	411/4	0.25		3/16	3/16	3/4	1	2	1/16		1/16	1		-1	77	F5	5	462
36	35	103	0.5		1/4	1/4	3/4	1	2	1/8		1/8	1		1	79	G5	5	463
36	35	207/2	0.5		3/8	3/8	3/4	2	1	1/8		1/8	1		4	64	E4	4	469
36	35	207/2	0.5		3/8	3/8	3/4	1	2	1/8		1/8	1		0	72	C5	5	464
36	35	104	0.5		1/2	1/2	3/4	2	1	1/8		1/8	1		2	62	D4	4	470
36	35	104	0.5		1/2	1/2	3/4	1	2	1/8		1/8	1		5	71	B4	4	465
36	35	104	1.0		1/2	1/2	3/4	1	1	1/4		1/4	1		1	79	G5	5	458
36	35	209/2	0.5		5/8	5/8	3/4	2	1	1/8		1/8	1		-1	65	F4	4	471
36	35	209/2	0.5		5/8	5/8	3/4	1	2	1/8		1/8	1		2	74	D5	5	466
37	36	105	1.0		0	0	3/4	1	2	1/4		1/4	1		2	74	D5	5	474
37	36	211/2	0.5		1/8	1/8	3/4	2	1	1/8		1/8	1		-1	65	F4	4	479
37	36	106	0.5		1/4	1/4	3/4	2	1	1/8		1/8	1		4	64	E4	4	480
37	36	106	0.5		1/4	1/4	3/4	1	2	1/8		1/8	1		0	72	C5	5	475
37	36	106	1.0		1/4	1/4	3/4	1	1	1/4		1/4	1		1	79	G5	5	472
37	36	213/2	0.5		3/8	3/8	3/4	2	1	1/8		1/8	1		0	60	C4	4	481
37	36	213/2	0.5		3/8	3/8	3/4	1	2	1/8		1/8	1		4	76	E5	5	476
37	36	107	0.5		1/2	1/2	3/4	2	1	1/8		1/8	1		5	59	B3	3	482
37	36	107	0.5		1/2	1/2	3/4	1	2	1/8		1/8	1		2	74	D5	5	477
37	36	107	1.0		1/2	1/2	3/4	1	1	1/4		1/4	1		1	79	G5	5	473
37	36	215/2	0.5		5/8	5/8	3/4	2	1	1/8		1/8	1		2	62	D4	4	483
37	36	215/2	0.5		5/8	5/8	3/4	1	2	1/8		1/8	1		-1	77	F5	5	478
38	37	108	1.0		0	0	3/4	1	2	1/4		1/4	1		-1	77	F5	5	485
38	37	217/2	0.5		1/8	1/8	3/4	2	1	1/8		1/8	1		5	59	B3	3	490
38	37	109	0.5		1/4	1/4	3/4	2	1	1/8		1/8	1		0	60	C4	4	491
38	37	109	0.5		1/4	1/4	3/4	1	2	1/8		1/8	1		4	76	E5	5	486
38	37	219/2	0.5		3/8	3/8	3/4	2	1	1/8		1/8	1		4	64	E4	4	492
38	37	219/2	0.5		3/8	3/8	3/4	1	2	1/8		1/8	1		1	79	G5	5	487
38	37	110	0.5		1/2	1/2	3/4	2	1	1/8		1/8	1		2	62	D4	4	493
38	37	110	0.5		1/2	1/2	3/4	1	2	1/8		1/8	1		5	71	B4	4	488
38	37	110	1.0		1/2	1/2	3/4	1	1	1/4		1/4	1		1	79	G5	5	484
38	37	221/2	0.5		5/8	5/8	3/4	2	1	1/8		1/8	1		-1	65	F4	4	494
38	37	221/2	0.5		5/8	5/8	3/4	1	2	1/8		1/8	1		2	74	D5	5	489
39	38	111	1.0		0	0	3/4	1	2	1/4		1/4	1		2	74	D5	5	497
39	38	223/2	0.5		1/8	1/8	3/4	2	1	1/8		1/8	1		-1	65	F4	4	502
39	38	112	0.5		1/4	1/4	3/4	2	1	1/8		1/8	1		4	64	E4	4	503
39	38	112	0.5		1/4	1/4	3/4	1	2	1/8		1/8	1		0	72	C5	5	498
39	38	112	1.0		1/4	1/4	3/4	1	1	1/4		1/4	1		1	79	G5	5	495
39	38	225/2	0.5		3/8	3/8	3/4	2	1	1/8		1/8	1		0	60	C4	4	504
39	38	225/2	0.5		3/8	3/8	3/4	1	2	1/8		1/8	1		4	76	E5	5	499
39	38	113	0.5		1/2	1/2	3/4	2	1	1/8		1/8	1		5	59	B3	3	505
39	38	113	0.5		1/2	1/2	3/4	1	2	1/8		1/8	1		2	74	D5	5	500
39	38	113	1.0		1/2	1/2	3/4	1	1	1/4		1/4	1		1	79	G5	5	496
39	38	227/2	0.5		5/8	5/8	3/4	2	1	1/8		1/8	1		2	62	D4	4	506
39	38	227/2	0.5		5/8	5/8	3/4	1	2	1/8		1/8	1		-1	77	F5	5	501
40	39	114	0.0		0	0	3/4	1	1	0	grace32	1/32	1		-1	77	F5	5	507
40	39	114	0.5		0	0	3/4	2	1	1/8		1/8	1		0	60	C4	4	513
40	39	114	0.25		0	0	3/4	1	1	1/16		1/16	1		4	76	E5	5	508
40	39	457/4	0.25		1/16	1/16	3/4	1	1	1/16		1/16	1		2	74	D5	5	509
40	39	229/2	0.5		1/8	1/8	3/4	2	1	1/8		1/8	1		0	48	C3	3	514
40	39	229/2	0.25		1/8	1/8	3/4	1	1	1/16		1/16	1		4	76	E5	5	510
40	39	459/4	0.25		3/16	3/16	3/4	1	1	1/16		1/16	1		-1	77	F5	5	511
40	39	115	0.5		1/4	1/4	3/4	2	1	1/8		1/8	1		4	52	E3	3	515
40	39	115	1.0		1/4	1/4	3/4	1	1	1/4		1/4	1		1	79	G5	5	512
40	39	231/2	0.5		3/8	3/8	3/4	2	1	1/8		1/8	1		1	55	G3	3	516
40	39	116	0.5		1/2	1/2	3/4	2	1	1/8		1/8	1		0	60	C4	4	517
40	39	233/2	0.5		5/8	5/8	3/4	2	1	1/8		1/8	1		4	64	E4	4	518
41	40	117	0.0		0	0	3/4	1	1	0	grace32	1/32	1		-2	82	Bb5	5	519
41	40	117	0.5		0	0	3/4	2	1	1/8		1/8	1		-1	65	F4	4	525
41	40	117	0.25		0	0	3/4	1	1	1/16		1/16	1		3	81	A5	5	520
41	40	469/4	0.25		1/16	1/16	3/4	1	1	1/16		1/16	1		1	79	G5	5	521
41	40	235/2	0.5		1/8	1/8	3/4	2	1	1/8		1/8	1		-1	53	F3	3	526
41	40	235/2	0.25		1/8	1/8	3/4	1	1	1/16		1/16	1		3	81	A5	5	522
41	40	471/4	0.25		3/16	3/16	3/4	1	1	1/16		1/16	1		5	83	B5	5	523
41	40	118	0.5		1/4	1/4	3/4	2	1	1/8		1/8	1		3	57	A3	3	527
41	40	118	1.0		1/4	1/4	3/4	1	1	1/4		1/4	1		0	84	C6	6	524
41	40	237/2	0.5		3/8	3/8	3/4	2	1	1/8		1/8	1		0	60	C4	4	528
41	40	119	0.5		1/2	1/2	3/4	2	1	1/8		1/8	1		-1	65	F4	4	529
41	40	239/2	0.5		5/8	5/8	3/4	2	1	1/8		1/8	1		3	69	A4	4	530
42	41	120	0.0		0	0	3/4	1	1	0	grace32	1/32	1		-1	77	F5	5	531
42	41	120	0.75		0	0	3/4	1	2	3/16		1/8	3/2		0	72	C5	5	542
42	41	120	0.25		0	0	3/4	1	1	1/16		1/16	1		4	76	E5	5	532
42	41	481/4	0.25		1/16	1/16	3/4	1	1	1/16		1/16	1		2	74	D5	5	533
42	41	241/2	0.5		1/8	1/8	3/4	1	1	1/8		1/8	1		4	76	E5	5	534
42	41	483/4	0.25		3/16	3/16	3/4	1	2	1/16		1/16	1		1	67	G4	4	543
42	41	121	1.0		1/4	1/4	3/4	1	2	1/4		1/4	1		0	60	C4	4	544
42	41	485/4	0.25		5/16	5/16	3/4	1	1	1/16		1/16	1		0	72	C5	5	535
42	41	243/2	0.25		3/8	3/8	3/4	1	1	1/16		1/16	1		4	76	E5	5	536
42	41	487/4	0.25		7/16	7/16	3/4	1	1	1/16		1/16	1		1	79	G5	5	537
42	41	122	0.25		1/2	1/2	3/4	1	1	1/16		1/16	1		-1	77	F5	5	538
42	41	489/4	0.25		9/16	9/16	3/4	1	1	1/16		1/16	1		4	76	E5	5	539
42	41	245/2	0.25		5/8	5/8	3/4	1	1	1/16		1/16	1		2	74	D5	5	540
42	41	491/4	0.25		11/16	11/16	3/4	1	1	1/16		1/16	1		0	72	C5	5	541
43	42	123	0.0		0	0	3/4	1	1	0	grace32	1/32	1		4	76	E5	5	545
43	42	123	0.75		0	0	3/4	2	1	3/16		1/8	3/2		-1	65	F4	4	556
43	42	123	0.25		0	0	3/4	1	1	1/16		1/16	1		2	74	D5	5	546
43	42	493/4	0.25		1/16	1/16	3/4	1	1	1/16		1/16	1		7	73	C#5	5	547
43	42	247/2	0.5		1/8	1/8	3/4	1	1	1/8		1/8	1		2	74	D5	5	548
43	42	495/4	0.25		3/16	3/16	3/4	2	1	1/16		1/16	1		6	66	F#4	4	557
43	42	124	1.0		1/4	1/4	3/4	2	1	1/4		1/4	1		1	67	G4	4	558
43	42	497/4	0.25		5/16	5/16	3/4	1	1	1/16		1/16	1		5	71	B4	4	549
43	42	249/2	0.25		3/8	3/8	3/4	1	1	1/16		1/16	1		2	74	D5	5	550
43	42	499/4	0.25		7/16	7/16	3/4	1	1	1/16		1/16	1		-1	77	F5	5	551
43	42	125	0.25		1/2	1/2	3/4	1	1	1/16		1/16	1		4	76	E5	5	552
43	42	501/4	0.25		9/16	9/16	3/4	1	1	1/16		1/16	1		2	74	D5	5	553
43	42	251/2	0.25		5/8	5/8	3/4	1	1	1/16		1/16	1		0	72	C5	5	554
43	42	503/4	0.25		11/16	11/16	3/4	1	1	1/16		1/16	1		5	71	B4	4	555
44	43	126	0.75		0	0	3/4	1	2	3/16		1/8	3/2		4	64	E4	4	568
44	43	126	0.25		0	0	3/4	1	1	1/16		1/16	1		0	72	C5	5	559
44	43	505/4	0.25		1/16	1/16	3/4	1	1	1/16		1/16	1		1	79	G5	5	560
44	43	253/2	0.25		1/8	1/8	3/4	1	1	1/16		1/16	1		4	76	E5	5	561
44	43	507/4	0.25		3/16	3/16	3/4	1	2	1/16		1/16	1		2	62	D4	4	569
44	43	507/4	0.25		3/16	3/16	3/4	1	1	1/16		1/16	1		5	71	B4	4	562
44	43	127	0.75		1/4	1/4	3/4	1	2	3/16		1/8	3/2		4	64	E4	4	570
44	43	127	0.25		1/4	1/4	3/4	1	1	1/16		1/16	1		0	72	C5	5	563
44	43	509/4	0.25		5/16	5/16	3/4	1	1	1/16		1/16	1		1	79	G5	5	564
44	43	255/2	0.25		3/8	3/8	3/4	1	1	1/16		1/16	1		4	76	E5	5	565
44	43	511/4	0.25		7/16	7/16	3/4	1	2	1/16		1/16	1		2	62	D4	4	571
44	43	511/4	0.25		7/16	7/16	3/4	1	1	1/16		1/16	1		5	71	B4	4	566
44	43	128	0.25		1/2	1/2	3/4	1	2	1/16		1/16	1		4	64	E4	4	572
44	43	128	0.5		1/2	1/2	3/4	1	1	1/8		1/8	1		0	72	C5	5	567
44	43	513/4	0.25		9/16	9/16	3/4	1	2	1/16		1/16	1		0	60	C4	4	573
44	43	257/2	0.25		5/8	5/8	3/4	1	2	1/16		1/16	1		4	64	E4	4	574
44	43	515/4	0.25		11/16	11/16	3/4	1	2	1/16		1/16	1		1	67	G4	4	575
45	44	129	0.5		0	0	3/4	2	1	1/8		1/8	1		-2	70	Bb4	4	588
45	44	129	0.25		0	0	3/4	1	1	1/16		1/16	1		0	72	C5	5	576
45	44	517/4	0.25		1/16	1/16	3/4	1	1	1/16		1/16	1		2	74	D5	5	577
45	44	259/2	0.5		1/8	1/8	3/4	2	1	1/8		1/8	1		0	60	C4	4	589
45	44	259/2	0.25		1/8	1/8	3/4	1	1	1/16		1/16	1		4	76	E5	5	578
45	44	519/4	0.25		3/16	3/16	3/4	1	1	1/16		1/16	1		-1	77	F5	5	579
45	44	130	0.25		1/4	1/4	3/4	1	1	1/16		1/16	1		1	79	G5	5	580
45	44	521/4	0.25		5/16	5/16	3/4	1	1	1/16		1/16	1		3	81	A5	5	581
45	44	261/2	0.25		3/8	3/8	3/4	1	1	1/16		1/16	1		-2	82	Bb5	5	582
45	44	523/4	0.25		7/16	7/16	3/4	1	1	1/16		1/16	1		0	84	C6	6	583
45	44	131	0.25		1/2	1/2	3/4	1	1	1/16		1/16	1		2	86	D6	6	584
45	44	525/4	0.25		9/16	9/16	3/4	1	1	1/16		1/16	1		-2	82	Bb5	5	585
45	44	263/2	0.5		5/8	5/8	3/4	2	1	1/8		1/8	1		4	64	E4	4	590
45	44	263/2	0.25		5/8	5/8	3/4	1	1	1/16		1/16	1		3	81	A5	5	586
45	44	527/4	0.25		11/16	11/16	3/4	1	1	1/16		1/16	1		1	79	G5	5	587
46	45	132	0.5		0	0	3/4	2	1	1/8		1/8	1		-1	65	F4	4	599
46	45	132	1.0		0	0	3/4	1	1	1/4		1/4	1		-2	82	Bb5	5	591
46	45	265/2	0.5		1/8	1/8	3/4	2	1	1/8		1/8	1		-1	53	F3	3	600
46	45	133	0.5		1/4	1/4	3/4	1	1	1/8		1/8	1		3	81	A5	5	592
46	45	267/2	0.5		3/8	3/8	3/4	1	2	1/8		1/8	1		-2	70	Bb4	4	596
46	45	267/2	0.5		3/8	3/8	3/4	1	2	1/8		1/8	1		0	72	C5	5	596
46	45	267/2	0.5		3/8	3/8	3/4	1	1	1/8		1/8	1		4	76	E5	5	593
46	45	134	0.5		1/2	1/2	3/4	1	2	1/8		1/8	1		3	69	A4	4	597
46	45	134	0.5		1/2	1/2	3/4	1	2	1/8		1/8	1		0	72	C5	5	597
46	45	134	0.5		1/2	1/2	3/4	1	1	1/8		1/8	1		-1	77	F5	5	594
46	45	269/2	0.5		5/8	5/8	3/4	1	2	1/8		1/8	1		1	67	G4	4	598
46	45	269/2	0.5		5/8	5/8	3/4	1	2	1/8		1/8	1		0	72	C5	5	598
46	45	269/2	0.5		5/8	5/8	3/4	1	1	1/8		1/8	1		1	79	G5	5	595
47	46	135	0.5		0	0	3/4	2	1	1/8		1/8	1		-1	65	F4	4	610
47	46	135	1.0		0	0	3/4	1	2	1/4		1/4	1		0	72	C5	5	606
47	46	135	1.0		0	0	3/4	1	1	1/4		1/4	1		-2	82	Bb5	5	601
47	46	271/2	0.5		1/8	1/8	3/4	2	1	1/8		1/8	1		-1	53	F3	3	611
47	46	136	0.5		1/4	1/4	3/4	1	1	1/8		1/8	1		3	81	A5	5	602
47	46	273/2	0.5		3/8	3/8	3/4	1	2	1/8		1/8	1		1	67	G4	4	607
47	46	273/2	0.5		3/8	3/8	3/4	1	2	1/8		1/8	1		3	69	A4	4	607
47	46	273/2	0.5		3/8	3/8	3/4	1	1	1/8		1/8	1		7	73	C#5	5	603
47	46	137	0.5		1/2	1/2	3/4	1	2	1/8		1/8	1		-1	65	F4	4	608
47	46	137	0.5		1/2	1/2	3/4	1	2	1/8		1/8	1		3	69	A4	4	608
47	46	137	0.5		1/2	1/2	3/4	1	1	1/8		1/8	1		2	74	D5	5	604
47	46	275/2	0.5		5/8	5/8	3/4	1	2	1/8		1/8	1		4	64	E4	4	609
47	46	275/2	0.5		5/8	5/8	3/4	1	2	1/8		1/8	1		3	69	A4	4	609
47	46	275/2	0.5		5/8	5/8	3/4	1	1	1/8		1/8	1		4	76	E5	5	605
48	47	138	0.5		0	0	3/4	2	1	1/8		1/8	1		2	62	D4	4	621
48	47	138	1.0		0	0	3/4	1	2	1/4		1/4	1		3	69	A4	4	617
48	47	138	1.0		0	0	3/4	1	1	1/4		1/4	1		1	79	G5	5	612
48	47	277/2	0.5		1/8	1/8	3/4	2	1	1/8		1/8	1		2	50	D3	3	622
48	47	139	0.5		1/4	1/4	3/4	1	1	1/8		1/8	1		-1	77	F5	5	613
48	47	279/2	0.5		3/8	3/8	3/4	1	2	1/8		1/8	1		-1	65	F4	4	618
48	47	279/2	0.5		3/8	3/8	3/4	1	2	1/8		1/8	1		1	67	G4	4	618
48	47	279/2	0.5		3/8	3/8	3/4	1	1	1/8		1/8	1		5	71	B4	4	614
48	47	140	0.5		1/2	1/2	3/4	1	2	1/8		1/8	1		4	64	E4	4	619
48	47	140	0.5		1/2	1/2	3/4	1	2	1/8		1/8	1		1	67	G4	4	619
48	47	140	0.5		1/2	1/2	3/4	1	1	1/8		1/8	1		0	72	C5	5	615
48	47	281/2	0.5		5/8	5/8	3/4	1	2	1/8		1/8	1		2	62	D4	4	620
48	47	281/2	0.5		5/8	5/8	3/4	1	2	1/8		1/8	1		1	67	G4	4	620
48	47	281/2	0.5		5/8	5/8	3/4	1	1	1/8		1/8	1		2	74	D5	5	616
49	48	141	0.5		0	0	3/4	1	2	1/8		1/8	1		0	60	C4	4	628
49	48	141	0.5		0	0	3/4	1	2	1/8		1/8	1		1	67	G4	4	628
49	48	141	0.5		0	0	3/4	1	1	1/8		1/8	1		4	76	E5	5	623
49	48	283/2	0.5		1/8	1/8	3/4	1	2	1/8		1/8	1		2	62	D4	4	629
49	48	283/2	0.5		1/8	1/8	3/4	1	2	1/8		1/8	1		4	64	E4	4	629
49	48	283/2	0.5		1/8	1/8	3/4	1	1	1/8		1/8	1		8	68	G#4	4	624
49	48	142	0.5		1/4	1/4	3/4	1	2	1/8		1/8	1		0	60	C4	4	630
49	48	142	0.5		1/4	1/4	3/4	1	2	1/8		1/8	1		6	66	F#4	4	630
49	48	142	0.5		1/4	1/4	3/4	1	1	1/8		1/8	1		3	69	A4	4	625
49	48	285/2	0.5		3/8	3/8	3/4	1	2	1/8		1/8	1		5	59	B3	3	631
49	48	285/2	0.5		3/8	3/8	3/4	1	2	1/8		1/8	1		8	68	G#4	4	631
49	48	285/2	0.5		3/8	3/8	3/4	1	1	1/8		1/8	1		5	71	B4	4	626
49	48	143	0.25		1/2	1/2	3/4	2	1	1/16		1/16	1		3	57	A3	3	633
49	48	143	0.5		1/2	1/2	3/4	1	2	1/8		1/8	1		3	69	A4	4	632
49	48	143	0.5		1/2	1/2	3/4	1	1	1/8		1/8	1		0	72	C5	5	627
49	48	573/4	0.25		9/16	9/16	3/4	2	1	1/16		1/16	1		1	55	G3	3	634
49	48	287/2	0.25		5/8	5/8	3/4	2	1	1/16		1/16	1		-1	53	F3	3	635
49	48	575/4	0.25		11/16	11/16	3/4	2	1	1/16		1/16	1		4	52	E3	3	636
50	49	144	0.0		0	0	3/4	1	1	0	grace32	1/32	1		2	74	D5	5	637
50	49	144	1.0		0	0	3/4	2	1	1/4		1/4	1		9	51	D#3	3	644
50	49	144	0.25		0	0	3/4	1	1	1/16		1/16	1		0	72	C5	5	638
50	49	577/4	0.25		1/16	1/16	3/4	1	1	1/16		1/16	1		5	71	B4	4	639
50	49	289/2	0.25		1/8	1/8	3/4	1	1	1/16		1/16	1		0	72	C5	5	640
50	49	579/4	0.25		3/16	3/16	3/4	1	1	1/16		1/16	1		3	81	A5	5	641
50	49	145	1.0		1/4	1/4	3/4	1	2	1/4		1/4	1		3	69	A4	4	643
50	49	145	1.0		1/4	1/4	3/4	1	1	1/4		1/4	1		0	72	C5	5	642
50	49	291/2	0.5		3/8	3/8	3/4	2	1	1/8		1/8	1		9	51	D#3	3	645
50	49	146	0.5		1/2	1/2	3/4	2	1	1/8		1/8	1		9	51	D#3	3	646
50	49	293/2	0.5		5/8	5/8	3/4	2	1	1/8		1/8	1		9	51	D#3	3	647
51	50	147	0.5		0	0	3/4	2	1	1/8		1/8	1		4	52	E3	3	652
51	50	147	1.0		0	0	3/4	1	2	1/4		1/4	1		3	69	A4	4	650
51	50	147	1.0		0	0	3/4	1	1	1/4		1/4	1		0	72	C5	5	648
51	50	295/2	0.5		1/8	1/8	3/4	2	1	1/8		1/8	1		4	40	E2	2	653
51	50	148	0.5		1/4	1/4	3/4	2	1	1/8		1/8	1		8	44	G#2	2	654
51	50	148	1.0		1/4	1/4	3/4	1	2	1/4		1/4	1		8	68	G#4	4	651
51	50	148	1.0		1/4	1/4	3/4	1	1	1/4		1/4	1		5	71	B4	4	649
51	50	297/2	0.5		3/8	3/8	3/4	2	1	1/8		1/8	1		5	47	B2	2	655
51	50	149	0.5		1/2	1/2	3/4	2	1	1/8		1/8	1		4	52	E3	3	656
51	50	299/2	0.5		5/8	5/8	3/4	2	1	1/8		1/8	1		2	50	D3	3	657
52	51	150	0.0		0	0	3/4	1	1	0	grace32	1/32	1		5	71	B4	4	658
52	51	150	1.0		0	0	3/4	2	2	1/4		1/4	1		0	48	C3	3	668
52	51	150	1.0		0	0	3/4	2	1	1/4		1/4	1		4	52	E3	3	664
52	51	150	0.25		0	0	3/4	1	1	1/16		1/16	1		3	69	A4	4	659
52	51	601/4	0.25		1/16	1/16	3/4	1	1	1/16		1/16	1		8	68	G#4	4	660
52	51	301/2	0.25		1/8	1/8	3/4	1	1	1/16		1/16	1		3	69	A4	4	661
52	51	603/4	0.25		3/16	3/16	3/4	1	1	1/16		1/16	1		4	76	E5	5	662
52	51	151	1.0		1/4	1/4	3/4	1	1	1/4		1/4	1		3	69	A4	4	663
52	51	303/2	0.5		3/8	3/8	3/4	2	2	1/8		1/8	1		0	48	C3	3	669
52	51	303/2	0.5		3/8	3/8	3/4	2	1	1/8		1/8	1		4	52	E3	3	665
52	51	152	0.5		1/2	1/2	3/4	2	2	1/8		1/8	1		0	48	C3	3	670
52	51	152	0.5		1/2	1/2	3/4	2	1	1/8		1/8	1		4	52	E3	3	666
52	51	305/2	0.5		5/8	5/8	3/4	2	2	1/8		1/8	1		0	48	C3	3	671
52	51	305/2	0.5		5/8	5/8	3/4	2	1	1/8		1/8	1		4	52	E3	3	667
53	52	153	0.0		0	0	3/4	1	1	0	grace32	1/32	1		0	72	C5	5	672
53	52	153	1.0		0	0	3/4	2	2	1/4		1/4	1		2	50	D3	3	682
53	52	153	1.0		0	0	3/4	2	1	1/4		1/4	1		-1	53	F3	3	678
53	52	153	0.25		0	0	3/4	1	1	1/16		1/16	1		-2	70	Bb4	4	673
53	52	613/4	0.25		1/16	1/16	3/4	1	1	1/16		1/16	1		3	69	A4	4	674
53	52	307/2	0.25		1/8	1/8	3/4	1	1	1/16		1/16	1		-2	70	Bb4	4	675
53	52	615/4	0.25		3/16	3/16	3/4	1	1	1/16		1/16	1		-1	77	F5	5	676
53	52	154	1.0		1/4	1/4	3/4	1	1	1/4		1/4	1		-2	70	Bb4	4	677
53	52	309/2	0.5		3/8	3/8	3/4	2	2	1/8		1/8	1		2	50	D3	3	683
53	52	309/2	0.5		3/8	3/8	3/4	2	1	1/8		1/8	1		-1	53	F3	3	679
53	52	155	0.5		1/2	1/2	3/4	2	2	1/8		1/8	1		2	50	D3	3	684
53	52	155	0.5		1/2	1/2	3/4	2	1	1/8		1/8	1		-1	53	F3	3	680
53	52	311/2	0.5		5/8	5/8	3/4	2	2	1/8		1/8	1		2	50	D3	3	685
53	52	311/2	0.5		5/8	5/8	3/4	2	1	1/8		1/8	1		-1	53	F3	3	681
54	53	156	0.0		0	0	3/4	1	1	0	grace32	1/32	1		2	74	D5	5	686
54	53	156	1.0		0	0	3/4	2	2	1/4		1/4	1		4	52	E3	3	696
54	53	156	1.0		0	0	3/4	2	1	1/4		1/4	1		1	55	G3	3	692
54	53	156	0.25		0	0	3/4	1	1	1/16		1/16	1		7	73	C#5	5	687
54	53	625/4	0.25		1/16	1/16	3/4	1	1	1/16		1/16	1		5	71	B4	4	688
54	53	313/2	0.25		1/8	1/8	3/4	1	1	1/16		1/16	1		7	73	C#5	5	689
54	53	627/4	0.25		3/16	3/16	3/4	1	1	1/16		1/16	1		1	79	G5	5	690
54	53	157	1.0		1/4	1/4	3/4	1	1	1/4		1/4	1		7	73	C#5	5	691
54	53	315/2	0.5		3/8	3/8	3/4	2	2	1/8		1/8	1		4	52	E3	3	697
54	53	315/2	0.5		3/8	3/8	3/4	2	1	1/8		1/8	1		1	55	G3	3	693
54	53	158	0.5		1/2	1/2	3/4	2	2	1/8		1/8	1		4	52	E3	3	698
54	53	158	0.5		1/2	1/2	3/4	2	1	1/8		1/8	1		1	55	G3	3	694
54	53	317/2	0.5		5/8	5/8	3/4	2	2	1/8		1/8	1		4	52	E3	3	699
54	53	317/2	0.5		5/8	5/8	3/4	2	1	1/8		1/8	1		1	55	G3	3	695
55	54	159	1.0		0	0	3/4	2	2	1/4		1/4	1		-1	53	F3	3	713
55	54	159	1.0		0	0	3/4	2	1	1/4		1/4	1		3	57	A3	3	705
55	54	159	0.25		0	0	3/4	1	1	1/16		1/16	1		2	74	D5	5	700
55	54	637/4	0.25		1/16	1/16	3/4	1	1	1/16		1/16	1		3	69	A4	4	701
55	54	319/2	0.25		1/8	1/8	3/4	1	1	1/16		1/16	1		2	74	D5	5	702
55	54	639/4	0.25		3/16	3/16	3/4	1	1	1/16		1/16	1		-1	77	F5	5	703
55	54	160	1.0		1/4	1/4	3/4	1	1	1/4		1/4	1		3	81	A5	5	704
55	54	641/4	0.25		5/16	5/16	3/4	2	1	1/16		1/16	1		2	50	D3	3	706
55	54	321/2	0.25		3/8	3/8	3/4	2	1	1/16		1/16	1		-1	53	F3	3	707
55	54	643/4	0.25		7/16	7/16	3/4	2	1	1/16		1/16	1		3	57	A3	3	708
55	54	161	0.25		1/2	1/2	3/4	2	1	1/16		1/16	1		2	62	D4	4	709
55	54	645/4	0.25		9/16	9/16	3/4	2	1	1/16		1/16	1		0	60	C4	4	710
55	54	323/2	0.25		5/8	5/8	3/4	2	1	1/16		1/16	1		5	59	B3	3	711
55	54	647/4	0.25		11/16	11/16	3/4	2	1	1/16		1/16	1		3	57	A3	3	712
56	55	162	0.0		0	0	3/4	1	1	0	grace32	1/32	1		5	71	B4	4	714
56	55	162	1.0		0	0	3/4	2	1	1/4		1/4	1		5	59	B3	3	720
56	55	162	0.25		0	0	3/4	1	1	1/16		1/16	1		1	67	G4	4	715
56	55	649/4	0.25		1/16	1/16	3/4	1	1	1/16		1/16	1		6	66	F#4	4	716
56	55	325/2	0.25		1/8	1/8	3/4	1	1	1/16		1/16	1		1	67	G4	4	717
56	55	651/4	0.25		3/16	3/16	3/4	1	1	1/16		1/16	1		2	74	D5	5	718
56	55	163	1.0		1/4	1/4	3/4	1	1	1/4		1/4	1		1	67	G4	4	719
56	55	327/2	0.5		3/8	3/8	3/4	2	2	1/8		1/8	1		5	47	B2	2	724
56	55	327/2	0.5		3/8	3/8	3/4	2	1	1/8		1/8	1		2	50	D3	3	721
56	55	164	0.5		1/2	1/2	3/4	2	2	1/8		1/8	1		5	47	B2	2	725
56	55	164	0.5		1/2	1/2	3/4	2	1	1/8		1/8	1		2	50	D3	3	722
56	55	329/2	0.5		5/8	5/8	3/4	2	2	1/8		1/8	1		5	47	B2	2	726
56	55	329/2	0.5		5/8	5/8	3/4	2	2	1/8		1/8	1		2	50	D3	3	726
56	55	329/2	0.5		5/8	5/8	3/4	2	1	1/8		1/8	1		-1	53	F3	3	723
57	56	165	0.0		0	0	3/4	1	1	0	grace32	1/32	1		3	69	A4	4	727
57	56	165	1.0		0	0	3/4	2	2	1/4		1/4	1		0	48	C3	3	737
57	56	165	1.0		0	0	3/4	2	1	1/4		1/4	1		4	52	E3	3	733
57	56	165	0.25		0	0	3/4	1	1	1/16		1/16	1		1	67	G4	4	728
57	56	661/4	0.25		1/16	1/16	3/4	1	1	1/16		1/16	1		6	66	F#4	4	729
57	56	331/2	0.25		1/8	1/8	3/4	1	1	1/16		1/16	1		1	67	G4	4	730
57	56	663/4	0.25		3/16	3/16	3/4	1	1	1/16		1/16	1		4	76	E5	5	731
57	56	166	1.0		1/4	1/4	3/4	1	1	1/4		1/4	1		1	67	G4	4	732
57	56	333/2	0.5		3/8	3/8	3/4	2	2	1/8		1/8	1		0	48	C3	3	738
57	56	333/2	0.5		3/8	3/8	3/4	2	1	1/8		1/8	1		4	52	E3	3	734
57	56	167	0.5		1/2	1/2	3/4	2	2	1/8		1/8	1		0	48	C3	3	739
57	56	167	0.5		1/2	1/2	3/4	2	1	1/8		1/8	1		4	52	E3	3	735
57	56	335/2	0.5		5/8	5/8	3/4	2	2	1/8		1/8	1		0	48	C3	3	740
57	56	335/2	0.5		5/8	5/8	3/4	2	1	1/8		1/8	1		4	52	E3	3	736
58	57	168	0.0		0	0	3/4	1	1	0	grace32	1/32	1		3	69	A4	4	741
58	57	168	1.0		0	0	3/4	2	2	1/4		1/4	1		2	50	D3	3	751
58	57	168	1.0		0	0	3/4	2	1	1/4		1/4	1		-1	53	F3	3	747
58	57	168	0.25		0	0	3/4	1	1	1/16		1/16	1		1	67	G4	4	742
58	57	673/4	0.25		1/16	1/16	3/4	1	1	1/16		1/16	1		6	66	F#4	4	743
58	57	337/2	0.25		1/8	1/8	3/4	1	1	1/16		1/16	1		1	67	G4	4	744
58	57	675/4	0.25		3/16	3/16	3/4	1	1	1/16		1/16	1		5	71	B4	4	745
58	57	169	1.0		1/4	1/4	3/4	1	1	1/4		1/4	1		1	67	G4	4	746
58	57	339/2	0.5		3/8	3/8	3/4	2	2	1/8		1/8	1		2	50	D3	3	752
58	57	339/2	0.5		3/8	3/8	3/4	2	1	1/8		1/8	1		5	59	B3	3	748
58	57	170	0.5		1/2	1/2	3/4	2	2	1/8		1/8	1		2	50	D3	3	753
58	57	170	0.5		1/2	1/2	3/4	2	1	1/8		1/8	1		5	59	B3	3	749
58	57	341/2	0.5		5/8	5/8	3/4	2	2	1/8		1/8	1		-1	53	F3	3	754
58	57	341/2	0.5		5/8	5/8	3/4	2	1	1/8		1/8	1		5	59	B3	3	750
59	58	171	0.0		0	0	3/4	1	1	0	grace32	1/32	1		3	69	A4	4	755
59	58	171	1.0		0	0	3/4	2	2	1/4		1/4	1		4	52	E3	3	768
59	58	171	1.0		0	0	3/4	2	1	1/4		1/4	1		0	60	C4	4	764
59	58	171	0.25		0	0	3/4	1	1	1/16		1/16	1		1	67	G4	4	756
59	58	685/4	0.25		1/16	1/16	3/4	1	1	1/16		1/16	1		6	66	F#4	4	757
59	58	343/2	0.25		1/8	1/8	3/4	1	1	1/16		1/16	1		1	67	G4	4	758
59	58	687/4	0.25		3/16	3/16	3/4	1	1	1/16		1/16	1		0	72	C5	5	759
59	58	172	0.5		1/4	1/4	3/4	1	1	1/8		1/8	1		1	67	G4	4	760
59	58	345/2	0.5		3/8	3/8	3/4	2	2	1/8		1/8	1		4	52	E3	3	769
59	58	345/2	0.5		3/8	3/8	3/4	2	1	1/8		1/8	1		0	60	C4	4	765
59	58	691/4	0.25		7/16	7/16	3/4	1	1	1/16		1/16	1		0	72	C5	5	761
59	58	173	0.0		1/2	1/2	3/4	1	1	0	appoggiatura	1/8	1		-2	70	Bb4	4	762
59	58	173	0.5		1/2	1/2	3/4	2	2	1/8		1/8	1		-1	53	F3	3	770
59	58	173	0.5		1/2	1/2	3/4	2	1	1/8		1/8	1		0	60	C4	4	766
59	58	173	1.0		1/2	1/2	3/4	1	1	1/4		1/4	1		3	69	A4	4	763
59	58	347/2	0.5		5/8	5/8	3/4	2	2	1/8		1/8	1		-1	53	F3	3	771
59	58	347/2	0.5		5/8	5/8	3/4	2	1	1/8		1/8	1		5	59	B3	3	767
60	59	174	1.0		0	0	3/4	2	2	1/4		1/4	1		4	52	E3	3	785
60	59	174	1.0		0	0	3/4	2	1	1/4		1/4	1		0	60	C4	4	783
60	59	697/4	0.25		1/16	1/16	3/4	1	1	1/16		1/16	1		1	67	G4	4	772
60	59	349/2	0.25		1/8	1/8	3/4	1	1	1/16		1/16	1		3	69	A4	4	773
60	59	699/4	0.25		3/16	3/16	3/4	1	1	1/16		1/16	1		5	71	B4	4	774
60	59	175	1.0		1/4	1/4	3/4	2	2	1/4		1/4	1		4	52	E3	3	786
60	59	175	1.0		1/4	1/4	3/4	2	1	1/4		1/4	1		1	55	G3	3	784
60	59	175	0.25		1/4	1/4	3/4	1	1	1/16		1/16	1		0	72	C5	5	775
60	59	701/4	0.25		5/16	5/16	3/4	1	1	1/16		1/16	1		2	74	D5	5	776
60	59	351/2	0.25		3/8	3/8	3/4	1	1	1/16		1/16	1		4	76	E5	5	777
60	59	703/4	0.25		7/16	7/16	3/4	1	1	1/16		1/16	1		-1	77	F5	5	778
60	59	176	0.25		1/2	1/2	3/4	1	1	1/16		1/16	1		1	79	G5	5	779
60	59	705/4	0.25		9/16	9/16	3/4	1	1	1/16		1/16	1		4	76	E5	5	780
60	59	353/2	0.25		5/8	5/8	3/4	1	1	1/16		1/16	1		0	72	C5	5	781
60	59	707/4	0.25		11/16	11/16	3/4	1	1	1/16		1/16	1		-2	70	Bb4	4	782
61	60	177	1.0		0	0	3/4	2	1	1/4		1/4	1		-1	53	F3	3	798
61	60	177	1.0		0	0	3/4	2	2	1/4		1/4	1		-1	53	F3	3	800
61	60	709/4	0.25		1/16	1/16	3/4	1	1	1/16		1/16	1		3	69	A4	4	787
61	60	355/2	0.25		1/8	1/8	3/4	1	1	1/16		1/16	1		5	71	B4	4	788
61	60	711/4	0.25		3/16	3/16	3/4	1	1	1/16		1/16	1		7	73	C#5	5	789
61	60	178	1.0		1/4	1/4	3/4	2	2	1/4		1/4	1		-1	53	F3	3	801
61	60	178	1.0		1/4	1/4	3/4	2	1	1/4		1/4	1		3	57	A3	3	799
61	60	178	0.25		1/4	1/4	3/4	1	1	1/16		1/16	1		2	74	D5	5	790
61	60	713/4	0.25		5/16	5/16	3/4	1	1	1/16		1/16	1		4	76	E5	5	791
61	60	357/2	0.25		3/8	3/8	3/4	1	1	1/16		1/16	1		-1	77	F5	5	792
61	60	715/4	0.25		7/16	7/16	3/4	1	1	1/16		1/16	1		1	79	G5	5	793
61	60	179	0.25		1/2	1/2	3/4	1	1	1/16		1/16	1		3	81	A5	5	794
61	60	717/4	0.25		9/16	9/16	3/4	1	1	1/16		1/16	1		-1	77	F5	5	795
61	60	359/2	0.25		5/8	5/8	3/4	1	1	1/16		1/16	1		2	74	D5	5	796
61	60	719/4	0.25		11/16	11/16	3/4	1	1	1/16		1/16	1		0	72	C5	5	797
62	61	180	0.5		0	0	3/4	2	1	1/8		1/8	1		1	55	G3	3	814
62	61	180	0.5		0	0	3/4	2	2	1/8		1/8	1		1	55	G3	3	815
62	61	180	0.25		0	0	3/4	1	1	1/16		1/16	1		5	71	B4	4	802
62	61	721/4	0.25		1/16	1/16	3/4	1	1	1/16		1/16	1		2	74	D5	5	803
62	61	361/2	0.5		1/8	1/8	3/4	2	2	1/8		1/8	1		1	43	G2	2	816
62	61	361/2	0.25		1/8	1/8	3/4	1	1	1/16		1/16	1		-1	77	F5	5	804
62	61	723/4	0.25		3/16	3/16	3/4	1	1	1/16		1/16	1		4	76	E5	5	805
62	61	181	0.25		1/4	1/4	3/4	1	1	1/16		1/16	1		2	74	D5	5	806
62	61	725/4	0.25		5/16	5/16	3/4	1	1	1/16		1/16	1		-1	77	F5	5	807
62	61	363/2	0.25		3/8	3/8	3/4	1	1	1/16		1/16	1		3	81	A5	5	808
62	61	727/4	0.25		7/16	7/16	3/4	1	1	1/16		1/16	1		1	79	G5	5	809
62	61	182	0.25		1/2	1/2	3/4	1	1	1/16		1/16	1		-1	77	F5	5	810
62	61	729/4	0.25		9/16	9/16	3/4	1	1	1/16		1/16	1		4	76	E5	5	811
62	61	365/2	0.25		5/8	5/8	3/4	1	1	1/16		1/16	1		2	74	D5	5	812
62	61	731/4	0.25		11/16	11/16	3/4	1	1	1/16		1/16	1		0	72	C5	5	813
63	62	183	0.5		0	0	3/4	2	1	1/8		1/8	1		1	55	G3	3	827
63	62	183	0.25		0	0	3/4	1	1	1/16		1/16	1		5	71	B4	4	817
63	62	733/4	0.25		1/16	1/16	3/4	1	1	1/16		1/16	1		2	74	D5	5	818
63	62	367/2	0.5		1/8	1/8	3/4	2	1	1/8		1/8	1		1	43	G2	2	828
63	62	367/2	0.25		1/8	1/8	3/4	1	1	1/16		1/16	1		-1	77	F5	5	819
63	62	735/4	0.25		3/16	3/16	3/4	1	1	1/16		1/16	1		4	76	E5	5	820
63	62	184	0.25		1/4	1/4	3/4	1	1	1/16		1/16	1		2	74	D5	5	821
63	62	737/4	0.25		5/16	5/16	3/4	1	1	1/16		1/16	1		0	72	C5	5	822
63	62	369/2	0.25		3/8	3/8	3/4	1	1	1/16		1/16	1		5	71	B4	4	823
63	62	739/4	0.25		7/16	7/16	3/4	1	1	1/16		1/16	1		3	69	A4	4	824
63	62	185	0.75		1/2	1/2	3/4	1	1	3/16		1/8	3/2		1	67	G4	4	825
63	62	741/4	0.25		9/16	9/16	3/4	2	1	1/16		1/16	1		1	43	G2	2	829
63	62	371/2	0.25		5/8	5/8	3/4	2	1	1/16		1/16	1		3	45	A2	2	830
63	62	743/4	0.25		11/16	11/16	3/4	2	1	1/16		1/16	1		5	47	B2	2	831
63	62	743/4	0.25		11/16	11/16	3/4	1	1	1/16		1/16	1		-1	65	F4	4	826
64	63	186	0.0		0	0	3/4	1	1	0	grace32	1/32	1		-1	65	F4	4	832
64	63	186	1.0		0	0	3/4	2	1	1/4		1/4	1		0	48	C3	3	847
64	63	186	0.25		0	0	3/4	1	1	1/16		1/16	1		4	64	E4	4	833
64	63	745/4	0.25		1/16	1/16	3/4	1	1	1/16		1/16	1		2	62	D4	4	834
64	63	373/2	0.25		1/8	1/8	3/4	1	1	1/16		1/16	1		0	60	C4	4	835
64	63	747/4	0.25		3/16	3/16	3/4	1	1	1/16		1/16	1		3	69	A4	4	836
64	63	187	0.0		1/4	1/4	3/4	1	1	0	grace32	1/32	1		3	69	A4	4	837
64	63	187	1.0		1/4	1/4	3/4	2	1	1/4		1/4	1		4	52	E3	3	848
64	63	187	0.25		1/4	1/4	3/4	1	1	1/16		1/16	1		1	67	G4	4	838
64	63	749/4	0.25		5/16	5/16	3/4	1	1	1/16		1/16	1		-1	65	F4	4	839
64	63	375/2	0.25		3/8	3/8	3/4	1	1	1/16		1/16	1		4	64	E4	4	840
64	63	751/4	0.25		7/16	7/16	3/4	1	1	1/16		1/16	1		0	72	C5	5	841
64	63	188	0.0		1/2	1/2	3/4	1	1	0	grace32	1/32	1		0	72	C5	5	842
64	63	188	1.0		1/2	1/2	3/4	2	1	1/4		1/4	1		1	55	G3	3	849
64	63	188	0.25		1/2	1/2	3/4	1	1	1/16		1/16	1		5	71	B4	4	843
64	63	753/4	0.25		9/16	9/16	3/4	1	1	1/16		1/16	1		3	69	A4	4	844
64	63	377/2	0.25		5/8	5/8	3/4	1	1	1/16		1/16	1		1	67	G4	4	845
64	63	755/4	0.25		11/16	11/16	3/4	1	1	1/16		1/16	1		-1	77	F5	5	846
65	64	189	0.0		0	0	3/4	1	1	0	grace32	1/32	1		-1	77	F5	5	850
65	64	189	1.0		0	0	3/4	2	1	1/4		1/4	1		0	60	C4	4	857
65	64	189	0.25		0	0	3/4	1	1	1/16		1/16	1		4	76	E5	5	851
65	64	757/4	0.25		1/16	1/16	3/4	1	1	1/16		1/16	1		2	74	D5	5	852
65	64	379/2	0.25		1/8	1/8	3/4	1	1	1/16		1/16	1		0	72	C5	5	853
65	64	759/4	0.25		3/16	3/16	3/4	1	1	1/16		1/16	1		3	81	A5	5	854
65	64	190	1.0		1/4	1/4	3/4	1	1	1/4		1/4	1		1	79	G5	5	855
65	64	761/4	0.25		5/16	5/16	3/4	2	1	1/16		1/16	1		0	36	C2	2	858
65	64	381/2	0.25		3/8	3/8	3/4	2	1	1/16		1/16	1		4	40	E2	2	859
65	64	763/4	0.25		7/16	7/16	3/4	2	1	1/16		1/16	1		1	43	G2	2	860
65	64	191	0.25		1/2	1/2	3/4	2	1	1/16		1/16	1		0	48	C3	3	861
65	64	765/4	0.25		9/16	9/16	3/4	2	1	1/16		1/16	1		2	50	D3	3	862
65	64	383/2	0.25		5/8	5/8	3/4	2	1	1/16		1/16	1		4	52	E3	3	863
65	64	383/2	0.5		5/8	5/8	3/4	1	1	1/8		1/8	1		1	55	G3	3	856
65	64	767/4	0.25		11/16	11/16	3/4	2	1	1/16		1/16	1		0	48	C3	3	864
66	65	192	1.0		0	0	3/4	2	1	1/4		1/4	1		-1	53	F3	3	871
66	65	192	0.25		0	0	3/4	1	1	1/16		1/16	1		3	57	A3	3	865
66	65	769/4	0.25		1/16	1/16	3/4	1	1	1/16		1/16	1		3	69	A4	4	866
66	65	385/2	0.25		1/8	1/8	3/4	1	1	1/16		1/16	1		-1	65	F4	4	867
66	65	771/4	0.25		3/16	3/16	3/4	1	1	1/16		1/16	1		2	62	D4	4	868
66	65	193	1.0		1/4	1/4	3/4	2	1	1/4		1/4	1		1	55	G3	3	872
66	65	193	1.0		1/4	1/4	3/4	1	1	1/4		1/4	1		0	60	C4	4	869
66	65	194	1.0		1/2	1/2	3/4	2	1	1/4		1/4	1		1	43	G2	2	873
66	65	194	1.0		1/2	1/2	3/4	1	1	1/4		1/4	1		2	62	D4	4	870
67	66		0.5	1	0	0	3/4	2	1	1/8		1/8	1		0	48	C3	3	875
67	66		2.0	1	0	0	3/4	1	1	1/2		1/2	1		0	60	C4	4	874
67	66		0.25	1	1/8	1/8	3/4	2	1	1/16		1/16	1		4	52	E3	3	876
67	66		0.25	1	3/16	3/16	3/4	2	1	1/16		1/16	1		1	55	G3	3	877
67	66		0.5	1	1/4	1/4	3/4	2	1	1/8		1/8	1		0	60	C4	4	878
67	66		0.5	1	3/8	3/8	3/4	2	1	1/8		1/8	1		0	48	C3	3	879
67	66		0.5	1	1/2	1/2	3/4	2	1	1/8		1/8	1		5	47	B2	2	880
67	66		0.5	1	5/8	5/8	3/4	2	1	1/8		1/8	1		3	45	A2	2	881
68	66	195	1.0	2	0	0	3/4	2	1	1/4		1/4	1		0	48	C3	3	883
68	66	195	2.0	2	0	0	3/4	1	1	1/2		1/2	1		0	60	C4	4	882
68	66	196	1.0	2	1/4	1/4	3/4	2	1	1/4		1/4	1		0	36	C2	2	884
